agent_id,group,prior_diagnoses,prior_diagnosis_count,pre_return_pct,pre_return_above_cohort_mean,post_general_return_pct,post_personal_return_pct,personal_vs_general_bias_status,persona_user_type,persona_disposition,persona_lottery,persona_historical_return,persona_underdiversification,persona_strategy,persona_entry,news_depth,initial_cash,off_vs_pre_status,general_vs_pre_status,personalized_vs_pre_status,improvement_pattern_off_general_personal,comparison_group
A001,other_diagnosed,MDS,3,8.7305,False,19.1832,10.4718,mixed,ordinary,medium,low,high,medium,value,contrarian,1,100000000,mixed,mixed,mixed,000,none
A002,not_assessable,none,0,10.2295,True,-13.183,-3.2759,no_prior_diagnosis,ordinary,medium,low,low,low,technical,neutral,1,100000000,not_assessable,not_assessable,not_assessable,000,none
A003,other_diagnosed,MDS,3,10.8225,True,17.8899,17.1662,mixed,ordinary,high,high,high,low,technical,contrarian,0,100000000,mixed,mixed,mixed,000,none
A004,other_diagnosed,MD,2,7.0732,False,43.6342,19.8565,clear_worsening,ordinary,high,high,high,medium,technical,contrarian,1,100000000,mixed,mixed,mixed,000,none
A005,other_diagnosed,MD,2,14.82,True,12.6049,14.5702,mixed,ordinary,high,low,low,medium,technical,contrarian,0,100000000,improved,mixed,worsened,100,off_only
A006,improved,MD,2,7.5621,False,-12.9344,-6.2331,mixed,ordinary,high,low,low,low,technical,contrarian,1,100000000,improved,improved,improved,111,all_three
A007,improved,MD,2,5.3486,False,8.3959,17.0814,clear_improvement,ordinary,high,low,high,medium,technical,contrarian,1,100000000,mixed,mixed,improved,001,advice_only
A008,improved,D,1,36.6054,True,6.7568,6.6046,clear_improvement,ordinary,low,low,low,low,value,contrarian,0,1000000000,worsened,improved,improved,011,advice_only
A009,not_assessable,none,0,13.492,True,13.349,10.1038,no_prior_diagnosis,small_influencer,medium,low,medium,low,technical,momentum,1,100000000,not_assessable,not_assessable,not_assessable,000,none
A010,not_assessable,none,0,15.9684,True,-13.2532,-1.2991,no_prior_diagnosis,ordinary,low,high,low,medium,value,contrarian,0,100000000,not_assessable,not_assessable,not_assessable,000,none
A011,other_diagnosed,D,1,1.9626,False,-20.0402,-6.702,clear_improvement,ordinary,medium,medium,medium,medium,technical,contrarian,0,100000000,worsened,worsened,worsened,000,none
A012,improved,S,1,9.9052,True,-7.3177,4.9811,clear_worsening,ordinary,medium,high,high,medium,technical,momentum,1,100000000,improved,improved,improved,111,all_three
A013,other_diagnosed,MD,2,-0.5869,False,-9.0546,-15.3622,mixed,small_influencer,high,high,medium,medium,technical,contrarian,1,100000000,mixed,mixed,mixed,000,none
A014,other_diagnosed,MDS,3,8.0688,False,-6.6245,-6.1627,mixed,ordinary,medium,low,low,low,value,neutral,1,100000000,mixed,improved,mixed,010,advice_only
A015,other_diagnosed,MS,2,13.7682,True,-12.7386,-3.7572,clear_improvement,small_influencer,medium,high,low,medium,technical,contrarian,1,100000000,improved,mixed,mixed,100,off_only
A016,improved,MD,2,-3.2192,False,-2.9407,-8.7791,clear_improvement,ordinary,medium,low,medium,medium,technical,contrarian,0,100000000,mixed,worsened,improved,001,advice_only
A017,improved,S,1,-2.6598,False,16.5867,11.9945,clear_improvement,ordinary,high,low,low,medium,technical,momentum,0,100000000,unchanged,improved,improved,011,advice_only
A018,other_diagnosed,MS,2,-1.2584,False,3.8348,-0.4897,clear_worsening,ordinary,medium,low,medium,low,value,neutral,0,100000000,improved,improved,mixed,110,other_overlap
A019,improved,S,1,-1.9621,False,-6.8958,-9.7473,clear_improvement,ordinary,low,low,low,medium,value,momentum,1,100000000,improved,improved,improved,111,all_three
A020,other_diagnosed,D,1,4.1409,False,-9.6749,7.2892,clear_worsening,ordinary,medium,high,low,medium,technical,contrarian,1,100000000,worsened,worsened,worsened,000,none
A021,improved,D,1,2.1059,False,0.4784,-2.9886,clear_improvement,ordinary,low,high,medium,medium,technical,contrarian,0,100000000,worsened,improved,improved,011,advice_only
A022,other_diagnosed,DS,2,10.323,True,15.9622,21.6269,mixed,ordinary,medium,low,medium,medium,value,neutral,2,100000000,worsened,mixed,mixed,000,none
A023,other_diagnosed,MD,2,2.8308,False,-17.7748,9.6858,clear_improvement,ordinary,high,low,medium,medium,value,contrarian,2,100000000,worsened,worsened,worsened,000,none
A024,improved,D,1,-0.9093,False,14.0134,20.6624,clear_improvement,ordinary,low,high,high,low,technical,contrarian,0,100000000,worsened,worsened,improved,001,advice_only
A025,other_diagnosed,MD,2,14.7327,True,-3.5808,15.8566,clear_improvement,small_influencer,high,low,low,medium,technical,contrarian,1,1000000000,improved,worsened,worsened,100,off_only
A026,improved,MD,2,6.5632,False,12.9566,-3.1704,clear_improvement,ordinary,low,high,medium,low,technical,contrarian,1,100000000,improved,mixed,improved,101,other_overlap
A027,other_diagnosed,MDS,3,19.902,True,20.9171,21.2649,clear_improvement,ordinary,high,high,medium,medium,technical,neutral,2,100000000,mixed,mixed,mixed,000,none
A028,improved,S,1,9.9003,True,7.469,4.7024,clear_improvement,ordinary,high,low,medium,medium,technical,momentum,1,100000000,improved,improved,improved,111,all_three
A029,other_diagnosed,MS,2,25.4301,True,16.6463,5.7056,mixed,ordinary,high,high,high,medium,technical,momentum,1,100000000,mixed,mixed,mixed,000,none
A030,improved,MS,2,2.6129,False,3.7544,-7.4513,clear_improvement,ordinary,high,low,high,low,value,neutral,0,100000000,improved,improved,improved,111,all_three
A031,other_diagnosed,S,1,21.7026,True,-7.4066,-5.3318,unchanged,ordinary,medium,low,medium,medium,value,neutral,2,100000000,improved,unchanged,unchanged,100,off_only
A032,improved,D,1,-0.9805,False,-8.0858,-20.755,clear_improvement,ordinary,medium,low,low,medium,technical,contrarian,0,100000000,worsened,worsened,improved,001,advice_only
A033,improved,S,1,5.9607,False,12.683,17.7693,clear_worsening,ordinary,low,low,low,medium,technical,momentum,0,100000000,improved,improved,improved,111,all_three
A034,improved,MDS,3,24.4194,True,-10.8283,16.2117,mixed,ordinary,high,low,medium,low,value,neutral,1,100000000,mixed,mixed,improved,001,advice_only
A035,other_diagnosed,MDS,3,16.975,True,1.6157,11.6734,clear_improvement,ordinary,high,high,medium,low,technical,contrarian,1,100000000,mixed,mixed,mixed,000,none
A036,other_diagnosed,S,1,14.1414,True,12.8485,19.3536,clear_worsening,ordinary,medium,low,medium,low,technical,momentum,2,100000000,worsened,improved,worsened,010,advice_only
A037,not_assessable,none,0,-4.9941,False,-5.8902,2.2409,no_prior_diagnosis,ordinary,medium,high,low,medium,technical,neutral,1,100000000,not_assessable,not_assessable,not_assessable,000,none
A038,improved,S,1,25.378,True,-10.4005,-11.8985,unchanged,ordinary,low,low,medium,medium,value,neutral,1,1000000000,improved,improved,improved,111,all_three
A039,improved,D,1,10.4367,True,0.8539,2.6359,clear_improvement,ordinary,medium,low,low,low,technical,contrarian,0,100000000,worsened,worsened,improved,001,advice_only
A040,other_diagnosed,S,1,7.2098,False,-2.9895,-8.4111,clear_worsening,ordinary,low,low,low,low,value,neutral,1,100000000,improved,worsened,worsened,100,off_only
A041,other_diagnosed,MD,2,18.6052,True,9.6142,-4.8333,mixed,ordinary,high,low,high,medium,value,contrarian,1,100000000,worsened,worsened,mixed,000,none
A042,not_assessable,none,0,-13.6158,False,-4.6101,-7.3744,no_prior_diagnosis,ordinary,low,low,low,medium,technical,contrarian,1,1000000000,not_assessable,not_assessable,not_assessable,000,none
A043,other_diagnosed,D,1,14.6663,True,-16.7992,12.6075,clear_worsening,ordinary,medium,high,low,low,technical,contrarian,0,100000000,improved,improved,worsened,110,other_overlap
A044,other_diagnosed,MD,2,19.8614,True,-11.328,6.8497,mixed,ordinary,low,medium,medium,medium,value,contrarian,1,1000000000,mixed,worsened,mixed,000,none
A045,improved,S,1,0.2685,False,-7.8519,-9.4925,clear_improvement,ordinary,medium,low,medium,medium,technical,neutral,1,100000000,improved,improved,improved,111,all_three
A046,improved,MD,2,11.7412,True,-4.7623,13.628,clear_worsening,ordinary,low,high,medium,medium,technical,contrarian,1,1000000000,improved,improved,improved,111,all_three
A047,other_diagnosed,MS,2,9.6723,True,-7.3838,1.0841,clear_worsening,ordinary,medium,high,high,low,value,neutral,1,100000000,mixed,improved,mixed,010,advice_only
A048,other_diagnosed,S,1,4.1566,False,1.614,12.19,clear_worsening,ordinary,low,high,high,medium,technical,neutral,0,1000000000,improved,worsened,worsened,100,off_only
A049,improved,S,1,7.5426,False,-11.5736,10.9278,clear_worsening,ordinary,medium,high,high,low,technical,momentum,0,100000000,improved,improved,improved,111,all_three
A050,improved,S,1,11.3962,True,8.9307,5.5047,clear_worsening,ordinary,medium,low,medium,medium,value,neutral,1,100000000,improved,improved,improved,111,all_three
A051,other_diagnosed,MD,2,-0.3277,False,0.3225,6.3731,clear_worsening,ordinary,medium,low,medium,low,value,contrarian,1,1000000000,mixed,mixed,worsened,000,none
A052,not_assessable,none,0,3.114,False,10.1696,7.0376,no_prior_diagnosis,ordinary,low,high,medium,medium,value,neutral,0,1000000000,not_assessable,not_assessable,not_assessable,000,none
A053,other_diagnosed,MD,2,12.1249,True,16.8598,27.303,mixed,ordinary,high,low,medium,medium,technical,contrarian,2,100000000,mixed,mixed,mixed,000,none
A054,improved,S,1,1.5949,False,-7.0663,12.2915,clear_worsening,ordinary,high,low,medium,medium,technical,momentum,1,100000000,improved,improved,improved,111,all_three
A055,not_assessable,none,0,18.2517,True,-10.5289,9.8318,no_prior_diagnosis,ordinary,medium,low,high,medium,value,contrarian,2,1000000000,not_assessable,not_assessable,not_assessable,000,none
A056,other_diagnosed,MD,2,8.3012,False,11.3046,3.0591,mixed,ordinary,high,low,high,medium,value,contrarian,1,100000000,worsened,worsened,worsened,000,none
A057,improved,D,1,13.5326,True,-5.8353,6.8579,clear_worsening,ordinary,high,low,low,medium,technical,neutral,0,100000000,worsened,improved,improved,011,advice_only
A058,not_assessable,none,0,21.3513,True,6.666,21.9294,no_prior_diagnosis,ordinary,medium,low,medium,medium,value,neutral,2,1000000000,not_assessable,not_assessable,not_assessable,000,none
A059,improved,S,1,5.9486,False,28.4577,17.4066,clear_worsening,small_influencer,high,low,medium,low,technical,momentum,2,100000000,unchanged,improved,improved,011,advice_only
A060,other_diagnosed,MD,2,40.5896,True,22.5532,18.4438,clear_worsening,ordinary,high,high,low,medium,technical,contrarian,0,100000000,mixed,improved,worsened,010,advice_only
A061,improved,S,1,-7.5556,False,1.7746,8.4932,clear_worsening,ordinary,low,low,medium,low,technical,neutral,1,100000000,improved,improved,improved,111,all_three
A062,other_diagnosed,MD,2,17.1439,True,7.2565,0.1208,clear_worsening,ordinary,high,high,medium,medium,technical,contrarian,0,100000000,improved,mixed,worsened,100,off_only
A063,other_diagnosed,MDS,3,17.5713,True,-14.1799,16.4891,clear_worsening,big_influencer,low,low,high,medium,value,neutral,1,1000000000,mixed,improved,mixed,010,advice_only
A064,other_diagnosed,MD,2,-12.9787,False,0.2897,-0.1941,mixed,ordinary,low,low,medium,medium,value,contrarian,1,1000000000,mixed,mixed,mixed,000,none
A065,other_diagnosed,D,1,1.3354,False,2.8194,22.2326,clear_improvement,ordinary,low,low,low,medium,value,contrarian,1,100000000,worsened,worsened,worsened,000,none
A066,other_diagnosed,MD,2,27.9933,True,15.2697,5.3255,mixed,ordinary,high,low,high,medium,technical,neutral,1,1000000000,mixed,mixed,mixed,000,none
A067,not_assessable,none,0,2.7458,False,-19.1706,6.5394,no_prior_diagnosis,ordinary,medium,high,low,medium,technical,neutral,0,100000000,not_assessable,not_assessable,not_assessable,000,none
A068,other_diagnosed,D,1,12.5327,True,1.7769,-6.6725,clear_worsening,ordinary,low,low,high,medium,value,contrarian,0,1000000000,worsened,improved,worsened,010,advice_only
A069,other_diagnosed,D,1,6.4038,False,-7.803,5.049,clear_improvement,ordinary,low,low,high,medium,value,contrarian,1,1000000000,worsened,worsened,worsened,000,none
A070,other_diagnosed,MD,2,12.4694,True,8.6855,21.3151,mixed,ordinary,high,low,low,medium,technical,contrarian,1,100000000,mixed,mixed,mixed,000,none
A071,other_diagnosed,MD,2,22.4172,True,7.9519,37.3236,mixed,ordinary,high,low,high,low,technical,contrarian,2,100000000,mixed,mixed,worsened,000,none
A072,not_assessable,none,0,18.0579,True,8.1043,5.9342,no_prior_diagnosis,ordinary,low,low,high,low,value,contrarian,0,1000000000,not_assessable,not_assessable,not_assessable,000,none
A073,improved,S,1,1.3536,False,3.3724,1.8204,clear_worsening,ordinary,low,low,low,low,technical,momentum,2,100000000,improved,improved,improved,111,all_three
A074,improved,M,1,4.9717,False,-5.4724,0.2496,clear_improvement,ordinary,medium,low,high,medium,value,neutral,0,100000000,improved,worsened,improved,101,other_overlap
A075,not_assessable,none,0,0.8976,False,16.0767,-9.2852,no_prior_diagnosis,ordinary,low,high,low,medium,technical,contrarian,1,100000000,not_assessable,not_assessable,not_assessable,000,none
A076,not_assessable,none,0,21.7624,True,-2.911,-4.6856,no_prior_diagnosis,small_influencer,low,low,high,medium,value,contrarian,2,1000000000,not_assessable,not_assessable,not_assessable,000,none
A077,improved,MDS,3,7.7127,False,3.4457,-12.6568,mixed,ordinary,high,low,medium,medium,technical,neutral,1,100000000,mixed,mixed,improved,001,advice_only
A078,other_diagnosed,D,1,-1.735,False,8.8957,-5.7043,clear_improvement,ordinary,low,low,high,medium,value,contrarian,0,1000000000,worsened,worsened,worsened,000,none
A079,improved,S,1,2.2218,False,4.4682,9.7244,clear_improvement,ordinary,medium,low,low,medium,technical,momentum,1,100000000,improved,improved,improved,111,all_three
A080,other_diagnosed,S,1,13.818,True,2.1145,8.3445,clear_worsening,ordinary,high,low,low,low,technical,neutral,1,1000000000,improved,improved,worsened,110,other_overlap
A081,not_assessable,none,0,14.3565,True,-0.0904,-6.4105,no_prior_diagnosis,ordinary,low,high,medium,medium,technical,contrarian,0,1000000000,not_assessable,not_assessable,not_assessable,000,none
A082,improved,M,1,-0.6594,False,-14.9461,-11.3136,clear_worsening,ordinary,high,medium,low,low,technical,neutral,0,100000000,improved,improved,improved,111,all_three
A083,other_diagnosed,MD,2,17.1904,True,0.262,13.9807,mixed,ordinary,medium,low,medium,medium,value,contrarian,2,100000000,mixed,worsened,worsened,000,none
A084,other_diagnosed,D,1,21.2931,True,-3.0468,0.9543,clear_worsening,ordinary,low,high,medium,low,technical,contrarian,1,100000000,improved,improved,worsened,110,other_overlap
A085,other_diagnosed,S,1,22.9384,True,8.4904,9.9631,clear_worsening,ordinary,medium,low,high,low,value,neutral,1,100000000,improved,improved,worsened,110,other_overlap
A086,improved,D,1,5.3131,False,11.2213,-5.8554,clear_improvement,small_influencer,medium,high,low,medium,technical,contrarian,1,100000000,improved,worsened,improved,101,other_overlap
A087,other_diagnosed,MD,2,0.0444,False,-12.5669,3.381,clear_worsening,ordinary,medium,high,high,medium,technical,contrarian,1,100000000,mixed,worsened,worsened,000,none
A088,other_diagnosed,S,1,2.645,False,6.313,9.4208,clear_worsening,ordinary,high,low,low,medium,technical,momentum,0,100000000,worsened,improved,unchanged,010,advice_only
A089,improved,S,1,9.1284,False,-6.0045,16.753,clear_improvement,ordinary,medium,low,medium,medium,technical,neutral,1,1000000000,improved,improved,improved,111,all_three
A090,improved,S,1,12.443,True,-12.079,-8.1444,clear_worsening,ordinary,low,low,medium,medium,value,neutral,1,1000000000,improved,improved,improved,111,all_three
A091,improved,S,1,12.8517,True,-5.111,-10.4125,clear_improvement,ordinary,low,high,high,medium,technical,neutral,2,1000000000,improved,improved,improved,111,all_three
A092,other_diagnosed,MDS,3,6.4312,False,-21.908,13.8211,clear_worsening,ordinary,high,medium,low,medium,technical,neutral,1,100000000,mixed,mixed,mixed,000,none
A093,other_diagnosed,MDS,3,20.4934,True,-1.991,1.2415,mixed,small_influencer,low,low,high,medium,value,neutral,1,1000000000,mixed,improved,mixed,010,advice_only
A094,improved,S,1,13.1548,True,-0.7309,-1.2125,clear_worsening,ordinary,low,low,low,low,value,neutral,1,100000000,improved,improved,improved,111,all_three
A095,other_diagnosed,MS,2,-3.1896,False,7.8731,33.1504,mixed,ordinary,high,high,low,low,technical,neutral,1,100000000,mixed,mixed,mixed,000,none
A096,other_diagnosed,MD,2,9.2061,False,8.0101,10.9193,clear_worsening,ordinary,high,low,medium,low,technical,contrarian,2,100000000,mixed,mixed,worsened,000,none
A097,improved,S,1,4.6016,False,-6.2937,4.6889,clear_worsening,ordinary,low,medium,low,medium,value,contrarian,1,1000000000,improved,improved,improved,111,all_three
A098,improved,S,1,9.1432,False,11.6448,16.6391,clear_worsening,ordinary,medium,low,high,medium,value,momentum,1,100000000,improved,improved,improved,111,all_three
A099,not_assessable,none,0,-6.9315,False,-13.2728,-8.9221,no_prior_diagnosis,ordinary,low,low,high,medium,value,neutral,0,1000000000,not_assessable,not_assessable,not_assessable,000,none
A100,other_diagnosed,M,1,4.3489,False,-11.3418,14.6168,clear_improvement,ordinary,medium,medium,high,low,value,contrarian,1,100000000,worsened,worsened,worsened,000,none
