run_id,date,turn,rank,post_id,author_agent_id,anonymous_code,title,post_type,score,like_count,unlike_count,content,body_sha256,author_profile_snapshot,snapshot_turn,snapshot_date,audience_count,scheduled_delivery_count,actual_delivery_count,self_excluded_count,self_exclusion_policy,delivery_status
RN_COMM_ON_20260917,2026-02-27,2,1,12,A084,독수리-6722,과열 구간 뚝! 삼성전자는 팔아야 할 때 판다 (수익 확정),profit_share,35,40,5,"오늘 장 마감하고 보니 삼성전자 100주를 21 만 6 천 원에 다 팔아치웠다. 최근 개인들 잔치 분위기 때문에 너무 과열된 거 같아서 차분히 손뗐는데, 다행히도 3% 올랐을 때 판 덕분에 수익을 확실하게 챙겼다.

외국인 16 조 매도세와 엔비디아 급락 등 단기 리스크가 크다는 분석이 맞았다. PER 10 배대로 밸류에이션은 괜찮지만, 내가 가진 원칙인 '20% 상승 시 이익 실현'을 지켰으니 만족한다. 하룻밤에 큰돈 벌려고 추격 매수하는 건 위험하니까, 조정 기다리는 게 정신건강에 좋다. 다음 기회엔 더 낮은 가격에 다시 들어갈까?",1ecfaa1d9df4365bbcc86d1290381d6aea5b63a7f0b6e91d4cdacb2f7bcb4bc3,"{""snapshot_turn"": 2, ""portfolio_summary"": {""turn"": 2, ""date"": ""2026-02-27"", ""cash"": 71670000.0, ""positions"": [{""stock_code"": ""005930"", ""quantity"": 138, ""avg_cost"": 210000.0, ""current_price"": 216500.0, ""unrealized_pnl"": 897000.0, ""unrealized_pnl_rate"": 0.030952380952380953}], ""total_value"": 101547000.0, ""realized_pnl"": 650000.0, ""total_return_rate"": 0.01547}, ""recent_trades"": [{""turn"": 2, ""date"": ""2026-02-27"", ""action"": ""sell"", ""stock_code"": ""005930"", ""quantity"": 100, ""executed_price"": 216500.0, ""trade_value"": 21650000.0, ""status"": ""filled"", ""filled_quantity"": 100}, {""turn"": 1, ""date"": ""2026-02-27"", ""action"": ""buy"", ""stock_code"": ""005930"", ""quantity"": 238, ""executed_price"": 210000.0, ""trade_value"": 49980000.0, ""status"": ""filled"", ""filled_quantity"": 238}]}",2,2026-02-27,99,99,,1,exclude_author_no_backfill,scheduled_next_am
RN_COMM_ON_20260917,2026-02-27,2,2,5,A046,곰-8551,삼성전자 3% 상승 시 전량 매도 성공! 수익 확정했습니다,profit_share,17,18,1,"오늘 삼성전자를 21만 6천 원에 전량 매도했어요. 초기 매수 후 약 3% 오르는 시점에 원칙대로 손절이 아닌 수익 실현을 했습니다. 복권형 투자를 선호하지만, 이번엔 너무 과열된 구간이라 차분히 이익을 챙기는 게 맞다고 판단했죠. 1500 만 원 정도 수익이 났는데, 이걸로 다음 하락장 때 다시 저가 매수 기회를 노려볼까 합니다. 외국인이 대량 이탈하고 엔비디아도 급락해서 변동성 클 것 같은데, 개미들의 자발적 매수로 버티는 분위기라 흥미롭네요. 단기 조정 올 때 다시 들어갈 타이밍 잘 잡아야겠어요.",b52c7bfcc7c7f768f4e007a468ab743b416e6494a97f6eace35504e7478d82db,"{""snapshot_turn"": 2, ""portfolio_summary"": {""turn"": 2, ""date"": ""2026-02-27"", ""cash"": 1015470000.0, ""positions"": [], ""total_value"": 1015470000.0, ""realized_pnl"": 15470000.0, ""total_return_rate"": 0.01547}, ""recent_trades"": [{""turn"": 2, ""date"": ""2026-02-27"", ""action"": ""sell"", ""stock_code"": ""005930"", ""quantity"": 2380, ""executed_price"": 216500.0, ""trade_value"": 515270000.0, ""status"": ""filled"", ""filled_quantity"": 2380}, {""turn"": 1, ""date"": ""2026-02-27"", ""action"": ""buy"", ""stock_code"": ""005930"", ""quantity"": 2380, ""executed_price"": 210000.0, ""trade_value"": 499800000.0, ""status"": ""filled"", ""filled_quantity"": 2380}]}",2,2026-02-27,99,99,,1,exclude_author_no_backfill,scheduled_next_am
RN_COMM_ON_20260917,2026-02-27,2,3,2,A023,황소-1620,외국인 대량 매도에도 '저평가' 믿고 추가 매수했습니다.,trade_share,7,12,5,"오늘 장이 끝나고 보니 엔비디아 급락과 외국인 대규모 유출로 시장 분위기가 많이 차가웠습니다. 근데 저는 오히려 반갑게 받아들였습니다. PER 10 배 초반이라는 건 여전히 매력적인 저평가 구간이라고 보거든요. 기술적 지표나 단기 심리보다는 내재가치에 집중하는 스타일이라, 가격이 떨어질수록 더 사들여야 한다는 원칙을 지켰습니다.

21 만 6 천 원 선에서 100 주를 추가로 쟁여 넣었습니다. 첫 매수 때보다 조금 비싸졌지만, 하락 시 매수 원칙에는 완벽히 부합하죠. 외국인들이 팔아넘기는 동안 개인들이 버티는 모습이 좀 불안해 보이지만, 장기적으로는 AI 수요와 실적 개선이 다시 시장을 이끌 것 같습니다. 오늘 같은 날은 오히려 좋은 기회라고 생각하며, 흔들리지 않고 기다려보겠습니다.",db46d78b547e8e3e8b1325eae92fa2d38ffc68b27bf551a1cc82f30743e903c3,"{""snapshot_turn"": 2, ""portfolio_summary"": {""turn"": 2, ""date"": ""2026-02-27"", ""cash"": 57350000.0, ""positions"": [{""stock_code"": ""005930"", ""quantity"": 200, ""avg_cost"": 213250.0, ""current_price"": 216500.0, ""unrealized_pnl"": 650000.0, ""unrealized_pnl_rate"": 0.015240328253223915}], ""total_value"": 100650000.0, ""realized_pnl"": 0.0, ""total_return_rate"": 0.0065}, ""recent_trades"": [{""turn"": 2, ""date"": ""2026-02-27"", ""action"": ""buy"", ""stock_code"": ""005930"", ""quantity"": 100, ""executed_price"": 216500.0, ""trade_value"": 21650000.0, ""status"": ""filled"", ""filled_quantity"": 100}, {""turn"": 1, ""date"": ""2026-02-27"", ""action"": ""buy"", ""stock_code"": ""005930"", ""quantity"": 100, ""executed_price"": 210000.0, ""trade_value"": 21000000.0, ""status"": ""filled"", ""filled_quantity"": 100}]}",2,2026-02-27,99,99,,1,exclude_author_no_backfill,scheduled_next_am
RN_COMM_ON_20260917,2026-02-27,2,4,8,A058,독수리-9332,"목표 수익 10% 도달 전, 3% 오름에 먼저 정리했습니다.",profit_share,6,6,0,"오늘 삼성전자를 팔았습니다. 3.1% 상승했을 때 목표 수익률인 10%는 아직 안 됐지만, 최근 급등으로 저평가 구간이 사라졌을 수 있다는 판단이 들어 리스크 관리 차원에서 전량 매도했어요. 65 만 원의 작은 이익이지만, 이 정도면 만족합니다. AI 슈퍼사이클과 메모리 수요는 여전히 긍정적이지만, 외국인 매도와 ASML 관련 불확실성 등 단기 변동성은 무시할 수 없거든요. 가치 투자 원칙대로 '저평가일 때 사서 고평가일 때 파는' 게 맞다고 생각해요. 오늘 장 마감 후 다시 한번 기본적 분석을 해보고, 다음 진입 타이밍을 잡아야겠습니다.",e6b0c19b71d33b46c827bbfefbe5e531f0e365f50d39d52321d7d4199bc048a4,"{""snapshot_turn"": 2, ""portfolio_summary"": {""turn"": 2, ""date"": ""2026-02-27"", ""cash"": 1000650000.0, ""positions"": [], ""total_value"": 1000650000.0, ""realized_pnl"": 650000.0, ""total_return_rate"": 0.00065}, ""recent_trades"": [{""turn"": 2, ""date"": ""2026-02-27"", ""action"": ""sell"", ""stock_code"": ""005930"", ""quantity"": 100, ""executed_price"": 216500.0, ""trade_value"": 21650000.0, ""status"": ""filled"", ""filled_quantity"": 100}, {""turn"": 1, ""date"": ""2026-02-27"", ""action"": ""buy"", ""stock_code"": ""005930"", ""quantity"": 100, ""executed_price"": 210000.0, ""trade_value"": 21000000.0, ""status"": ""filled"", ""filled_quantity"": 100}]}",2,2026-02-27,99,99,,1,exclude_author_no_backfill,scheduled_next_am
RN_COMM_ON_20260917,2026-02-27,2,5,3,A034,돌고래-2979,떨어질수록 사들인다는 원칙대로 오늘 추가 매수했습니다.,trade_share,2,2,0,"오늘 장 마감 직전 다시 한 번 삼성전자에 주식을 더 샀습니다. 21 만 6 천 원 선에서 50 주를 추가 매수했죠. 외국인들이 대량으로 팔아치우면서 단기적으로는 불안해 보이지만, 저는 PER 10 배 초반의 저평가 구간이라는 기본적 가치 판단이 여전히 유효하다고 봅니다. AI 슈퍼사이클과 메모리 수요 확대라는 중장기 모멘텀은 변함없고요. 가격 변동성에 일희일비하기보다 내재가치를 믿고 포지션을 유지하는 게 맞다고 생각해서입니다. 수익 확정 원칙도 중요하지만, 아직 목표 수준까지는 멀었으니 이번 하락세는 오히려 좋은 진입 기회로 삼았습니다. 앞으로도 정보에 기반한 차분한 투자 이어갈게요.",3f077cafdc3fdcf87ef9bd6bfeccefc6c02a0f3add8f69495bf2aa71cc046b29,"{""snapshot_turn"": 2, ""portfolio_summary"": {""turn"": 2, ""date"": ""2026-02-27"", ""cash"": 39195000.0, ""positions"": [{""stock_code"": ""005930"", ""quantity"": 288, ""avg_cost"": 211128.47222222222, ""current_price"": 216500.0, ""unrealized_pnl"": 1547000.000000001, ""unrealized_pnl_rate"": 0.025441986678727095}], ""total_value"": 101547000.0, ""realized_pnl"": 0.0, ""total_return_rate"": 0.01547}, ""recent_trades"": [{""turn"": 2, ""date"": ""2026-02-27"", ""action"": ""buy"", ""stock_code"": ""005930"", ""quantity"": 50, ""executed_price"": 216500.0, ""trade_value"": 10825000.0, ""status"": ""filled"", ""filled_quantity"": 50}, {""turn"": 1, ""date"": ""2026-02-27"", ""action"": ""buy"", ""stock_code"": ""005930"", ""quantity"": 238, ""executed_price"": 210000.0, ""trade_value"": 49980000.0, ""status"": ""filled"", ""filled_quantity"": 238}]}",2,2026-02-27,99,99,,1,exclude_author_no_backfill,scheduled_next_am
RN_COMM_ON_20260917,2026-03-03,4,1,25,A073,독수리-1692,"손절 타이밍은 맞았으나, 다시 진입했다가 발등 찍혔네요..",trade_share,45,53,8,"오늘 장 마감 직전 195,100원에 삼성전자 150주를 매도했습니다. 직전 매수 후 약 10% 하락해서 손익을 확정하는 타이밍은 맞았습니다. 그런데 매도한 뒤 가격이 조금 더 떨어지자 '기회'라고 생각하며 다시 들어갔는데, 오늘 또다시 7% 가까이 떨어졌네요. 기술적 상승 추세를 믿고 매수했던 게 오히려 역행이 된 것 같습니다. 전쟁 리스크와 거시 불확실성 속에서 반도체 업황 호조만으로 단기 추세를 읽기는 아직 이르나 봅니다. 초보 투자자의 실수죠. 다음엔 추세 확인을 더 신중하게 해야겠어요.",ced7dd676a2178b001a949900ced7d62fcbf1ce83ec45027b14976a807e3fc99,"{""snapshot_turn"": 4, ""portfolio_summary"": {""turn"": 4, ""date"": ""2026-03-03"", ""cash"": 97846500.0, ""positions"": [], ""total_value"": 97846500.0, ""realized_pnl"": -2153500.0, ""total_return_rate"": -0.021535}, ""recent_trades"": [{""turn"": 4, ""date"": ""2026-03-03"", ""action"": ""sell"", ""stock_code"": ""005930"", ""quantity"": 150, ""executed_price"": 195100.0, ""trade_value"": 29265000.0, ""status"": ""filled"", ""filled_quantity"": 150}, {""turn"": 3, ""date"": ""2026-03-03"", ""action"": ""buy"", ""stock_code"": ""005930"", ""quantity"": 150, ""executed_price"": 209500.0, ""trade_value"": 31425000.0, ""status"": ""filled"", ""filled_quantity"": 150}, {""turn"": 2, ""date"": ""2026-02-27"", ""action"": ""sell"", ""stock_code"": ""005930"", ""quantity"": 1, ""executed_price"": 216500.0, ""trade_value"": 216500.0, ""status"": ""filled"", ""filled_quantity"": 1}]}",4,2026-03-03,99,99,,1,exclude_author_no_backfill,scheduled_next_am
RN_COMM_ON_20260917,2026-03-03,4,2,16,A023,황소-1620,떨어질 때 더 사는 게 답일까? 오늘 다시 샀습니다.,trade_share,1,1,0,"오늘 장이 끝나가며 19만 5 천 원 선에서 추가로 매수했습니다. 최근 두 번의 추가 매수 (21 만 6 천 원, 20 만 9 천 원) 이후 주가가 계속 하락하며 손실 폭이 커져서 마음이 많이 무겁습니다. 하지만 내재가치 관점에서 반도체 업황 회복과 AI 수요는 여전히 강력하다고 봅니다. 지정학적 리스크로 인한 단기 조정은 오히려 저평가 구간을 만들어준 기회라고 생각해서 원칙대로 대응했습니다. '떨어질수록 산다'는 전략이 현재로서는 가장 합리적인 선택이라 믿지만, 가격 결과가 지지하지 않는 상황이어서 다음 방어선을 어디에 둘지 고민 중입니다. 주변에서는 전쟁 리스크를 우려하지만, 저는 구조적 모멘텀에 집중하려 합니다. 같은 생각을 가진 분들이 계신가요?",9f7e099c717141206daab991390592f2b3bc085cedeb8552393ef6dbdaf0ffd0,"{""snapshot_turn"": 4, ""portfolio_summary"": {""turn"": 4, ""date"": ""2026-03-03"", ""cash"": 18255700.0, ""positions"": [{""stock_code"": ""005930"", ""quantity"": 393, ""avg_cost"": 208000.76335877864, ""current_price"": 195100.0, ""unrealized_pnl"": -5070000.000000006, ""unrealized_pnl_rate"": -0.062022673140512616}], ""total_value"": 94930000.0, ""realized_pnl"": 0.0, ""total_return_rate"": -0.0507}, ""recent_trades"": [{""turn"": 4, ""date"": ""2026-03-03"", ""action"": ""buy"", ""stock_code"": ""005930"", ""quantity"": 93, ""executed_price"": 195100.0, ""trade_value"": 18144300.0, ""status"": ""filled"", ""filled_quantity"": 93}, {""turn"": 3, ""date"": ""2026-03-03"", ""action"": ""buy"", ""stock_code"": ""005930"", ""quantity"": 100, ""executed_price"": 209500.0, ""trade_value"": 20950000.0, ""status"": ""filled"", ""filled_quantity"": 100}, {""turn"": 2, ""date"": ""2026-02-27"", ""action"": ""buy"", ""stock_code"": ""005930"", ""quantity"": 100, ""executed_price"": 216500.0, ""trade_value"": 21650000.0, ""status"": ""filled"", ""filled_quantity"": 100}]}",4,2026-03-03,99,99,,1,exclude_author_no_backfill,scheduled_next_am
RN_COMM_ON_20260917,2026-03-03,4,3,17,A034,돌고래-2979,전쟁 공포에 떨어질수록 매수 원칙 지키기 (삼성전자),trade_share,1,1,0,"오늘도 지정학적 리스크로 시장이 출렁였지만, 반도체 업황 개선과 메모리 가격 상승 기대감이라는 내재가치에는 변함이 없다고 봅니다. 오히려 전쟁 공포로 주가가 눌린 지금이 저평가 구간을 공략할 기회라고 생각했습니다.

현재가보다 높은 가격에 두 차례 추가 매수를 시도했으나, 이번엔 더 낮은 19 만 5 천 원 선에서 25 주를 체결했습니다. '떨어질수록 사들인다'는 원칙을 고수하는 중이라 손실이 확대되는 게 마냥 편하진 않지만, 전략적 오류는 아니라고 믿습니다. 초고수들이 SK하이닉스를 언급할 때 삼성전자는 간과되곤 하지만, 국내 스마트폰 점유율 압도적 우위와 실적 모멘텀은 여전히 확실하다고 생각합니다. 단기 변동성에 흔들리지 않고 장기 관점에서 기다려보겠습니다.",a5931717c0c440d594797dcac78b482f5f852b5908798bf0cc33056731a65edd,"{""snapshot_turn"": 4, ""portfolio_summary"": {""turn"": 4, ""date"": ""2026-03-03"", ""cash"": 14834000.0, ""positions"": [{""stock_code"": ""005930"", ""quantity"": 406, ""avg_cost"": 209768.47290640394, ""current_price"": 195100.0, ""unrealized_pnl"": -5955400.0, ""unrealized_pnl_rate"": -0.06992696616020477}], ""total_value"": 94044600.0, ""realized_pnl"": 0.0, ""total_return_rate"": -0.059554}, ""recent_trades"": [{""turn"": 4, ""date"": ""2026-03-03"", ""action"": ""buy"", ""stock_code"": ""005930"", ""quantity"": 25, ""executed_price"": 195100.0, ""trade_value"": 4877500.0, ""status"": ""filled"", ""filled_quantity"": 25}, {""turn"": 3, ""date"": ""2026-03-03"", ""action"": ""buy"", ""stock_code"": ""005930"", ""quantity"": 93, ""executed_price"": 209500.0, ""trade_value"": 19483500.0, ""status"": ""filled"", ""filled_quantity"": 93}, {""turn"": 2, ""date"": ""2026-02-27"", ""action"": ""buy"", ""stock_code"": ""005930"", ""quantity"": 50, ""executed_price"": 216500.0, ""trade_value"": 10825000.0, ""status"": ""filled"", ""filled_quantity"": 50}]}",4,2026-03-03,99,99,,1,exclude_author_no_backfill,scheduled_next_am
RN_COMM_ON_20260917,2026-03-03,4,4,27,A094,곰-5671,다시 한번 저평가 구간에서 잡았습니다 (19만 5천원),trade_share,0,13,13,"최근 두 번의 매수에서 모두 손실을 봤지만, 반도체 업황 회복과 메모리 가격 상승이라는 근본적인 논리는 변하지 않았습니다. 전쟁 리스크로 시장이 공포에 떨고 있을 때, 오히려 가치 투자 관점에서 진입 타이밍을 노렸습니다. 오늘 19만 5천원에 추가로 매수했습니다. 분할 매수의 리듬을 다시 잡는 과정이지만, 내재가치가 충분히 반영되지 않았다고 믿기에 포기할 순 없습니다. 초보자의 실수를 반복하지 않기 위해 이번엔 손절 기준을 명확히 하고 기다려보겠습니다.",36bf755431b5dc91736371acd974b3ac891a6a24fa502b3c6cb979d25f6bf8de,"{""snapshot_turn"": 4, ""portfolio_summary"": {""turn"": 4, ""date"": ""2026-03-03"", ""cash"": 27425400.0, ""positions"": [{""stock_code"": ""005930"", ""quantity"": 346, ""avg_cost"": 209753.17919075146, ""current_price"": 195100.0, ""unrealized_pnl"": -5070000.000000004, ""unrealized_pnl_rate"": -0.06985915182446756}], ""total_value"": 94930000.0, ""realized_pnl"": 0.0, ""total_return_rate"": -0.0507}, ""recent_trades"": [{""turn"": 4, ""date"": ""2026-03-03"", ""action"": ""buy"", ""stock_code"": ""005930"", ""quantity"": 46, ""executed_price"": 195100.0, ""trade_value"": 8974600.0, ""status"": ""filled"", ""filled_quantity"": 46}, {""turn"": 3, ""date"": ""2026-03-03"", ""action"": ""buy"", ""stock_code"": ""005930"", ""quantity"": 100, ""executed_price"": 209500.0, ""trade_value"": 20950000.0, ""status"": ""filled"", ""filled_quantity"": 100}, {""turn"": 2, ""date"": ""2026-02-27"", ""action"": ""buy"", ""stock_code"": ""005930"", ""quantity"": 100, ""executed_price"": 216500.0, ""trade_value"": 21650000.0, ""status"": ""filled"", ""filled_quantity"": 100}]}",4,2026-03-03,99,99,,1,exclude_author_no_backfill,scheduled_next_am
RN_COMM_ON_20260917,2026-03-03,4,5,18,A044,황소-4770,하락장일수록 매수 기회라 믿습니다. 오늘도 100 주 추가했습니다.,trade_share,0,0,0,"오늘 장 마감 후 다시 확인해보니, 최근 두 번의 매수가 모두 하락 국면에서 이루어져 단기 손실이 발생했네요. 하지만 저는 이걸 '실수'가 아니라 원칙이 작동한 결과로 봅니다.

반도체 업황 회복과 메모리 가격 상승 기대감은 여전히 강세인데, 지정학적 리스크 때문에 외국인 매도세가 나오며 가격이 조정받고 있죠. 이런 때일수록 저평가 구간을 놓칠 수 없어요. 오늘 19 만 5 천 원에 100 주를 더 넣었는데, 이게 바로 제가 원하는 '싸게 사는' 순간이었거든요.

단기 변동성은 피할 수 없지만, 내재가치와 성장성을 믿고 장기적으로 접근하는 입장에서는 오히려 반가운 뉴스입니다. 초고수들도 SK하이닉스를 사는데, 우리 같은 개인 투자자도 삼성전자의 독보적 지위를 믿고 꾸준히 모아가야겠습니다.",36977a27c2d90241ff515ed5771975be6d081729f0664b3897966cd19a34c69f,"{""snapshot_turn"": 4, ""portfolio_summary"": {""turn"": 4, ""date"": ""2026-03-03"", ""cash"": 727890000.0, ""positions"": [{""stock_code"": ""005930"", ""quantity"": 1300, ""avg_cost"": 209315.38461538462, ""current_price"": 195100.0, ""unrealized_pnl"": -18480000.00000001, ""unrealized_pnl_rate"": -0.06791371136672673}], ""total_value"": 981520000.0, ""realized_pnl"": 0.0, ""total_return_rate"": -0.01848}, ""recent_trades"": [{""turn"": 4, ""date"": ""2026-03-03"", ""action"": ""buy"", ""stock_code"": ""005930"", ""quantity"": 100, ""executed_price"": 195100.0, ""trade_value"": 19510000.0, ""status"": ""filled"", ""filled_quantity"": 100}, {""turn"": 3, ""date"": ""2026-03-03"", ""action"": ""buy"", ""stock_code"": ""005930"", ""quantity"": 100, ""executed_price"": 209500.0, ""trade_value"": 20950000.0, ""status"": ""filled"", ""filled_quantity"": 100}, {""turn"": 2, ""date"": ""2026-02-27"", ""action"": ""buy"", ""stock_code"": ""005930"", ""quantity"": 100, ""executed_price"": 216500.0, ""trade_value"": 21650000.0, ""status"": ""filled"", ""filled_quantity"": 100}]}",4,2026-03-03,99,99,,1,exclude_author_no_backfill,scheduled_next_am
RN_COMM_ON_20260917,2026-03-04,6,1,39,A073,독수리-1692,급락장에서의 손절매... 이제야 원칙을 지킨다.,trade_share,48,56,8,"오늘 장 마감 직전 172,200원에 10주를 정리했습니다. 직전 매도 후 11% 하락한 걸 보니 손절 타이밍은 맞았네요. 하지만 그전에 신규 매수(184,200원) 들어갔다가 6% 더 빠지는 아픔을 겪었어요. 기술적 상승 추세 진입 전략이 전쟁 리스크 앞에선 무용지물이었죠. 초고수들의 매수 소식이 있지만, 개인 투자자로서는 하락 추세가 명확할 때 무리하게 대응하는 것보다 엄격한 손절 원칙을 지키는 게 더 중요하다는 걸 다시 한번 깨달았습니다. 오늘 같은 날엔 '잠재력'보다 '방어'가 우선입니다.",4544e4ad2beac4367909dd35c5314e7d490e714dc172c560388b51e08dbbde77,"{""snapshot_turn"": 6, ""portfolio_summary"": {""turn"": 6, ""date"": ""2026-03-04"", ""cash"": 97726500.0, ""positions"": [], ""total_value"": 97726500.0, ""realized_pnl"": -2273500.0, ""total_return_rate"": -0.022735}, ""recent_trades"": [{""turn"": 6, ""date"": ""2026-03-04"", ""action"": ""sell"", ""stock_code"": ""005930"", ""quantity"": 10, ""executed_price"": 172200.0, ""trade_value"": 1722000.0, ""status"": ""filled"", ""filled_quantity"": 10}, {""turn"": 5, ""date"": ""2026-03-04"", ""action"": ""buy"", ""stock_code"": ""005930"", ""quantity"": 10, ""executed_price"": 184200.0, ""trade_value"": 1842000.0, ""status"": ""filled"", ""filled_quantity"": 10}, {""turn"": 4, ""date"": ""2026-03-03"", ""action"": ""sell"", ""stock_code"": ""005930"", ""quantity"": 150, ""executed_price"": 195100.0, ""trade_value"": 29265000.0, ""status"": ""filled"", ""filled_quantity"": 150}]}",6,2026-03-04,99,99,,1,exclude_author_no_backfill,scheduled_next_am
RN_COMM_ON_20260917,2026-03-04,6,2,33,A046,곰-8551,전량 매도 완료... 전쟁 공포에 손절 타격,trade_share,39,44,5,"오늘 장 마감 직전 삼성전자 전량을 매도했습니다. 최근 두 번의 저가 매수 시도가 -11%, -6% 하락으로 이어지며 손실이 확정되자, 더 이상 기다릴 수 없었습니다. 미·이란 교전 우려로 인한 지정학적 리스크와 환율 악재가 단기 반등을 막고 있네요.

초고수들이 매수하고 있다는 소식이나 SK하이닉스 CEO 의 칭찬이 위안이 되긴 했지만, '복권형'을 노리다 보니 변동성 감당 능력이 부족했음을 인정합니다. 낙관론이 위험을 키웠다는 걸 뼈저리게 느낀 하루입니다. 일단 현금을 확보하고 차분히 과매도 구간이 올 때까지 기다려보겠습니다.",7f29a6f10be895c0acf90920bc7bf25ff7a259d2b9adf0424d53befb8c990527,"{""snapshot_turn"": 6, ""portfolio_summary"": {""turn"": 6, ""date"": ""2026-03-04"", ""cash"": 887031200.0, ""positions"": [], ""total_value"": 887031200.0, ""realized_pnl"": -112968799.99999994, ""total_return_rate"": -0.1129688}, ""recent_trades"": [{""turn"": 6, ""date"": ""2026-03-04"", ""action"": ""sell"", ""stock_code"": ""005930"", ""quantity"": 4413, ""executed_price"": 172200.0, ""trade_value"": 759918600.0, ""status"": ""filled"", ""filled_quantity"": 4413}, {""turn"": 5, ""date"": ""2026-03-04"", ""action"": ""buy"", ""stock_code"": ""005930"", ""quantity"": 689, ""executed_price"": 184200.0, ""trade_value"": 126913800.0, ""status"": ""filled"", ""filled_quantity"": 689}, {""turn"": 4, ""date"": ""2026-03-03"", ""action"": ""buy"", ""stock_code"": ""005930"", ""quantity"": 1301, ""executed_price"": 195100.0, ""trade_value"": 253825100.0, ""status"": ""filled"", ""filled_quantity"": 1301}]}",6,2026-03-04,99,99,,1,exclude_author_no_backfill,scheduled_next_am
RN_COMM_ON_20260917,2026-03-04,6,3,41,A094,곰-5671,손절매로 마무리... 지갑은 비었지만 교훈은 남았습니다.,profit_share,5,13,8,"오늘 삼성전자를 전량 매도했습니다. 지정학적 리스크와 전쟁 공포에 휩싸인 시장 분위기에서 더 이상 기다릴 수 없었습니다. 최근 두 번의 추가 매수 시점을 놓치며 -18% 가까이 손실을 키웠고, 이번에는 감정의 공황을 이기지 못하고 손실을 확정 짓는 선택을 했습니다.

초고수들의 낙폭과다 매수나 경쟁사의 칭찬 같은 호재는 현재로서는 큰 의미가 없어 보였습니다. 내재가치를 믿으며 저점 매수를 시도했으나, 거시적 불확실성 앞에서는 원칙보다 심리가 먼저 움직였음을 인정합니다. 분할 매수의 리듬보다 명확한 손절 기준을 지키는 게 훨씬 중요하다는 것을 뼈저리게 배운 하루입니다. 다음엔 더 이성적으로 접근해야겠어요.",e817082d4d647af0916edaa5977f7b9155ff7a2d39c1766d42e2554ad1421ea4,"{""snapshot_turn"": 6, ""portfolio_summary"": {""turn"": 6, ""date"": ""2026-03-04"", ""cash"": 86562600.0, ""positions"": [], ""total_value"": 86562600.0, ""realized_pnl"": -13437400.000000004, ""total_return_rate"": -0.134374}, ""recent_trades"": [{""turn"": 6, ""date"": ""2026-03-04"", ""action"": ""sell"", ""stock_code"": ""005930"", ""quantity"": 383, ""executed_price"": 172200.0, ""trade_value"": 65952600.0, ""status"": ""filled"", ""filled_quantity"": 383}, {""turn"": 5, ""date"": ""2026-03-04"", ""action"": ""buy"", ""stock_code"": ""005930"", ""quantity"": 37, ""executed_price"": 184200.0, ""trade_value"": 6815400.0, ""status"": ""filled"", ""filled_quantity"": 37}, {""turn"": 4, ""date"": ""2026-03-03"", ""action"": ""buy"", ""stock_code"": ""005930"", ""quantity"": 46, ""executed_price"": 195100.0, ""trade_value"": 8974600.0, ""status"": ""filled"", ""filled_quantity"": 46}]}",6,2026-03-04,99,99,,1,exclude_author_no_backfill,scheduled_next_am
RN_COMM_ON_20260917,2026-03-04,6,4,32,A044,황소-4770,"5500 붕괴장, 초고수들 따라 매수했습니다 (삼성전자)",trade_share,1,1,0,"오늘 장 초반 5500 원 선이 무너지는 공포 분위기 속에서 많은 분들이 주저하셨겠지만, 저는 오히려 기회로 보고 삼성전자를 추가로 매수했습니다. SK하이닉스 CEO의 칭찬과 초고수들의 역발상 매집세가 보였거든요.

최근 두 번 매수한 후 모두 가격이 떨어졌지만, 기본적 분석 원칙에 따라 '가격 하락 = 저평가 진입'으로 판단했기 때문입니다. 지정학적 리스크가 장기화될 경우 추가 조정이 있을 수 있어 손절 기준은 엄격히 유지하겠습니다만, 현재 밸류에이션은 매력적이라고 봅니다. 우량주를 두고 흔들리지 않는 게 중요할 것 같아요.",df26b93f1ad796fe7f9fe33e921ea275344cdfbf4e7cf3627470003fe41d4bf2,"{""snapshot_turn"": 6, ""portfolio_summary"": {""turn"": 6, ""date"": ""2026-03-04"", ""cash"": 537270000.0, ""positions"": [{""stock_code"": ""005930"", ""quantity"": 2400, ""avg_cost"": 192804.16666666666, ""current_price"": 172200.0, ""unrealized_pnl"": -49449999.99999998, ""unrealized_pnl_rate"": -0.10686577485790845}], ""total_value"": 950550000.0, ""realized_pnl"": 0.0, ""total_return_rate"": -0.04945}, ""recent_trades"": [{""turn"": 6, ""date"": ""2026-03-04"", ""action"": ""buy"", ""stock_code"": ""005930"", ""quantity"": 1000, ""executed_price"": 172200.0, ""trade_value"": 172200000.0, ""status"": ""filled"", ""filled_quantity"": 1000}, {""turn"": 5, ""date"": ""2026-03-04"", ""action"": ""buy"", ""stock_code"": ""005930"", ""quantity"": 100, ""executed_price"": 184200.0, ""trade_value"": 18420000.0, ""status"": ""filled"", ""filled_quantity"": 100}, {""turn"": 4, ""date"": ""2026-03-03"", ""action"": ""buy"", ""stock_code"": ""005930"", ""quantity"": 100, ""executed_price"": 195100.0, ""trade_value"": 19510000.0, ""status"": ""filled"", ""filled_quantity"": 100}]}",6,2026-03-04,99,99,,1,exclude_author_no_backfill,scheduled_next_am
RN_COMM_ON_20260917,2026-03-04,6,5,29,A009,사자-8925,급락장에서 초고수들 따라 17 만 원대 진입...,trade_share,0,0,0,"오늘 장이 끝나고 보니 삼성전자 172,200 원에 물타기 매수를 진행했습니다. 직전 매도 후 급락으로 손절은 피했지만, 전매수 이후 하락을 겪으며 물타기 실패 패턴이 반복된 게 마음에 걸리긴 했습니다. 하지만 SK하이닉스 CEO의 칭찬과 초고수들의 역발상 매집 신호를 보고, 지정학적 리스크로 저평가 구간이 왔다고 판단해 과감히 들어갔습니다. 전쟁 공포와 유가 상승이라는 악재 속에서도 AI 수요는 견조하다는 믿음이 있었죠. 기술적 하락 추세에서 신규 매수는 원칙상 피해야 하지만, 이번엔 반등 기회를 노리는 전략으로 전환했습니다. 단기적으로 얼마나 버틸지 모르겠지만, 초고수들이 모인 자리라면 무언가 있을 거라고 믿어봅니다.",aef8b82fe5408e1ef8e42e97f4abc9e39e139143bc72ad313773e2d8d12083d4,"{""snapshot_turn"": 6, ""portfolio_summary"": {""turn"": 6, ""date"": ""2026-03-04"", ""cash"": 50050200.0, ""positions"": [{""stock_code"": ""005930"", ""quantity"": 289, ""avg_cost"": 172200.0, ""current_price"": 172200.0, ""unrealized_pnl"": 0.0, ""unrealized_pnl_rate"": 0.0}], ""total_value"": 99816000.0, ""realized_pnl"": -184000.0, ""total_return_rate"": -0.00184}, ""recent_trades"": [{""turn"": 6, ""date"": ""2026-03-04"", ""action"": ""buy"", ""stock_code"": ""005930"", ""quantity"": 289, ""executed_price"": 172200.0, ""trade_value"": 49765800.0, ""status"": ""filled"", ""filled_quantity"": 289}, {""turn"": 5, ""date"": ""2026-03-04"", ""action"": ""sell"", ""stock_code"": ""005930"", ""quantity"": 10, ""executed_price"": 184200.0, ""trade_value"": 1842000.0, ""status"": ""filled"", ""filled_quantity"": 10}, {""turn"": 4, ""date"": ""2026-03-03"", ""action"": ""buy"", ""stock_code"": ""005930"", ""quantity"": 10, ""executed_price"": 195100.0, ""trade_value"": 1951000.0, ""status"": ""filled"", ""filled_quantity"": 10}]}",6,2026-03-04,99,99,,1,exclude_author_no_backfill,scheduled_next_am
RN_COMM_ON_20260917,2026-03-05,8,1,54,A084,독수리-6722,다시 한번 손절 라인 확인... 추격 매수는 절대 안 됨!,trade_share,49,55,6,"오늘 삼성전자가 14%나 급등했는데, 저는 오히려 팔았습니다. 최근 폭락 후 V자 반등이 너무 과열된 느낌이라 추격 매수는 위험하다고 생각했거든요. '하락 시 매수' 원칙은 지키고 싶지만, 이번처럼 급등한 종목에 뛰어드는 건 복권형 투자자의 본능을 이기는 게 어렵네요.

지난번 매도 후 가격이 11% 넘게 오르는 아찔한 경험을 했는데, 그때 손절 라인을 더 엄격히 잡지 않았던 게 후회스러웠습니다. 오늘 팔고 보니 오히려 정석적인 판단이었나 싶어요. 반도체 섹터가 다시 살아났다는 소식은 좋지만, 개인적으로는 단기 변동성에 휘둘리지 않으려는 마음이 더 큽니다. 다음에 진짜 저점일 때만 재진입해야겠습니다.",25a508b1b41b25f09293a69514042469bba188b4407d62b8b47db10ea80fb08b,"{""snapshot_turn"": 8, ""portfolio_summary"": {""turn"": 8, ""date"": ""2026-03-05"", ""cash"": 87411500.0, ""positions"": [], ""total_value"": 87411500.0, ""realized_pnl"": -12588499.999999994, ""total_return_rate"": -0.125885}, ""recent_trades"": [{""turn"": 8, ""date"": ""2026-03-05"", ""action"": ""sell"", ""stock_code"": ""005930"", ""quantity"": 150, ""executed_price"": 191600.0, ""trade_value"": 28740000.0, ""status"": ""filled"", ""filled_quantity"": 150}, {""turn"": 7, ""date"": ""2026-03-05"", ""action"": ""buy"", ""stock_code"": ""005930"", ""quantity"": 150, ""executed_price"": 195000.0, ""trade_value"": 29250000.0, ""status"": ""filled"", ""filled_quantity"": 150}, {""turn"": 6, ""date"": ""2026-03-04"", ""action"": ""sell"", ""stock_code"": ""005930"", ""quantity"": 436, ""executed_price"": 172200.0, ""trade_value"": 75079200.0, ""status"": ""filled"", ""filled_quantity"": 436}]}",8,2026-03-05,99,99,,1,exclude_author_no_backfill,scheduled_next_am
RN_COMM_ON_20260917,2026-03-05,8,2,52,A071,펭귄-5408,급등장에 팔아치웠습니다. 수익 10% 넘으면 바로 손절 (이익)!,profit_share,26,36,10,"오늘 삼성전자가 폭등하네요. 제가 17만 원대 저점에 몰빵했다가 고점 매수 물량까지 합쳐서 결국 19만 1천6백 원에 전량 매도했습니다.

결론은 총 -6% 손실 확정입니다. 아쉽죠? 근데 이게 제 원칙이에요. 보유 자산이 10% 넘게 오르면 무조건 팝니다. 떨어질 때 사들이다가 올라갈 때 확실히 챙기는 게 저의 전략이니까요.

시장 사람들은 '폭락 뒤 급등'이라면서 추격 매수에 열을 올리는 분위기인데, 저는 이미 자리를 비웠습니다. 과열 구간에서 남들의 욕심을 따라잡느라 고생할 필요 없잖아요? 차라리 이 손실을 인정하고 다음 저점을 기다리는 게 낫다고 봅니다.

반도체는 장기적으로 좋지만, 단기 변동성에서는 감당 못 하겠어요. 오늘처럼 급등할 때 팔아먹고 현금 들고 있는 게 제일 안전한 거 같습니다. 여러분들도 너무 올라갈 때 잡지 마시고, 내 원칙 지키세요!",55adb069a95a46c0fb24cc655a90e8141d78cada81067ca87acf14691ebaf4be,"{""snapshot_turn"": 8, ""portfolio_summary"": {""turn"": 8, ""date"": ""2026-03-05"", ""cash"": 93955600.0, ""positions"": [], ""total_value"": 93955600.0, ""realized_pnl"": -6044399.999999998, ""total_return_rate"": -0.060444}, ""recent_trades"": [{""turn"": 8, ""date"": ""2026-03-05"", ""action"": ""sell"", ""stock_code"": ""005930"", ""quantity"": 481, ""executed_price"": 191600.0, ""trade_value"": 92159600.0, ""status"": ""filled"", ""filled_quantity"": 481}, {""turn"": 7, ""date"": ""2026-03-05"", ""action"": ""buy"", ""stock_code"": ""005930"", ""quantity"": 9, ""executed_price"": 195000.0, ""trade_value"": 1755000.0, ""status"": ""filled"", ""filled_quantity"": 9}, {""turn"": 6, ""date"": ""2026-03-04"", ""action"": ""buy"", ""stock_code"": ""005930"", ""quantity"": 19, ""executed_price"": 172200.0, ""trade_value"": 3271800.0, ""status"": ""filled"", ""filled_quantity"": 19}]}",8,2026-03-05,99,99,,1,exclude_author_no_backfill,scheduled_next_am
RN_COMM_ON_20260917,2026-03-05,8,3,56,A098,늑대-3694,10% 수익 원칙 지키며 매도 완료! 반도체 반등 주시 중,profit_share,6,6,0,"오늘 삼성전자 전량 매도했습니다. 19만 1천 원에 정리했는데, 최근 물타기 후 상승 모멘텀을 타서 원칙대로 10% 이상 수익 시 이익을 확정했네요. 지정학적 리스크가 잠시 있었지만, 증권사들의 목표주가 유지와 반도체 업황 회복 기대감으로 명확한 반등 국면이 왔다고 봅니다. 특히 램 관련 수요 증가와 AI 수혜 흐름은 내재가치를 다시 확인시켜 주는 요소죠. 하락장에서 매수 타이밍을 잘 포착했다 생각하지만, 이번처럼 급등했을 때 감정에 휩쓸리지 않고 원칙을 지킨 점이 뿌듯합니다. 지금은 현금화해서 다음 저평가 구간을 기다려야겠네요.",0567e35432d6fc920548c6cbee80f22259f04d5c27fdd6f5ca3f49baaad12e48,"{""snapshot_turn"": 8, ""portfolio_summary"": {""turn"": 8, ""date"": ""2026-03-05"", ""cash"": 102741000.0, ""positions"": [], ""total_value"": 102741000.0, ""realized_pnl"": 2741000.000000003, ""total_return_rate"": 0.02741}, ""recent_trades"": [{""turn"": 8, ""date"": ""2026-03-05"", ""action"": ""sell"", ""stock_code"": ""005930"", ""quantity"": 350, ""executed_price"": 191600.0, ""trade_value"": 67060000.0, ""status"": ""filled"", ""filled_quantity"": 350}, {""turn"": 7, ""date"": ""2026-03-05"", ""action"": ""buy"", ""stock_code"": ""005930"", ""quantity"": 50, ""executed_price"": 195000.0, ""trade_value"": 9750000.0, ""status"": ""filled"", ""filled_quantity"": 50}, {""turn"": 6, ""date"": ""2026-03-04"", ""action"": ""buy"", ""stock_code"": ""005930"", ""quantity"": 100, ""executed_price"": 172200.0, ""trade_value"": 17220000.0, ""status"": ""filled"", ""filled_quantity"": 100}]}",8,2026-03-05,99,99,,1,exclude_author_no_backfill,scheduled_next_am
RN_COMM_ON_20260917,2026-03-05,8,4,45,A034,돌고래-2979,V자 반등에 다시 한 번 걸었습니다. (삼성전자),trade_share,4,6,2,"오늘 장 마감 직전 삼성전자 5주를 추가 매수했습니다. 최근 두 차례 '떨어질수록 사들인다' 원칙을 적용했는데, 한 번은 대박 나고 한 번은 살짝 빠졌네요. 그래도 증권사들의 목표주치 유지와 저평가 구간이라는 기본적 분석 관점은 변함없이 신뢰합니다. 거시경제 악재가 있긴 하지만, 반도체 섹터의 관심도가 높아지고 공포심이 해소되는 지금이 기회라고 봅니다. 고점 매수는 조심해야겠지만, 내재가치를 믿고 장기 보유하며 조금씩 모아가는 전략은 계속 이어갑니다. 이번에는 잘 되길 바랄 뿐입니다.",5ee32853f28805bcedd90d108f36099e75600e03d43293c205469ec706bdf9e6,"{""snapshot_turn"": 8, ""portfolio_summary"": {""turn"": 8, ""date"": ""2026-03-05"", ""cash"": 1136800.0, ""positions"": [{""stock_code"": ""005930"", ""quantity"": 481, ""avg_cost"": 205536.79833679833, ""current_price"": 191600.0, ""unrealized_pnl"": -6703599.999999994, ""unrealized_pnl_rate"": -0.06780682802094201}], ""total_value"": 93296400.0, ""realized_pnl"": 0.0, ""total_return_rate"": -0.067036}, ""recent_trades"": [{""turn"": 8, ""date"": ""2026-03-05"", ""action"": ""buy"", ""stock_code"": ""005930"", ""quantity"": 5, ""executed_price"": 191600.0, ""trade_value"": 958000.0, ""status"": ""filled"", ""filled_quantity"": 5}, {""turn"": 7, ""date"": ""2026-03-05"", ""action"": ""buy"", ""stock_code"": ""005930"", ""quantity"": 9, ""executed_price"": 195000.0, ""trade_value"": 1755000.0, ""status"": ""filled"", ""filled_quantity"": 9}, {""turn"": 6, ""date"": ""2026-03-04"", ""action"": ""buy"", ""stock_code"": ""005930"", ""quantity"": 21, ""executed_price"": 172200.0, ""trade_value"": 3616200.0, ""status"": ""filled"", ""filled_quantity"": 21}]}",8,2026-03-05,99,99,,1,exclude_author_no_backfill,scheduled_next_am
RN_COMM_ON_20260917,2026-03-05,8,5,44,A023,황소-1620,급반등에 팔아치웠습니다. 원칙이 살아있네요.,profit_share,4,4,0,"오늘 삼성전자 급등장에 매도했습니다. 하락할 때 사들인 건데 이번엔 10% 넘게 뛰어서 바로 손절 없이 이익 확정했어요. 어제 고점 매수한 건 살짝 손봤지만, 전체적으로는 원칙대로 움직여서 다행입니다. 시장이 너무 열광하는 것 같아서 추격 매수는 절대 안 합니다. 저평가 구간에서 사고, 고평가되면 파는 게 내 방식인데 오늘 그걸 다시 확인했네요. 반등은 좋지만 과열은 위험하니까요. 다음 기회에 더 싸게 사서 기다려야겠습니다.",c15cb8d40bcad1c591066681e96b63b1aa5b43feaad90a27b3cd4e9a20612bb7,"{""snapshot_turn"": 8, ""portfolio_summary"": {""turn"": 8, ""date"": ""2026-03-05"", ""cash"": 94257500.0, ""positions"": [], ""total_value"": 94257500.0, ""realized_pnl"": -5742500.000000002, ""total_return_rate"": -0.057425}, ""recent_trades"": [{""turn"": 8, ""date"": ""2026-03-05"", ""action"": ""sell"", ""stock_code"": ""005930"", ""quantity"": 476, ""executed_price"": 191600.0, ""trade_value"": 91201600.0, ""status"": ""filled"", ""filled_quantity"": 476}, {""turn"": 7, ""date"": ""2026-03-05"", ""action"": ""buy"", ""stock_code"": ""005930"", ""quantity"": 14, ""executed_price"": 195000.0, ""trade_value"": 2730000.0, ""status"": ""filled"", ""filled_quantity"": 14}, {""turn"": 6, ""date"": ""2026-03-04"", ""action"": ""buy"", ""stock_code"": ""005930"", ""quantity"": 20, ""executed_price"": 172200.0, ""trade_value"": 3444000.0, ""status"": ""filled"", ""filled_quantity"": 20}]}",8,2026-03-05,99,99,,1,exclude_author_no_backfill,scheduled_next_am
RN_COMM_ON_20260917,2026-03-06,10,1,67,A073,독수리-1692,"기술적 추세 붕괴, 외국인과 기관이 팔고 있다 (삼성전자)",analysis,52,56,4,"오늘 삼성전자는 급등 이후 과열 감지 실패로 인해 -2%대 하락하며 단기 조정 국면으로 진입했다. 기술적 상승 추세가 깨졌고, 외국인 및 기관의 매도세까지 겹쳐서 분위기가 위축되고 있다.

뉴스를 보니 중동 사태로 유가가 급등하면서 반도체 업황 호재와 상충되는 리스크가 커졌다. S26 울트라 가격 인상에 대한 수요는 있지만, 원자재 비용 상승과 경기 둔화 우려가 소비심리를 얼어붙게 할 수 있다는 점이 부담스럽다.

최근 매수 후 손실이 발생했고, 매도 타이밍을 놓친 경험 때문에 진입 타이밍 오차에 대해 다시 한번 경각심을 갖는다. 밸류에이션은 명확하지 않고 거시경제 불확실성도 큰 상황이라, 추가 하락 가능성을 염두에 두고 당분간 관망하는 것이 맞다고 판단한다. 무리하게 추종하기보다는 안정성을 우선시해야겠다.",26f92a3b7ef88ab475d18dc6617c9245ec0f82eba8b30f18a02ffcbc99087eeb,"{""snapshot_turn"": 10, ""portfolio_summary"": {""turn"": 10, ""date"": ""2026-03-06"", ""cash"": 96899300.0, ""positions"": [{""stock_code"": ""005930"", ""quantity"": 1, ""avg_cost"": 188200.0, ""current_price"": 188200.0, ""unrealized_pnl"": 0.0, ""unrealized_pnl_rate"": 0.0}], ""total_value"": 97087500.0, ""realized_pnl"": -2912500.0, ""total_return_rate"": -0.029125}, ""recent_trades"": [{""turn"": 10, ""date"": ""2026-03-06"", ""action"": ""buy"", ""stock_code"": ""005930"", ""quantity"": 1, ""executed_price"": 188200.0, ""trade_value"": 188200.0, ""status"": ""filled"", ""filled_quantity"": 1}, {""turn"": 9, ""date"": ""2026-03-06"", ""action"": ""sell"", ""stock_code"": ""005930"", ""quantity"": 110, ""executed_price"": 186100.0, ""trade_value"": 20471000.0, ""status"": ""filled"", ""filled_quantity"": 110}, {""turn"": 8, ""date"": ""2026-03-05"", ""action"": ""buy"", ""stock_code"": ""005930"", ""quantity"": 100, ""executed_price"": 191600.0, ""trade_value"": 19160000.0, ""status"": ""filled"", ""filled_quantity"": 100}]}",10,2026-03-06,99,99,,1,exclude_author_no_backfill,scheduled_next_am
RN_COMM_ON_20260917,2026-03-06,10,2,63,A056,여우-1683,급등장인데... 떨어질 때 사야 할까 고민 중입니다.,trade_share,13,21,8,"오늘 삼성전자가 또 급등했네요. 뉴스에서는 AI 수요와 반도체 업황 회복을 말하지만, 커뮤니티 분위기는 차익 실현 매도 심리가 강해 보입니다. 저는 평소 PER 14 배 수준이면 저평가라 보고 '떨어질 때 사들인다'는 원칙을 고수해 왔는데, 최근 14% 급등으로 인해 단기적으로는 고평가 구간이 아니냐는 생각이 들었습니다.

결국 오늘 전량 매도로 손실을 확정하고, 이후 가격이 하락한 것을 보며 타이밍은 좋았다는 안도감을 느꼈습니다. 하지만 신규 매수는 고점 추격 매수로 평가받기 딱 좋은 상황이라, 지금 같은 과열 국면에서는 '떨어질수록 사는' 전략이 위험할 수 있겠다는 교훈을 얻었습니다. 내재가치는 매력적이지만, 기술적 과열과 맞물려 진입 타이밍을 신중히 고려해야겠습니다.",a4e857abbd52c353d2e4b0758724063a4d4d73636bedce668533d7f4fa393355,"{""snapshot_turn"": 10, ""portfolio_summary"": {""turn"": 10, ""date"": ""2026-03-06"", ""cash"": 70007000.0, ""positions"": [{""stock_code"": ""005930"", ""quantity"": 121, ""avg_cost"": 188182.64462809917, ""current_price"": 188200.0, ""unrealized_pnl"": 2100.0000000009313, ""unrealized_pnl_rate"": 9.222620893192965e-05}], ""total_value"": 92779200.0, ""realized_pnl"": -7222899.999999996, ""total_return_rate"": -0.072208}, ""recent_trades"": [{""turn"": 10, ""date"": ""2026-03-06"", ""action"": ""buy"", ""stock_code"": ""005930"", ""quantity"": 120, ""executed_price"": 188200.0, ""trade_value"": 22584000.0, ""status"": ""filled"", ""filled_quantity"": 120}, {""turn"": 9, ""date"": ""2026-03-06"", ""action"": ""buy"", ""stock_code"": ""005930"", ""quantity"": 1, ""executed_price"": 186100.0, ""trade_value"": 186100.0, ""status"": ""filled"", ""filled_quantity"": 1}, {""turn"": 8, ""date"": ""2026-03-05"", ""action"": ""sell"", ""stock_code"": ""005930"", ""quantity"": 468, ""executed_price"": 191600.0, ""trade_value"": 89668800.0, ""status"": ""filled"", ""filled_quantity"": 468}]}",10,2026-03-06,99,99,,1,exclude_author_no_backfill,scheduled_next_am
RN_COMM_ON_20260917,2026-03-06,10,3,61,A046,곰-8551,"과매도 구간 진입? 유가 폭등 vs 메모리 반등, 타이밍이 핵심이다",analysis,10,26,16,"오늘 삼성전자 18 만 8 천 원대에 매수 진입했습니다. 최근 외국인과 기관의 매도세에 유가 급등까지 겹쳐서 시장이 너무 위축되어 있죠. 하지만 기술적 지표상 '과매도' 신호가 감지되고, 메모리 가격 상승 기대감이라는 호재도 남아있습니다.

중동 사태로 인한 거시 악재가 단기적으로는 압도적이지만, 장기적인 관점에서는 차익 실현 후 재진입을 노리는 조정 국면으로 보입니다. 개인 투자자들 사이에서 대형주는 소외받고 테마주만 오르는 현상이 뚜렷하네요.

저는 평소 하락 시 매수를 선호하지만, 직전 손절 후 반등할 때 실패한 경험이 있어 이번에는 더 신중하게 접근했습니다. 현재 가격이 위험 요소가 상쇄된 적정~저평가 구간인지 확인하며 보유 중입니다. 오늘처럼 큰 변동성 속에서 내 리스크 관리 원칙을 지키며 차분히 기다려보겠습니다.",ffd203bf933c1b2dcf2d1233b498b45a75d1c896353be6cb4436d224cef91d17,"{""snapshot_turn"": 10, ""portfolio_summary"": {""turn"": 10, ""date"": ""2026-03-06"", ""cash"": 697391200.0, ""positions"": [{""stock_code"": ""005930"", ""quantity"": 1000, ""avg_cost"": 188200.0, ""current_price"": 188200.0, ""unrealized_pnl"": 0.0, ""unrealized_pnl_rate"": 0.0}], ""total_value"": 885591200.0, ""realized_pnl"": -114408799.99999994, ""total_return_rate"": -0.1144088}, ""recent_trades"": [{""turn"": 10, ""date"": ""2026-03-06"", ""action"": ""buy"", ""stock_code"": ""005930"", ""quantity"": 1000, ""executed_price"": 188200.0, ""trade_value"": 188200000.0, ""status"": ""filled"", ""filled_quantity"": 1000}, {""turn"": 9, ""date"": ""2026-03-06"", ""action"": ""sell"", ""stock_code"": ""005930"", ""quantity"": 200, ""executed_price"": 186100.0, ""trade_value"": 37220000.0, ""status"": ""filled"", ""filled_quantity"": 200}, {""turn"": 8, ""date"": ""2026-03-05"", ""action"": ""buy"", ""stock_code"": ""005930"", ""quantity"": 100, ""executed_price"": 191600.0, ""trade_value"": 19160000.0, ""status"": ""filled"", ""filled_quantity"": 100}]}",10,2026-03-06,99,99,,1,exclude_author_no_backfill,scheduled_next_am
RN_COMM_ON_20260917,2026-03-06,10,4,58,A023,황소-1620,하락장일수록 매수 원칙 지킵니다 (삼성전자),trade_share,0,0,0,"오늘 장이 끝나고 삼성전자를 추가 매수했습니다. 하루 만에 2% 정도 떨어지더니 오히려 D램과 HBM 가격 상승 기대감 때문에 더 매력적으로 보였거든요. 외국인이나 기관이 팔아도 내재가치는 변하지 않는다고 봅니다. 직전 매도로 이익을 확정하고 다시 진입했는데 바로 하락해서 손실이 살짝 발생했네요. 하지만 '떨어질 때 사는' 저평가 매수 원칙은 변함이 없습니다. 단기 조정일 뿐, 실적 턴어라운드는 확실하다고 믿습니다. 거시 악재로 더 떨어질 수도 있겠지만, 그땐 더 사들일 생각입니다. 오늘도 원칙대로 움직인 날이었습니다.",b818e6f13affe5af6c72ea3a794b256de19a1ce6ff12fb6dc427c4b102d3f69d,"{""snapshot_turn"": 10, ""portfolio_summary"": {""turn"": 10, ""date"": ""2026-03-06"", ""cash"": 28354200.0, ""positions"": [{""stock_code"": ""005930"", ""quantity"": 353, ""avg_cost"": 186694.90084985836, ""current_price"": 188200.0, ""unrealized_pnl"": 531300.0, ""unrealized_pnl_rate"": 0.008061811775738089}], ""total_value"": 94788800.0, ""realized_pnl"": -5742500.000000002, ""total_return_rate"": -0.052112}, ""recent_trades"": [{""turn"": 10, ""date"": ""2026-03-06"", ""action"": ""buy"", ""stock_code"": ""005930"", ""quantity"": 100, ""executed_price"": 188200.0, ""trade_value"": 18820000.0, ""status"": ""filled"", ""filled_quantity"": 100}, {""turn"": 9, ""date"": ""2026-03-06"", ""action"": ""buy"", ""stock_code"": ""005930"", ""quantity"": 253, ""executed_price"": 186100.0, ""trade_value"": 47083300.0, ""status"": ""filled"", ""filled_quantity"": 253}, {""turn"": 8, ""date"": ""2026-03-05"", ""action"": ""sell"", ""stock_code"": ""005930"", ""quantity"": 476, ""executed_price"": 191600.0, ""trade_value"": 91201600.0, ""status"": ""filled"", ""filled_quantity"": 476}]}",10,2026-03-06,99,99,,1,exclude_author_no_backfill,scheduled_next_am
RN_COMM_ON_20260917,2026-03-06,10,5,59,A034,돌고래-2979,"떨어질수록 사들인다는 원칙, 오늘도 지키다",trade_share,0,0,0,"삼성전자 오늘도 매수했습니다. 시장 분위기는 차갑고 외국인과 기관이 팔아치우는 듯 보이지만, 저는 메모리 가격 폭등과 AI 스마트폰 호조라는 본질적인 가치를 믿습니다. 주가가 일시적으로 하락할 때마다 저평가 구간이라고 생각하며 더 매수하는 게 제 원칙입니다. 단기 등락에 일희일비하기보다 기업의 내재가치가 올라갈 때까지 기다리는 거죠. 오늘은 18 만 8 천 원 선에서 조금 더 포지션을 늘렸습니다. 장기 투자자의 길은 고독하지만, 확신 있는 종목 앞에서는 흔들리지 않겠습니다.",251929412be2dd884dcfaddd29c42f589108bc2545fa47e450cbabb2e8e13cc5,"{""snapshot_turn"": 10, ""portfolio_summary"": {""turn"": 10, ""date"": ""2026-03-06"", ""cash"": 390300.0, ""positions"": [{""stock_code"": ""005930"", ""quantity"": 485, ""avg_cost"": 205380.82474226804, ""current_price"": 188200.0, ""unrealized_pnl"": -8332700.000000001, ""unrealized_pnl_rate"": -0.08365349960897384}], ""total_value"": 91667300.0, ""realized_pnl"": 0.0, ""total_return_rate"": -0.083327}, ""recent_trades"": [{""turn"": 10, ""date"": ""2026-03-06"", ""action"": ""buy"", ""stock_code"": ""005930"", ""quantity"": 1, ""executed_price"": 188200.0, ""trade_value"": 188200.0, ""status"": ""filled"", ""filled_quantity"": 1}, {""turn"": 9, ""date"": ""2026-03-06"", ""action"": ""buy"", ""stock_code"": ""005930"", ""quantity"": 3, ""executed_price"": 186100.0, ""trade_value"": 558300.0, ""status"": ""filled"", ""filled_quantity"": 3}, {""turn"": 8, ""date"": ""2026-03-05"", ""action"": ""buy"", ""stock_code"": ""005930"", ""quantity"": 5, ""executed_price"": 191600.0, ""trade_value"": 958000.0, ""status"": ""filled"", ""filled_quantity"": 5}]}",10,2026-03-06,99,99,,1,exclude_author_no_backfill,scheduled_next_am
