date,llm_direction,llm_matches_individuals,llm_net_raw,llm_net_max_abs,llm_net_z_score,llm_net_cumulative_max_abs,Individuals_raw,Individuals_max_abs,Individuals_z_score,Individuals_cumulative_max_abs,Subtotal-Institutions_raw,Subtotal-Institutions_max_abs,Subtotal-Institutions_z_score,Subtotal-Institutions_cumulative_max_abs,Total of foreign_raw,Total of foreign_max_abs,Total of foreign_z_score,Total of foreign_cumulative_max_abs,Other corporations_raw,Other corporations_max_abs,Other corporations_z_score,Other corporations_cumulative_max_abs
2026-05-11,net_sell,0,-33775.0,-1.0,-2.117033921890031,-0.7897628957583127,6163844.0,0.6009199650669871,0.549773000997878,0.15726530652546858,1599184.0,0.5704450707480959,0.3445361904102415,0.1392814808298793,-7997922.0,-0.863422370630312,-0.7740509673979417,-0.1629605481053614,234894.0,0.6720262294331547,0.9139204187645117,0.23215916503587736
2026-05-12,net_buy,1,6933.0,0.2052701702442635,0.769659683128321,-0.6276481316934013,7805001.0,0.760918175130292,0.9139866774202925,0.35640335653072325,-78144.0,-0.027874753379560583,-0.8549741239187013,0.13247550225707586,-7824233.0,-0.8446716291086508,-0.7308949738841157,-0.32238212013170225,97376.0,0.27859045406559074,0.10948124752515602,0.32840143114115716
2026-05-13,net_buy,1,4321.0,0.12793486306439675,0.5844370316517578,-0.5266099237712202,3734208.0,0.364052065709785,0.010576166125742265,0.45167853963883836,1642009.0,0.5857211804107659,0.3751617026601634,0.27548684119993,-5675844.0,-0.6127404945694435,-0.1970910959806503,-0.4380294906862697,299627.0,0.8572258254632636,1.2925891084766745,0.6245399197453992
2026-05-14,net_sell,1,-16708.0,-0.4946854182087343,-0.906775502000864,-0.9172941121451621,-1040591.0,-0.10144836685824969,-1.0490708377672848,0.42512873361152104,260989.0,0.09309741003503963,-0.6124493872963368,0.2982177679727775,757349.0,0.08176024584567043,1.40134539326847,-0.42259823139828867,22253.0,0.06366531151743336,-0.32996583475508445,0.6465338314653383
2026-05-15,net_buy,1,11591.0,0.34318282753515916,1.0999686841152396,-0.6462610484964691,10257346.0,1.0,1.4582232058609756,0.6868363081101276,-1529944.0,-0.5457464640220419,-1.8932022309691763,0.16496676877144179,-8855741.0,-0.9560289395055428,-0.9871907240897106,-0.6030371513126266,128339.0,0.3671748714706278,0.2906055371387642,0.7733786000909288
2026-05-18,net_sell,0,-7884.0,-0.23342709104367135,-0.28104629961602723,-0.8306131038675584,1689597.0,0.16472067920883238,-0.4431740169242093,0.7299449575356342,2803397.0,1.0,1.2057070014555464,0.4091295952592262,-4486093.0,-0.48429992852243975,0.09852282567856778,-0.6944429157263862,-6901.0,-0.019743599280178294,-0.5005080154027973,0.7665579473798652
2026-05-19,net_buy,1,14026.0,0.4152775721687639,1.2726398772030771,-0.5026422859280737,7818601.0,0.7622440541637183,0.9170048566678263,0.9294300001268054,1418906.0,0.5061380888971487,0.2156136895954974,0.5327097016374795,-9263047.0,-1.0,-1.0883928445126643,-0.8831808424335639,25540.0,0.07306934148902386,-0.31073786782810936,0.791800589060863
2026-05-20,net_sell,0,-14071.0,-0.4166099185788305,-0.7197800456671362,-0.8316653416265257,2765915.0,0.2696521107896721,-0.20431220432515856,1.0,2756787.0,0.9833737426415167,1.1723747159688247,0.7728130141347034,-5733354.0,-0.6189490348046383,-0.21138043604812798,-1.0,210652.0,0.6026704355264626,0.772111969040225,1.0
2026-05-21,net_sell,1,-7199.0,-0.2131458179126573,-0.23247144652971566,-1.0,-5931378.0,-0.5782565977593034,-2.1344584721428816,0.8486658683625964,2608486.0,0.9304732793821211,1.0663199794323235,1.0,3672423.0,0.39645950193278734,2.1256452316941767,-0.9251730555818455,-349531.0,-1.0,-2.504791041928346,0.6545385360453854
2026-05-22,net_buy,1,3559.0,0.10537379718726869,0.530401939605379,-0.9167796847963335,3602972.0,0.35125772300164193,-0.018548375913180273,0.9405926750732595,-307631.0,-0.10973508211644659,-1.0190875373383819,0.9732067721855793,-3419695.0,-0.36917603894269346,0.36348759127199604,-0.9948505757618576,124354.0,0.3557738798561501,0.2672944789690058,0.7774447014173042
