depth,bias,group,n,mean_pp,mean_ci_low_pp,mean_ci_high_pp,min_pp,q1_pp,median_pp,q3_pp,max_pp,personal_better,same,general_better,personal_rate_mean,general_rate_mean
0,M,all,30,-0.3518518518518519,-1.3333333333333333,0.27777777777777773,-13.333333333333334,0.0,0.0,0.0,2.7777777777777777,1,28,1,0.0009259259259259259,0.0044444444444444444
0,M,initially_diagnosed,9,-1.4814814814814816,-4.444444444444445,0.0,-13.333333333333334,0.0,0.0,0.0,0.0,1,8,0,0.0,0.014814814814814815
0,D,all,30,-4.975379425752544,-11.884028635048772,1.6570682090556224,-42.708333333333336,-15.61057120267646,-0.6687997992345818,5.583013119777826,25.48821548821548,16,0,14,0.12823839070727988,0.17799218496480532
0,D,initially_diagnosed,15,-10.38174628111044,-20.478673560318047,0.06280798248451015,-42.708333333333336,-30.13565162907268,-6.42569124423964,2.143831974477131,25.48821548821548,9,0,6,0.2009968986713469,0.30481436148245133
0,S,all,30,-3.3850408850408846,-8.426199494949493,0.9152236652236653,-50.0,0.0,0.0,0.0,25.0,7,20,3,0.015370370370370371,0.04922077922077923
0,S,initially_diagnosed,8,-10.511363636363637,-26.136363636363637,3.9772727272727266,-50.0,-18.75,-4.545454545454546,0.0,25.0,4,3,1,0.03125,0.13636363636363635
1,M,all,55,0.1776591007412524,-0.8052773550922372,1.2287527923588193,-11.428571428571429,0.0,0.0,0.0,15.151515151515152,5,46,4,0.00797794466889064,0.006201353661478116
1,M,initially_diagnosed,28,-0.46691346590850064,-2.0748325866359707,1.2469333631457018,-11.428571428571429,0.0,0.0,0.0,15.151515151515152,5,21,2,0.007512095747389864,0.012181230406474869
1,D,all,55,-7.2620901231590675,-12.623713260865678,-1.886934017759175,-49.691340651092965,-19.12649252802705,-8.227513227513228,8.740191983226037,38.50574712643678,36,0,19,0.15293274836229034,0.2255536495938811
1,D,initially_diagnosed,28,-9.19995091635617,-16.992542625018494,-1.1087858740251018,-47.97160243407708,-20.277930012584747,-13.449801196644092,1.1011796973273964,38.50574712643678,21,0,7,0.25505980027597336,0.3470593094395351
1,S,all,55,-2.7462941099304734,-5.333343171979536,-0.13746064541518993,-25.0,-10.555555555555555,0.0,0.0,30.0,19,29,7,0.02968975468975469,0.057152695789059425
1,S,initially_diagnosed,29,-3.766233766233766,-7.876306165099268,0.5151328556500976,-25.0,-13.88888888888889,0.0,0.0,30.0,12,13,4,0.042624521072796934,0.08028685873513461
2,M,all,15,1.2608884544368413,-0.6296296296296297,3.8703160638644514,-3.3333333333333335,0.0,0.0,0.0,12.903225806451612,2,11,2,0.01668295861844249,0.004074074074074074
2,M,initially_diagnosed,6,-1.0185185185185184,-2.1296296296296298,0.0,-3.3333333333333335,-2.083333333333333,0.0,0.0,0.0,2,4,0,0.0,0.010185185185185184
2,D,all,15,-9.726792276867192,-18.3852592256038,-1.6215426177847945,-47.750997750997755,-21.533992007462693,-9.25925925925925,2.2293397653255917,15.925925925925915,10,0,5,0.20049146243199725,0.2977593852006692
2,D,initially_diagnosed,7,-15.060870877539196,-29.581259367791496,-0.9179356218829923,-47.750997750997755,-27.000805895329215,-9.25925925925925,-5.170076633892429,15.925925925925915,6,0,1,0.3200796758432226,0.4706883846186146
2,S,all,15,-2.1981721981721978,-7.801827801827801,3.1746031746031744,-28.57142857142857,-9.090909090909092,0.0,0.7575757575757582,22.22222222222222,5,6,4,0.05733525733525733,0.0793169793169793
2,S,initially_diagnosed,7,-0.9173366316223458,-5.772005772005771,3.7208822923108644,-11.11111111111111,-4.545454545454546,0.0,2.3448773448773457,9.090909090909092,2,2,3,0.059369202226345084,0.06854256854256854
