ci_high,ci_low,depth,diagnosis_ci_high,diagnosis_ci_low,diagnosis_rate_difference,equal,general_lower,general_only_positive,general_positive,mean,median,metric,n,paired_diagnosis_n,personal_lower,personal_only_positive,personal_positive,q1,q3
0.18398937667483523,-0.04564828058351966,0,0.28,-0.2,0.04,0,15,4,17,0.06275625959425869,0.0568895803320249,ad,25,25,10,5,18,-0.0802296192426428,0.11016871073371437
0.01566118482187485,-0.11982347397277682,0,0.1,-0.16666666666666666,-0.03333333333333333,0,14,3,23,-0.051021769223290624,-0.005100696405044236,de,30,30,16,2,22,-0.1561057120267646,0.052425744545309766
0.12560402945087554,-0.07760568608580323,0,0.0,0.0,0.0,2,14,0,0,0.017564234075115624,0.0,spike,30,30,14,0,0,-0.20510716586054242,0.06246236165600472
0.2796148741871744,0.01741394495496112,0,,,,0,21,,,0.15271581974253462,0.21839686586425205,excess,30,,9,,,-0.057935684519171055,0.3616376556960812
0.0360555437143644,-0.11259615388856864,1,0.15384615384615385,-0.19230769230769232,-0.019230769230769232,0,24,12,28,-0.03813229483252699,-0.03647460256970455,ad,52,52,28,11,27,-0.21415089272241247,0.15886632545795992
-0.015200457892775649,-0.12306286310048847,1,0.09090909090909091,-0.16363636363636364,-0.03636363636363636,0,19,7,46,-0.06934668518838612,-0.09202127659574466,de,55,55,36,5,44,-0.19126492528027053,0.10738986222857186
0.0018193732077404759,-0.16366718521222315,1,0.05454545454545454,-0.05454545454545454,0.0,8,17,1,1,-0.07953299945046441,-0.026997581150601246,spike,55,55,30,1,1,-0.2484145098625241,0.09384728912853896
0.17213910962634063,-0.030423267052328038,1,,,,0,37,,,0.07191542205920606,0.1153713740374584,excess,55,,18,,,-0.11137489229917324,0.2736350809205775
0.17031461270456458,-0.06617804556540573,2,0.45454545454545453,-0.45454545454545453,0.0,0,5,3,7,0.044420793304555194,-0.03240029753569515,ad,11,11,6,3,7,-0.06258366783151481,0.14687254755529747
-0.019590760323871186,-0.18333473311944096,2,0.0,-0.3333333333333333,-0.13333333333333333,0,5,2,13,-0.09879855465983514,-0.10166666666666657,de,15,15,10,0,11,-0.21533992007462696,0.022293397653255914
0.07647132787506922,-0.14417375140885233,2,0.0,0.0,0.0,1,5,0,0,-0.034030392111165306,-0.06251325352653625,spike,15,15,9,0,0,-0.1740382211740455,0.18080722928530235
0.36776625224038545,0.11229489143731675,2,,,,0,13,,,0.23947460251998867,0.19288388076993812,excess,15,,2,,,0.026326652544570367,0.4313531275535628
