run,agent_id,turn,date,high_risk_m,s,pnl_rate,stock_weight_after,buy_value_share
advisor_off,A001,170,2026-07-02,1,0,-0.11685760092016062,0.9266515205324174,0.07235116977129986
advisor_off,A001,171,2026-07-03,1,0,-0.10093473807057496,0.9634394695441516,0.03619859278634095
advisor_off,A003,132,2026-06-05,1,0,-0.051338306274681944,0.9174174174174174,0.07787097442269857
advisor_off,A003,133,2026-06-08,1,0,-0.1514455485095122,0.9539736569483499,0.04577146333843093
advisor_off,A003,134,2026-06-08,1,0,-0.13794132272501236,0.9760349383440986,0.021689665296535526
advisor_off,A003,135,2026-06-09,1,0,-0.09285992976980095,0.9867809181366426,0.009650669126030735
advisor_off,A003,136,2026-06-09,1,0,-0.05688832872631444,0.9920949949961206,0.004827712871027351
advisor_off,A003,138,2026-06-10,1,0,-0.11375689662546518,0.9939349472248695,0.004824926928276066
advisor_off,A003,139,2026-06-11,1,0,-0.1484434029998486,0.9960978525735492,0.002411859207199877
advisor_off,A003,168,2026-07-01,1,0,-0.05790924319819102,0.9666545635708074,0.029212088459557365
advisor_off,A003,169,2026-07-02,1,0,-0.12977656612246824,0.9798281419791981,0.015889105005068075
advisor_off,A003,170,2026-07-02,1,0,-0.13996972728438883,0.9874940988068018,0.007942311786649881
advisor_off,A003,171,2026-07-03,1,0,-0.1314742269367264,0.992896573560386,0.005295448392322059
advisor_off,A003,172,2026-07-03,1,0,-0.06760018511806831,0.996024358826223,0.002649000954325061
advisor_off,A004,165,2026-06-30,1,0,-0.058370614926991804,0.9479243806782419,0.049242824970298284
advisor_off,A004,169,2026-07-02,1,0,-0.14132367662279555,0.9221084693577533,0.07664278186869639
advisor_off,A004,170,2026-07-02,1,0,-0.1431020358627384,0.9593847142240499,0.038279689345598
advisor_off,A004,171,2026-07-03,1,0,-0.13064783604410424,0.9788690740370505,0.01914658335524793
advisor_off,A006,132,2026-06-05,1,0,-0.05301520666719817,0.9325389273251318,0.06660992338036656
advisor_off,A006,157,2026-06-24,1,0,-0.0878059408816908,0.9001699220582461,0.08183362927802237
advisor_off,A007,133,2026-06-08,1,0,-0.16083935913795555,0.9305565433075392,0.06565276225789388
advisor_off,A007,134,2026-06-08,1,0,-0.14396537935201814,0.9653773253908957,0.03427375119730991
advisor_off,A007,135,2026-06-09,1,0,-0.09734665747760174,0.981247133453486,0.014303894073665977
advisor_off,A007,156,2026-06-23,1,0,-0.1326695677929416,0.937195771940708,0.057320842320532604
advisor_off,A007,165,2026-06-30,1,0,-0.050647642177696905,0.9156451080533363,0.08324046436848512
advisor_off,A007,170,2026-07-02,1,0,-0.13224414686049202,0.9301566989097569,0.06624261357220822
advisor_off,A007,171,2026-07-03,1,0,-0.11633654296491469,0.963861361495516,0.033141364865175334
advisor_off,A008,138,2026-06-10,1,0,-0.09341212621459416,0.9440112603572216,0.05567712055549333
advisor_off,A008,165,2026-06-30,1,0,-0.06593813947654625,0.920598822157865,0.07921071704104948
advisor_off,A008,168,2026-07-01,1,0,-0.0867430512596713,0.9319740318379152,0.06774260583843876
advisor_off,A008,169,2026-07-02,1,0,-0.15254376812844916,0.96313279848341,0.03648423581010004
advisor_off,A009,173,2026-07-06,0,1,0.03392568659127626,0.62346588119784,0.36818851251840945
advisor_off,A011,167,2026-07-01,0,1,0.022241086587436287,0.4537368616872849,0.16204887917403032
advisor_off,A012,114,2026-05-21,0,1,0.029209621993127044,0.6259786795214889,0.37057937827672144
advisor_off,A013,131,2026-06-05,1,0,-0.06279145428912258,0.9300782960445381,0.06664112401565225
advisor_off,A013,132,2026-06-05,1,0,-0.0712589700295484,0.9639257028377461,0.034736061363522384
advisor_off,A013,133,2026-06-08,1,0,-0.17075471698113198,0.9769635021850297,0.017291389419204065
advisor_off,A013,134,2026-06-08,1,0,-0.16114404863588405,0.9858013238831564,0.008647380034062777
advisor_off,A013,135,2026-06-09,1,0,-0.11873620687505448,0.99222521204813,0.005768751232837965
advisor_off,A013,138,2026-06-10,1,0,-0.1394630533928194,0.991769249244212,0.005766100286303558
advisor_off,A013,139,2026-06-11,1,0,-0.17292944120145037,0.9943142359388704,0.002882070249098175
advisor_off,A013,156,2026-06-23,1,0,-0.11908940055030404,0.947407184225503,0.050215928492517825
advisor_off,A013,157,2026-06-24,1,0,-0.10205483950829364,0.9714921569024912,0.023449810683853236
advisor_off,A013,163,2026-06-29,1,0,-0.050897190955981775,0.993569624206851,0.003356654135833956
advisor_off,A013,170,2026-07-02,1,0,-0.11079563786539337,0.9257905256891138,0.06797762601213773
advisor_off,A013,171,2026-07-03,1,0,-0.09566580264030378,0.9587773780813674,0.032391127637884036
advisor_off,A015,171,2026-07-03,1,0,-0.07833562359787138,0.9190415358252775,0.07950995475333189
advisor_off,A017,151,2026-06-19,0,1,0.02758620689655178,0.7493863614784482,0.24512637992285688
advisor_off,A017,159,2026-06-25,0,1,0.09854851031321621,0.24708097854475047,0.17648641324625033
advisor_off,A018,173,2026-07-06,0,1,0.03392568659127626,0.6272652964903783,0.3714872144263406
advisor_off,A019,93,2026-05-07,0,1,0.022556390977443552,0.6282133406503816,0.12349493021332289
advisor_off,A019,159,2026-06-25,0,1,0.13695862250724766,0.6859253648331122,0.06859253648331122
advisor_off,A022,93,2026-05-07,0,1,0.022556390977443552,0.6182200879078118,0.37766752451955815
advisor_off,A022,136,2026-06-09,0,1,-0.00011943150603133112,0.8334585775595745,0.13442880283218944
advisor_off,A023,134,2026-06-08,1,0,-0.1394444711422943,0.9124572215541216,0.029151987909077366
advisor_off,A023,135,2026-06-09,1,0,-0.09317757009345795,0.9571894492926599,0.040980588043110826
advisor_off,A023,138,2026-06-10,1,0,-0.11157266031974133,0.9448449985684166,0.04957520054217001
advisor_off,A023,139,2026-06-11,1,0,-0.1417920054184011,0.9688832400371382,0.02618603351451725
advisor_off,A023,140,2026-06-11,1,0,-0.11328283609972545,0.9843017400739039,0.014560676628312189
advisor_off,A023,171,2026-07-03,1,0,-0.10024923435818611,0.9481673064110785,0.04895429027665894
advisor_off,A024,131,2026-06-05,1,0,-0.0628352650519971,0.9114810388000639,0.04814160416197521
advisor_off,A024,132,2026-06-05,1,0,-0.07240218804912191,0.952051070695733,0.04167226908769202
advisor_off,A025,139,2026-06-11,1,0,-0.07763530329133161,0.9562354654954958,0.04358632154702184
advisor_off,A025,171,2026-07-03,1,0,-0.11509765054418042,0.9338261921660347,0.06611551562496515
advisor_off,A027,132,2026-06-05,1,0,-0.05398992437436445,0.9326351431158707,0.06358875975790028
advisor_off,A027,137,2026-06-10,1,0,-0.07707324001924909,0.9604291449507986,0.03557144981299254
advisor_off,A027,138,2026-06-10,1,0,-0.09972804206318375,0.9783127907158854,0.018950368827426352
advisor_off,A027,139,2026-06-11,1,0,-0.13376794173579643,0.9869038502272987,0.009466703599302625
advisor_off,A027,140,2026-06-11,1,0,-0.10727658693670217,0.9920065246396206,0.0047351146760841074
advisor_off,A027,168,2026-07-01,1,0,-0.05802333581192365,0.9635535541710362,0.03448961267726304
advisor_off,A027,169,2026-07-02,1,0,-0.12959692743619522,0.9799366420274551,0.019340854776857666
advisor_off,A027,170,2026-07-02,1,0,-0.1394012181521832,0.98825526672601,0.008593524058487043
advisor_off,A027,171,2026-07-03,1,0,-0.13082490093984345,0.9926530551449094,0.0042971993729216855
advisor_off,A027,172,2026-07-03,1,0,-0.06702900914773391,0.995297811085914,0.002149671298241715
advisor_off,A028,92,2026-05-06,0,1,0.04724409448818889,0.47884659177337957,0.23942329588668979
advisor_off,A028,93,2026-05-07,0,1,0.04615384615384621,0.6055193084969497,0.12110386169938994
advisor_off,A028,98,2026-05-11,0,1,0.0035149384885764245,0.625348316115146,0.12607828953934394
advisor_off,A029,124,2026-05-29,0,1,0.040481400437636594,0.8317139798493967,0.16456372863330307
advisor_off,A029,167,2026-07-01,0,1,-0.001957226039987159,0.9283669973894422,0.06973648806681255
advisor_off,A029,168,2026-07-01,1,0,-0.06149295362062279,0.9610366408433071,0.03687950991949485
advisor_off,A029,169,2026-07-02,1,0,-0.13255702536612546,0.9773439329071434,0.01946038804461126
advisor_off,A029,170,2026-07-02,1,0,-0.14225782294521494,0.987842243932081,0.010807902012386007
advisor_off,A029,171,2026-07-03,1,0,-0.13341129083096148,0.9922699435232303,0.004323616311648062
advisor_off,A030,98,2026-05-11,0,1,0.05494511118503542,0.8284420039001278,0.17122813454470726
advisor_off,A030,157,2026-06-24,1,0,-0.08947804473902232,0.9302959108996759,0.06765788442906734
advisor_off,A030,170,2026-07-02,1,0,-0.10637925926341962,0.9145652144539678,0.08372780132325057
advisor_off,A030,171,2026-07-03,1,0,-0.08970255120804149,0.9560634900776275,0.04082068834039308
advisor_off,A031,132,2026-06-05,1,0,-0.060590823381521,0.9021223018956396,0.053380017863647315
advisor_off,A031,171,2026-07-03,1,0,-0.10807192776537544,0.9011045032786856,0.02589380756547947
advisor_off,A032,167,2026-07-01,0,1,-0.017181911088400725,0.8462311883757135,0.06199495885536363
advisor_off,A034,97,2026-05-11,0,1,0.07663197729422899,0.664257129381879,0.221419043127293
advisor_off,A034,124,2026-05-29,0,1,0.04562088714574064,0.944680618874165,0.05322144331685437
advisor_off,A034,132,2026-06-05,1,0,-0.06945867108056658,0.9410279017714094,0.05548513571765385
advisor_off,A034,133,2026-06-08,1,0,-0.1678728955185892,0.9651066863497273,0.030848158924420506
advisor_off,A034,134,2026-06-08,1,0,-0.15624541629046296,0.9808203095572501,0.015428634082923035
advisor_off,A034,135,2026-06-09,1,0,-0.11266201395812558,0.9905252865399861,0.008824278721959787
advisor_off,A034,137,2026-06-10,1,0,-0.10890526785999177,0.9926841413122582,0.00441192951694337
advisor_off,A034,138,2026-06-10,1,0,-0.132840221398832,0.9946856289608068,0.0022055113724186405
advisor_off,A034,139,2026-06-11,1,0,-0.16699458978714077,0.996672344327349,0.002205027310458737
advisor_off,A034,156,2026-06-23,1,0,-0.14390317031987243,0.9330163403597626,0.06682079891170713
advisor_off,A034,157,2026-06-24,1,0,-0.12382686443437851,0.9660136122251287,0.032200453740837624
advisor_off,A034,171,2026-07-03,1,0,-0.07802551685144676,0.9448473193371774,0.05477375764273492
advisor_off,A035,131,2026-06-05,1,0,-0.06278757162640147,0.93079194066916,0.06505535069193054
advisor_off,A035,132,2026-06-05,1,0,-0.07135838534059213,0.9649083483711653,0.034996675847658844
advisor_off,A035,133,2026-06-08,1,0,-0.17082665865093827,0.978189123869636,0.017423215946787408
advisor_off,A035,134,2026-06-08,1,0,-0.16119957096269755,0.9883276185983033,0.009957960892678119
advisor_off,A035,135,2026-06-09,1,0,-0.11860862341233891,0.9938492071463294,0.004981700286447766
advisor_off,A035,156,2026-06-23,1,0,-0.10547845262200073,0.9135964695740019,0.08476668274397955
advisor_off,A035,157,2026-06-24,1,0,-0.08498126131268446,0.957033200082578,0.042430043353414784
advisor_off,A035,168,2026-07-01,1,0,-0.06657076646785387,0.9727561665782769,0.025660234609978527
advisor_off,A035,169,2026-07-02,1,0,-0.1377721125284357,0.9844867298540163,0.013964350778071155
advisor_off,A035,170,2026-07-02,1,0,-0.14799992018382757,0.9912538340750624,0.00698066080334551
advisor_off,A035,171,2026-07-03,1,0,-0.13965567061548612,0.9936560301993934,0.0023270633025746917
advisor_off,A036,93,2026-05-07,0,1,0.022556390977443552,0.7500937865674447,0.2455261944019564
advisor_off,A036,159,2026-06-25,0,1,0.05580029368575623,0.6532779645001082,0.14201694880437135
advisor_off,A037,124,2026-05-29,0,1,0.024232633279483107,0.7279290239994198,0.22348698105245346
advisor_off,A037,151,2026-06-19,0,1,0.08473312262509314,0.7614428967975745,0.17790721887793798
advisor_off,A038,93,2026-05-07,0,1,0.022556390977443552,0.23709787760154893,0.21554352509231722
advisor_off,A039,132,2026-06-05,1,0,-0.0692869848481602,0.916400688066754,0.049268854197137314
advisor_off,A039,165,2026-06-30,1,0,-0.059165682086703586,0.9232437677478275,0.0710187513652175
advisor_off,A040,159,2026-06-25,0,1,0.10563501534771325,0.8542500284611206,0.1428328021864253
advisor_off,A041,97,2026-05-11,0,1,0.08343202136305572,0.869953187372822,0.12879826410454767
advisor_off,A041,133,2026-06-08,1,0,-0.16643615658923894,0.9107978939113124,0.024549808461221356
advisor_off,A041,134,2026-06-08,1,0,-0.15553544262358232,0.9557087948039812,0.04422302906547985
advisor_off,A041,135,2026-06-09,1,0,-0.10767602845905977,0.977388315496215,0.019695482428135316
advisor_off,A041,137,2026-06-10,1,0,-0.10285093535530443,0.9741489366750986,0.022139748560797694
advisor_off,A041,138,2026-06-10,1,0,-0.1253265187835878,0.9857327670971947,0.01229093225806976
advisor_off,A041,139,2026-06-11,1,0,-0.15870964654100805,0.9925223812689118,0.007370215702491919
advisor_off,A041,140,2026-06-11,1,0,-0.13307187082043792,0.9951906719416963,0.002457260918374559
advisor_off,A043,132,2026-06-05,1,0,-0.07081630796371963,0.946157372762342,0.050194025080230346
advisor_off,A043,165,2026-06-30,1,0,-0.05852778697523664,0.9485085734599833,0.05105286939303026
advisor_off,A043,170,2026-07-02,1,0,-0.11056767269421897,0.9285068293022285,0.0688727593163741
advisor_off,A043,171,2026-07-03,1,0,-0.09537366854602858,0.9622639339360063,0.03318151496331056
advisor_off,A046,167,2026-07-01,0,1,-0.019144971932109178,0.9229442004078702,0.0608802243013107
advisor_off,A046,168,2026-07-01,1,0,-0.07662491814546468,0.9590344805001546,0.04059084661624154
advisor_off,A046,169,2026-07-02,1,0,-0.14578683673624215,0.9777634822291063,0.02203665767296226
advisor_off,A047,97,2026-05-11,0,1,0.06834721702075974,0.9217372313924634,0.07738040954899693
advisor_off,A047,131,2026-06-05,1,0,-0.06280145373318513,0.9309448061741624,0.06391561355822607
advisor_off,A047,132,2026-06-05,1,0,-0.07144361599056415,0.9633821453254494,0.03331580906024609
advisor_off,A047,136,2026-06-09,0,1,0.0727305995999723,0.8181523756014379,0.0576163644789745
advisor_off,A047,159,2026-06-25,0,1,0.08623765672910166,0.7257951079698621,0.27366045054601357
advisor_off,A047,171,2026-07-03,1,0,-0.05263265913452164,0.9026948083446152,0.09581676736618822
advisor_off,A048,98,2026-05-11,0,1,0.0035149384885764245,0.6347647818110581,0.3647670013724966
advisor_off,A049,93,2026-05-07,0,1,0.022556390977443552,0.6264077337906705,0.3725227810800579
advisor_off,A049,98,2026-05-11,0,1,0.0035149384885764245,0.6846902147657282,0.3139193403438537
advisor_off,A049,128,2026-06-02,0,1,0.0,0.7470707974359556,0.24808388745043053
advisor_off,A050,136,2026-06-09,0,1,-0.006526640560104435,0.5219637219003226,0.1449899227500896
advisor_off,A051,133,2026-06-08,1,0,-0.16735864796807953,0.9413833974247254,0.058368763910277094
advisor_off,A051,171,2026-07-03,1,0,-0.07528260213676963,0.9038400956704438,0.055638048363831565
advisor_off,A053,133,2026-06-08,1,0,-0.14385896561799938,0.9063360728462224,0.09226175591847773
advisor_off,A053,134,2026-06-08,1,0,-0.1237215001065417,0.9532223022799291,0.04616746193378574
advisor_off,A054,93,2026-05-07,0,1,0.022556390977443552,0.6325887631959402,0.1290997475910082
advisor_off,A056,133,2026-06-08,1,0,-0.15119124918835225,0.9026924743493419,0.05823822415157044
advisor_off,A056,134,2026-06-08,1,0,-0.13551644410890384,0.9500651898197369,0.04662896637152083
advisor_off,A056,135,2026-06-09,1,0,-0.08702447309224615,0.9756584799553726,0.023369065388152636
advisor_off,A057,159,2026-06-25,0,1,0.09854851031321621,0.187696115029786,0.13406865359270428
advisor_off,A057,173,2026-07-06,0,1,0.10189388010643308,0.39521999936703045,0.12350624980219702
advisor_off,A058,173,2026-07-06,0,1,0.03392568659127626,0.2585183636903908,0.2350166942639916
advisor_off,A059,114,2026-05-21,0,1,0.029209621993127044,0.6724070456116394,0.3269924673864822
advisor_off,A059,136,2026-06-09,0,1,0.03870967741935494,0.5955216769890423,0.35731300619342543
advisor_off,A059,151,2026-06-19,0,1,0.053003533568904526,0.7611617393649068,0.2380265233065516
advisor_off,A059,159,2026-06-25,0,1,0.05580029368575623,0.7022432293210428,0.2955386563551879
advisor_off,A059,163,2026-06-29,1,0,-0.05314746422211958,0.9637927832133347,0.0322159147592201
advisor_off,A060,136,2026-06-09,0,1,-0.02625994687749167,0.9375240625240625,0.0600480287980288
advisor_off,A060,137,2026-06-10,1,0,-0.05793987119816135,0.9663811233139601,0.030924195946046725
advisor_off,A060,138,2026-06-10,1,0,-0.0819854266207789,0.9809165860247313,0.015447505291728052
advisor_off,A061,159,2026-06-25,0,1,0.12710095480799044,0.7377185646362806,0.08699511375427837
advisor_off,A062,157,2026-06-24,1,0,-0.08058396568789183,0.9071334641044883,0.09186161661817602
advisor_off,A066,93,2026-05-07,0,1,0.022556390977443552,0.6238545376334417,0.37596531738174305
advisor_off,A066,157,2026-06-24,1,0,-0.0898234855640826,0.9442380036386021,0.05573386208104411
advisor_off,A071,135,2026-06-09,1,0,-0.07242928604271381,0.9077585734356923,0.08943434221041305
advisor_off,A071,167,2026-07-01,0,1,-0.013842406604877788,0.8465816250795523,0.15029201883434748
advisor_off,A071,168,2026-07-01,1,0,-0.07052137576517925,0.9175319614419896,0.07913006648986358
advisor_off,A071,169,2026-07-02,1,0,-0.13768455210642105,0.9542169420927739,0.04303331307477216
advisor_off,A071,170,2026-07-02,1,0,-0.14426504034946008,0.97604412243505,0.022437795918047128
advisor_off,A071,171,2026-07-03,1,0,-0.13391251445670693,0.9874680088058436,0.011221227372793676
advisor_off,A071,172,2026-07-03,1,0,-0.069453708099936,0.9939237686060773,0.005615388523198177
advisor_off,A072,132,2026-06-05,1,0,-0.05397881630542223,0.9039087978590005,0.03200775045945953
advisor_off,A072,138,2026-06-10,1,0,-0.06689254646062148,0.955575543969526,0.044364227132648835
advisor_off,A072,169,2026-07-02,1,0,-0.11284630267166229,0.9499252133801942,0.04980245384418057
advisor_off,A072,170,2026-07-02,1,0,-0.11987584516385563,0.9744269721088477,0.025166570086386373
advisor_off,A072,171,2026-07-03,1,0,-0.1094251979274431,0.9870876138599408,0.012444657595941948
advisor_off,A073,151,2026-06-19,0,1,0.02758620689655178,0.6604130399177365,0.15724119998041344
advisor_off,A073,159,2026-06-25,0,1,0.056614480270049894,0.48470856946928453,0.16049952631433262
advisor_off,A074,114,2026-05-21,0,1,0.029209621993127044,0.16645562526457366,0.1387130210538114
advisor_off,A076,133,2026-06-08,1,0,-0.1681510065144669,0.9332304414143144,0.0666770883228569
advisor_off,A076,134,2026-06-08,1,0,-0.15085166072692613,0.9668663600137956,0.0331084515658689
advisor_off,A076,135,2026-06-09,1,0,-0.10455897462022179,0.9840744286059661,0.01570729389464805
advisor_off,A076,138,2026-06-10,1,0,-0.12476217110339038,0.9657570565875883,0.03406506610517497
advisor_off,A076,139,2026-06-11,1,0,-0.15576711233020402,0.9820221342439734,0.017629221626124427
advisor_off,A076,140,2026-06-11,1,0,-0.12862830685931415,0.9912191843921426,0.008694905126246865
advisor_off,A077,151,2026-06-19,0,1,0.02758620689655178,0.5760359755729818,0.2880179877864909
advisor_off,A077,171,2026-07-03,1,0,-0.08637911536461118,0.9362323543728703,0.0627372196229243
advisor_off,A080,164,2026-06-29,1,0,-0.08591537213923872,0.9322701625259264,0.037662408935870986
advisor_off,A080,165,2026-06-30,1,0,-0.08131174147283138,0.9660163732391223,0.03364860774994603
advisor_off,A080,168,2026-07-01,1,0,-0.10433352556267805,0.9557947160336642,0.04376349432388572
advisor_off,A080,169,2026-07-02,1,0,-0.17014285176164945,0.9759074329123242,0.02366893186792719
advisor_off,A080,170,2026-07-02,1,0,-0.17819797643049406,0.9877827765460591,0.012204073638617472
advisor_off,A080,171,2026-07-03,1,0,-0.16918523800696805,0.9938655010390512,0.005978138352114594
advisor_off,A080,172,2026-07-03,1,0,-0.1078020364763066,0.997020475115299,0.0027411210263104946
advisor_off,A080,174,2026-07-06,1,0,-0.08302724917462656,0.9983443840953665,0.001495273665644583
advisor_off,A082,159,2026-06-25,0,1,0.05580029368575623,0.3142548445072274,0.1571274222536137
advisor_off,A082,171,2026-07-03,1,0,-0.0927316846314401,0.923114584096315,0.07507257159819429
advisor_off,A083,173,2026-07-06,0,1,0.07450850060452563,0.571851324538864,0.11766488159235884
advisor_off,A084,131,2026-06-05,1,0,-0.06276760740750553,0.9316395768549354,0.06537821591964459
advisor_off,A084,132,2026-06-05,1,0,-0.07132333824421522,0.9634278595482892,0.0326585715101115
advisor_off,A085,107,2026-05-18,1,0,-0.07153880793428025,0.9243479463598285,0.07541300261676923
advisor_off,A085,170,2026-07-02,1,0,-0.1096286976058185,0.9353061419087236,0.06391613726027724
advisor_off,A085,171,2026-07-03,1,0,-0.09506622980936275,0.9678067681967608,0.03197599454394584
advisor_off,A086,132,2026-06-05,1,0,-0.07237321132564589,0.9394963524708404,0.05811317644149528
advisor_off,A086,168,2026-07-01,1,0,-0.05749088292937066,0.977404550670793,0.02214185066244515
advisor_off,A086,169,2026-07-02,1,0,-0.12978033289956703,0.9850135972809793,0.009471284589240186
advisor_off,A086,170,2026-07-02,1,0,-0.14071106659989996,0.9911200482073446,0.0063128665490913664
advisor_off,A088,114,2026-05-21,0,1,0.029209621993127044,0.16702295752393345,0.1391857979366112
advisor_off,A088,159,2026-06-25,0,1,0.10747903474242682,0.5681076248102634,0.29900401305803337
advisor_off,A091,93,2026-05-07,0,1,0.16469616661902098,0.4281053473799429,0.19054930030676623
advisor_off,A091,98,2026-05-11,0,1,0.0035149384885764245,0.47791257162829753,0.23895628581414877
advisor_off,A092,93,2026-05-07,0,1,0.022556390977443552,0.498254278209069,0.2491271391045345
advisor_off,A092,98,2026-05-11,0,1,0.06548486792232788,0.6505913430946868,0.10009097586072103
advisor_off,A092,167,2026-07-01,0,1,0.00011333462858620358,0.542115386262969,0.11940867538831916
advisor_off,A093,98,2026-05-11,0,1,0.0035149384885764245,0.6250998083761706,0.374635769060728
advisor_off,A093,159,2026-06-25,0,1,0.06967517976692306,0.3729626285693052,0.16952846753150236
advisor_off,A094,92,2026-05-06,0,1,0.09352517985611519,0.7254249614289306,0.2734467923143321
advisor_off,A094,171,2026-07-03,1,0,-0.07717444909961602,0.9245631543334342,0.07357266480106904
advisor_off,A095,93,2026-05-07,0,1,0.022556390977443552,0.7519029836922396,0.2480504688469244
advisor_off,A095,124,2026-05-29,0,1,0.048078822925036624,0.690355882684977,0.3071068448708905
advisor_off,A095,132,2026-06-05,1,0,-0.0529599104064955,0.932086880381769,0.06337134597496447
advisor_off,A095,133,2026-06-08,1,0,-0.1535395695228743,0.961034364724924,0.036660711460896285
advisor_off,A095,134,2026-06-08,1,0,-0.14128765084090844,0.9796876828321295,0.01833640048081526
advisor_off,A095,135,2026-06-09,1,0,-0.09676263336462543,0.9884852924011727,0.007865930708762648
advisor_off,A095,136,2026-06-09,1,0,-0.06107563974151242,0.9941558579093058,0.005246205054930374
advisor_off,A095,139,2026-06-11,1,0,-0.15265383712562886,0.9932349656380639,0.0052413454651085165
advisor_off,A095,140,2026-06-11,1,0,-0.12715744785916294,0.9960471952092953,0.0026211768294981453
advisor_off,A095,156,2026-06-23,1,0,-0.08793194542818239,0.9805683943430209,0.01875404032896488
advisor_off,A095,157,2026-06-24,1,0,-0.07460703787159961,0.9888506166981302,0.00803943590811488
advisor_off,A095,167,2026-07-01,0,1,0.013316503628904908,0.6954938444413586,0.09935626349162266
advisor_off,A095,169,2026-07-02,1,0,-0.11497379420155251,0.9136554175952457,0.08415247267324631
advisor_off,A095,170,2026-07-02,1,0,-0.11783924186773276,0.9557796168417658,0.04322621382701454
advisor_off,A095,171,2026-07-03,1,0,-0.10536014118142045,0.9777673966228493,0.02162139206291313
advisor_off,A096,134,2026-06-08,1,0,-0.1262680266669146,0.9379411039829122,0.06069030672830609
advisor_off,A096,135,2026-06-09,1,0,-0.07584392810170981,0.9683384561561337,0.02766681303303239
advisor_off,A096,138,2026-06-10,1,0,-0.08419726163256736,0.9165997072724665,0.0791112842586355
advisor_off,A096,139,2026-06-11,1,0,-0.11408868630197999,0.9542319062739516,0.04077914129375861
advisor_off,A096,140,2026-06-11,1,0,-0.08369951194201675,0.977252284239928,0.02177720967665578
advisor_off,A096,156,2026-06-23,1,0,-0.11764156930083247,0.908819472821562,0.055927352173634585
advisor_off,A096,157,2026-06-24,1,0,-0.09973887575426088,0.9546702378160828,0.044793911451781014
advisor_off,A096,168,2026-07-01,1,0,-0.07250265124788235,0.985914429783508,0.01117183489839669
advisor_off,A096,169,2026-07-02,1,0,-0.14405281002688175,0.990321876253534,0.005579278176076247
advisor_off,A096,170,2026-07-02,1,0,-0.15517334631402457,0.9929771075747956,0.002789261538131448
advisor_off,A096,171,2026-07-03,1,0,-0.1474168738508027,0.9958269721085877,0.0027894312944218144
advisor_off,A098,93,2026-05-07,0,1,0.022556390977443552,0.46818574580956546,0.23409287290478273
advisor_off,A098,151,2026-06-19,0,1,0.02758620689655178,0.48016520261038,0.16005506753679333
advisor_off,A098,159,2026-06-25,0,1,0.07393577296489928,0.34364186512936645,0.15620084778607565
advisor_off,A099,151,2026-06-19,0,1,0.053003533568904526,0.3002491967578326,0.22518689756837446
advisor_off,A100,164,2026-06-29,1,0,-0.07891272361186397,0.9289435685544085,0.0687088438279888
advisor_off,A100,165,2026-06-30,1,0,-0.07207081057915476,0.9620294679673288,0.03298386747316556
advisor_off,A100,169,2026-07-02,1,0,-0.15084713418410178,0.9172624827139789,0.08266028187248066
advisor_off,A100,170,2026-07-02,1,0,-0.15101872069838462,0.956152963614149,0.0399506809309533
advisor_off,A100,171,2026-07-03,1,0,-0.13815936331304746,0.9778315273656514,0.02131512866192156
advisor_off,A100,172,2026-07-03,1,0,-0.07263282572237983,0.9873097737761765,0.008005214381968998
general,A004,134,2026-06-08,1,0,-0.13531957560441588,0.9153536918995144,0.0842706573494791
general,A004,135,2026-06-09,1,0,-0.08144692098938466,0.9569188868194963,0.037926663197114185
general,A004,165,2026-06-30,1,0,-0.05009523900913038,0.9273820576599298,0.07004396205890707
general,A004,171,2026-07-03,1,0,-0.1073831150386999,0.9395296101672399,0.05589269635555818
general,A006,171,2026-07-03,1,0,-0.0934315810293549,0.9151893081945338,0.03730391201879893
general,A007,167,2026-07-01,0,1,0.011062749365251978,0.713693788879776,0.1427387577759552
general,A007,170,2026-07-02,1,0,-0.1260865076907195,0.9055313400386276,0.09329716836761617
general,A007,171,2026-07-03,1,0,-0.10684466292661876,0.9529600356397981,0.04668680289877974
general,A009,159,2026-06-25,0,1,0.05580029368575623,0.6248429260959941,0.11258431100828724
general,A012,124,2026-05-29,0,1,0.024232633279483107,0.6404028642738948,0.34931065324030625
general,A014,167,2026-07-01,0,1,0.02020587113991623,0.19927755679956471,0.06642585226652156
general,A018,167,2026-07-01,0,1,0.028377491450481962,0.679493716599074,0.06863572894940141
general,A019,151,2026-06-19,0,1,0.07503607503607501,0.30701932724441433,0.2046795514962762
general,A022,159,2026-06-25,0,1,0.13572296476306178,0.338011299065497,0.14696143437630302
general,A023,167,2026-07-01,0,1,0.007596097177656969,0.6260485185475062,0.11382700337227385
general,A023,171,2026-07-03,1,0,-0.10096159676498695,0.9174986256494159,0.04059728432077061
general,A027,159,2026-06-25,0,1,0.12195414716120512,0.5167810961961024,0.12304311814192913
general,A028,92,2026-05-06,0,1,0.04724409448818889,0.47884659177337957,0.23942329588668979
general,A028,136,2026-06-09,0,1,0.03870967741935494,0.6302443732399238,0.12224567584395074
general,A029,114,2026-05-21,0,1,0.029209621993127044,0.670626068469146,0.3273021426316992
general,A029,124,2026-05-29,0,1,0.024232633279483107,0.4806959628362881,0.24034798141814406
general,A030,97,2026-05-11,0,1,0.059590316573556734,0.6315643787586592,0.11955539680205073
general,A030,137,2026-06-10,1,0,-0.05288551149882914,0.9542090199423512,0.04023772975660517
general,A030,138,2026-06-10,1,0,-0.07671224221764772,0.9759462693421923,0.022963441631580993
general,A030,139,2026-06-11,1,0,-0.11173522089691967,0.9864478421083285,0.01147032374544568
general,A030,140,2026-06-11,1,0,-0.08455529663178518,0.9925654017263926,0.005737372264314408
general,A030,167,2026-07-01,0,1,0.013252555850056691,0.5806162690587942,0.11612325381175882
general,A030,173,2026-07-06,0,1,0.03392568659127626,0.627852113039666,0.12016308383534278
general,A034,92,2026-05-06,0,1,0.04724409448818889,0.23494572801860295,0.21358702547145722
general,A034,136,2026-06-09,0,1,0.0005178663904712444,0.5355391943778969,0.24342690653540766
general,A034,168,2026-07-01,1,0,-0.07223537631487009,0.9041747285319595,0.04520873642659797
general,A034,169,2026-07-02,1,0,-0.14140853410310494,0.930547952407904,0.03363426334004472
general,A034,170,2026-07-02,1,0,-0.14890107920117612,0.9520460177767474,0.022401082771217586
general,A034,172,2026-07-03,1,0,-0.0757298949513403,0.9659919723477427,0.03152421354980978
general,A039,136,2026-06-09,0,1,0.06358381502890165,0.21990844627950812,0.1570774616282201
general,A040,159,2026-06-25,0,1,0.05580029368575623,0.674235921258593,0.1620759426102387
general,A040,167,2026-07-01,0,1,0.006344203843268614,0.4540593489119488,0.1533984286864692
general,A041,167,2026-07-01,0,1,0.006882998609979429,0.6312191432923495,0.11954908016900559
general,A041,171,2026-07-03,1,0,-0.10171489104110021,0.9373849088774047,0.05915535832721486
general,A044,167,2026-07-01,0,1,0.025130248237817954,0.48028429384209487,0.12007107346052372
general,A045,136,2026-06-09,0,1,0.04687076672988355,0.26024013618156194,0.06506003404539049
general,A045,167,2026-07-01,0,1,0.0014970059880239361,0.41143101734775206,0.16457240693910083
general,A049,93,2026-05-07,0,1,0.022556390977443552,0.6264077337906705,0.3725227810800579
general,A049,124,2026-05-29,0,1,0.024232633279483107,0.751449670758587,0.24592898315735576
general,A049,128,2026-06-02,0,1,0.0,0.6478752920380998,0.1479167333420319
general,A051,167,2026-07-01,0,1,-0.013489896231567489,0.5066156600297621,0.13692315135939515
general,A054,98,2026-05-11,0,1,0.032549728752260476,0.19095183542120717,0.13639416815800512
general,A055,167,2026-07-01,0,1,-0.0011156713849278521,0.8476493634916742,0.050681576292476785
general,A058,93,2026-05-07,0,1,0.022556390977443552,0.4409335828390595,0.22046679141952974
general,A058,136,2026-06-09,0,1,0.03870967741935494,0.41367370599995595,0.13789123533331865
general,A059,159,2026-06-25,0,1,0.05580029368575623,0.641155513830411,0.2564622055321644
general,A059,173,2026-07-06,0,1,0.114012184508268,0.4513348227382484,0.2256674113691242
general,A061,151,2026-06-19,0,1,0.07971014492753614,0.4820267181833836,0.1518194387979161
general,A065,167,2026-07-01,0,1,0.021017977059974546,0.537398806083558,0.15209400172176168
general,A074,136,2026-06-09,0,1,-0.08889936853728386,0.49005443427754186,0.1678268610539527
general,A077,124,2026-05-29,0,1,0.031133828996282586,0.35450450912215403,0.14771021213423083
general,A077,167,2026-07-01,0,1,0.002472465722634265,0.45620189081704465,0.15206729693901488
general,A082,167,2026-07-01,0,1,0.034536082474226903,0.1384267765804241,0.06921338829021205
general,A083,167,2026-07-01,0,1,0.020366050601112518,0.5648477275221844,0.12837448352776917
general,A085,159,2026-06-25,0,1,0.043971550703019835,0.85452428607332,0.14151357603761988
general,A085,167,2026-07-01,0,1,-0.0029669776100927914,0.8248986216239961,0.051556163851499755
general,A087,167,2026-07-01,0,1,-0.012739974547128385,0.3883568699642548,0.16455799574756558
general,A088,167,2026-07-01,0,1,0.03028747433264889,0.4473569828479722,0.1597703510171329
general,A091,124,2026-05-29,0,1,0.024232633279483107,0.16042913359327013,0.13369094466105846
general,A093,97,2026-05-11,0,1,0.059590316573556734,0.3807663156316869,0.35696842090470643
general,A094,114,2026-05-21,0,1,0.029209621993127044,0.15559209415529598,0.12966007846274666
general,A096,135,2026-06-09,1,0,-0.0754305399431272,0.9260342305152213,0.07252075299215588
general,A096,167,2026-07-01,0,1,-0.017205318460235985,0.7232654210134011,0.07890168229237103
personalized,A002,159,2026-06-25,0,1,0.05580029368575623,0.4338852949695858,0.14462843165652858
personalized,A006,97,2026-05-11,0,1,0.09107415577804168,0.4666022112964228,0.17529806833235775
personalized,A008,171,2026-07-03,1,0,-0.0721165947526573,0.920561278131266,0.07928660218486125
personalized,A012,136,2026-06-09,0,1,0.03870967741935494,0.4243931779026026,0.18992180889563987
personalized,A017,114,2026-05-21,0,1,0.029209621993127044,0.6281008755190955,0.12165917859153652
personalized,A017,159,2026-06-25,0,1,0.05580029368575623,0.6319485669166085,0.12086448001137322
personalized,A023,93,2026-05-07,0,1,0.022556390977443552,0.1582840150602585,0.13190334588354874
personalized,A023,97,2026-05-11,0,1,0.07937300319488805,0.5895223120147244,0.13337608869111411
personalized,A027,136,2026-06-09,0,1,0.03870967741935494,0.1578102601173775,0.1315085500978146
personalized,A028,173,2026-07-06,0,1,0.03392568659127626,0.1659280563602298,0.1382733803001915
personalized,A029,124,2026-05-29,0,1,0.024232633279483107,0.6258797457473795,0.3736240307313254
personalized,A029,128,2026-06-02,0,1,0.0,0.3795500320540325,0.12998288768973715
personalized,A029,159,2026-06-25,0,1,0.05580029368575623,0.5216321354415301,0.26081606772076504
personalized,A035,124,2026-05-29,0,1,0.058430717863105164,0.6282432405104249,0.3692531699326579
personalized,A035,134,2026-06-08,1,0,-0.09370063464789513,0.9136897596086829,0.08487828367949514
personalized,A035,157,2026-06-24,1,0,-0.07272614648423081,0.9138546923059568,0.08500973881915877
personalized,A035,169,2026-07-02,1,0,-0.11343181913371958,0.9116542737245086,0.08753589045129942
personalized,A035,170,2026-07-02,1,0,-0.11603254365450966,0.9531769582917046,0.04264773862602705
personalized,A035,171,2026-07-03,1,0,-0.103652064079638,0.9748963875199184,0.02133252489102666
personalized,A037,159,2026-06-25,0,1,0.05580029368575623,0.287447570659673,0.08212787733133516
personalized,A052,124,2026-05-29,0,1,0.024232633279483107,0.6270291114818712,0.3725273376015601
personalized,A054,136,2026-06-09,0,1,0.03870967741935494,0.1738740708941825,0.14489505907848543
personalized,A055,132,2026-06-05,1,0,-0.05070467940766288,0.9067146920414043,0.09290225278157023
personalized,A055,133,2026-06-08,1,0,-0.1501638568321254,0.9480878844161892,0.05164789711925648
personalized,A055,134,2026-06-08,1,0,-0.13584363312893044,0.9742001018336195,0.025695644887813358
personalized,A055,135,2026-06-09,1,0,-0.0901801077870007,0.9876812268131657,0.01230406964319912
personalized,A056,134,2026-06-08,1,0,-0.14941288016920728,0.9214923155471446,0.030114127959057015
personalized,A056,135,2026-06-09,1,0,-0.10329670329670326,0.9611587725481823,0.03627014236030877
personalized,A059,124,2026-05-29,0,1,0.024232633279483107,0.7490015198427975,0.2458113096009181
personalized,A059,136,2026-06-09,0,1,0.07334805690064328,0.738199688280977,0.08112084486604143
personalized,A069,133,2026-06-08,1,0,-0.16617493587680143,0.9258971025501262,0.0739612866140472
personalized,A069,164,2026-06-29,1,0,-0.08198426280510285,0.9125854882612277,0.08722286407061662
personalized,A069,165,2026-06-30,1,0,-0.07330169740868053,0.9563261270685,0.04361732506030599
personalized,A073,124,2026-05-29,0,1,0.024232633279483107,0.3226325782108742,0.29330234382806747
personalized,A076,132,2026-06-05,1,0,-0.06329258943839122,0.9455574017295658,0.05408790116591766
personalized,A076,133,2026-06-08,1,0,-0.16275823928730682,0.9696184895439923,0.03034407561306206
personalized,A076,134,2026-06-08,1,0,-0.1512916452783979,0.9849044890472878,0.015036709756447142
personalized,A076,135,2026-06-09,1,0,-0.10758476040253784,0.9925667606361014,0.006966358510921543
personalized,A080,93,2026-05-07,0,1,0.022556390977443552,0.6699169004991371,0.32985756014424517
personalized,A080,124,2026-05-29,0,1,0.024232633279483107,0.6271171297129936,0.3726453233207846
personalized,A080,131,2026-06-05,1,0,-0.06369527756340454,0.900967565151902,0.09876495757933387
personalized,A080,132,2026-06-05,1,0,-0.06983434203557959,0.9498514438143156,0.0501026307010589
personalized,A080,133,2026-06-08,1,0,-0.16855265720321166,0.9719307636893763,0.027896081468552377
personalized,A080,136,2026-06-09,1,0,-0.08181729524450565,0.9680767288853662,0.03169298814803282
personalized,A080,167,2026-07-01,0,1,0.0014970059880239361,0.6129140838720463,0.11256457004077984
personalized,A081,97,2026-05-11,0,1,0.059590316573556734,0.630316514310501,0.3694958876992592
personalized,A083,93,2026-05-07,0,1,0.022556390977443552,0.13604602890644668,0.11337169075537223
personalized,A093,136,2026-06-09,0,1,0.03870967741935494,0.172134383495627,0.14344531957968917
