run_id,date,turn,subturn,stock_code,submitted_orders,announced_price,close_price,volume,fill_count
ADVISOR_GENERAL_20261001_TO_20260710,2026-05-06,91,am,005930,100,254000.0,254000.0,16395,100
ADVISOR_GENERAL_20261001_TO_20260710,2026-05-06,92,pm,005930,100,266000.0,266000.0,13400,100
ADVISOR_GENERAL_20261001_TO_20260710,2026-05-07,93,am,005930,100,272000.0,272000.0,25099,100
ADVISOR_GENERAL_20261001_TO_20260710,2026-05-07,94,pm,005930,100,271500.0,271500.0,24649,100
ADVISOR_GENERAL_20261001_TO_20260710,2026-05-08,95,am,005930,100,260000.0,260000.0,33506,100
ADVISOR_GENERAL_20261001_TO_20260710,2026-05-08,96,pm,005930,100,268500.0,268500.0,31031,100
ADVISOR_GENERAL_20261001_TO_20260710,2026-05-11,97,am,005930,100,284500.0,284500.0,45833,100
ADVISOR_GENERAL_20261001_TO_20260710,2026-05-11,98,pm,005930,100,285500.0,285500.0,20647,100
ADVISOR_GENERAL_20261001_TO_20260710,2026-05-12,99,am,005930,100,290000.0,290000.0,18051,100
ADVISOR_GENERAL_20261001_TO_20260710,2026-05-12,100,pm,005930,100,279000.0,279000.0,27417,100
ADVISOR_GENERAL_20261001_TO_20260710,2026-05-13,101,am,005930,100,264000.0,264000.0,27649,100
ADVISOR_GENERAL_20261001_TO_20260710,2026-05-13,102,pm,005930,100,284000.0,284000.0,22655,100
ADVISOR_GENERAL_20261001_TO_20260710,2026-05-14,103,am,005930,100,282000.0,282000.0,16942,100
ADVISOR_GENERAL_20261001_TO_20260710,2026-05-14,104,pm,005930,100,296000.0,296000.0,34314,100
ADVISOR_GENERAL_20261001_TO_20260710,2026-05-15,105,am,005930,100,291000.0,291000.0,29238,100
ADVISOR_GENERAL_20261001_TO_20260710,2026-05-15,106,pm,005930,100,270500.0,270500.0,26864,100
ADVISOR_GENERAL_20261001_TO_20260710,2026-05-18,107,am,005930,100,269500.0,269500.0,19299,100
ADVISOR_GENERAL_20261001_TO_20260710,2026-05-18,108,pm,005930,100,281000.0,281000.0,28162,100
ADVISOR_GENERAL_20261001_TO_20260710,2026-05-19,109,am,005930,100,274000.0,274000.0,30420,100
ADVISOR_GENERAL_20261001_TO_20260710,2026-05-19,110,pm,005930,100,275500.0,275500.0,28002,100
ADVISOR_GENERAL_20261001_TO_20260710,2026-05-20,111,am,005930,100,278000.0,278000.0,23795,100
ADVISOR_GENERAL_20261001_TO_20260710,2026-05-20,112,pm,005930,100,276000.0,276000.0,26929,100
ADVISOR_GENERAL_20261001_TO_20260710,2026-05-21,113,am,005930,100,291000.0,291000.0,29106,100
ADVISOR_GENERAL_20261001_TO_20260710,2026-05-21,114,pm,005930,100,299500.0,299500.0,29136,100
ADVISOR_GENERAL_20261001_TO_20260710,2026-05-22,115,am,005930,100,300000.0,300000.0,18828,100
ADVISOR_GENERAL_20261001_TO_20260710,2026-05-22,116,pm,005930,100,292500.0,292500.0,17422,100
ADVISOR_GENERAL_20261001_TO_20260710,2026-05-26,117,am,005930,100,298000.0,298000.0,14052,100
ADVISOR_GENERAL_20261001_TO_20260710,2026-05-26,118,pm,005930,100,299000.0,299000.0,17318,100
ADVISOR_GENERAL_20261001_TO_20260710,2026-05-27,119,am,005930,100,321500.0,321500.0,19036,100
ADVISOR_GENERAL_20261001_TO_20260710,2026-05-27,120,pm,005930,100,307000.0,307000.0,27676,100
ADVISOR_GENERAL_20261001_TO_20260710,2026-05-28,121,am,005930,100,305000.0,305000.0,22884,100
ADVISOR_GENERAL_20261001_TO_20260710,2026-05-28,122,pm,005930,100,299500.0,299500.0,25167,100
ADVISOR_GENERAL_20261001_TO_20260710,2026-05-29,123,am,005930,100,309500.0,309500.0,19913,100
ADVISOR_GENERAL_20261001_TO_20260710,2026-05-29,124,pm,005930,100,317000.0,317000.0,21875,100
ADVISOR_GENERAL_20261001_TO_20260710,2026-06-01,125,am,005930,100,319500.0,319500.0,16638,100
ADVISOR_GENERAL_20261001_TO_20260710,2026-06-01,126,pm,005930,100,349000.0,349000.0,15955,100
ADVISOR_GENERAL_20261001_TO_20260710,2026-06-02,127,am,005930,100,360500.0,360500.0,16108,100
ADVISOR_GENERAL_20261001_TO_20260710,2026-06-02,128,pm,005930,100,360500.0,360500.0,19330,100
ADVISOR_GENERAL_20261001_TO_20260710,2026-06-04,129,am,005930,100,349000.0,349000.0,25601,100
ADVISOR_GENERAL_20261001_TO_20260710,2026-06-04,130,pm,005930,100,351500.0,351500.0,16395,100
ADVISOR_GENERAL_20261001_TO_20260710,2026-06-05,131,am,005930,100,333500.0,333500.0,22286,100
ADVISOR_GENERAL_20261001_TO_20260710,2026-06-05,132,pm,005930,100,329000.0,329000.0,22252,100
ADVISOR_GENERAL_20261001_TO_20260710,2026-06-08,133,am,005930,100,293000.0,293000.0,28356,100
ADVISOR_GENERAL_20261001_TO_20260710,2026-06-08,134,pm,005930,100,295500.0,295500.0,22118,100
ADVISOR_GENERAL_20261001_TO_20260710,2026-06-09,135,am,005930,100,310000.0,310000.0,24776,100
ADVISOR_GENERAL_20261001_TO_20260710,2026-06-09,136,pm,005930,100,322000.0,322000.0,39661,100
ADVISOR_GENERAL_20261001_TO_20260710,2026-06-10,137,am,005930,100,311000.0,311000.0,25414,100
ADVISOR_GENERAL_20261001_TO_20260710,2026-06-10,138,pm,005930,100,302500.0,302500.0,23220,100
ADVISOR_GENERAL_20261001_TO_20260710,2026-06-11,139,am,005930,100,290500.0,290500.0,31448,100
ADVISOR_GENERAL_20261001_TO_20260710,2026-06-11,140,pm,005930,100,299000.0,299000.0,25702,100
ADVISOR_GENERAL_20261001_TO_20260710,2026-06-12,141,am,005930,100,326000.0,326000.0,27826,100
ADVISOR_GENERAL_20261001_TO_20260710,2026-06-12,142,pm,005930,100,322500.0,322500.0,31677,100
ADVISOR_GENERAL_20261001_TO_20260710,2026-06-15,143,am,005930,100,342500.0,342500.0,17563,100
ADVISOR_GENERAL_20261001_TO_20260710,2026-06-15,144,pm,005930,100,337000.0,337000.0,14824,100
ADVISOR_GENERAL_20261001_TO_20260710,2026-06-16,145,am,005930,100,343000.0,343000.0,14806,100
ADVISOR_GENERAL_20261001_TO_20260710,2026-06-16,146,pm,005930,100,343000.0,343000.0,17726,100
ADVISOR_GENERAL_20261001_TO_20260710,2026-06-17,147,am,005930,100,332000.0,332000.0,21602,100
ADVISOR_GENERAL_20261001_TO_20260710,2026-06-17,148,pm,005930,100,346500.0,346500.0,20619,100
ADVISOR_GENERAL_20261001_TO_20260710,2026-06-18,149,am,005930,100,345000.0,345000.0,22034,100
ADVISOR_GENERAL_20261001_TO_20260710,2026-06-18,150,pm,005930,100,362500.0,362500.0,28750,100
ADVISOR_GENERAL_20261001_TO_20260710,2026-06-19,151,am,005930,100,372500.0,372500.0,23511,100
ADVISOR_GENERAL_20261001_TO_20260710,2026-06-19,152,pm,005930,100,354000.0,354000.0,19826,100
ADVISOR_GENERAL_20261001_TO_20260710,2026-06-22,153,am,005930,100,343000.0,343000.0,16815,100
ADVISOR_GENERAL_20261001_TO_20260710,2026-06-22,154,pm,005930,100,353500.0,353500.0,20507,100
ADVISOR_GENERAL_20261001_TO_20260710,2026-06-23,155,am,005930,100,347500.0,347500.0,25187,100
ADVISOR_GENERAL_20261001_TO_20260710,2026-06-23,156,pm,005930,100,310000.0,310000.0,31289,100
ADVISOR_GENERAL_20261001_TO_20260710,2026-06-24,157,am,005930,100,314000.0,314000.0,22155,100
ADVISOR_GENERAL_20261001_TO_20260710,2026-06-24,158,pm,005930,100,340500.0,340500.0,37036,100
ADVISOR_GENERAL_20261001_TO_20260710,2026-06-25,159,am,005930,100,359500.0,359500.0,22105,100
ADVISOR_GENERAL_20261001_TO_20260710,2026-06-25,160,pm,005930,100,358500.0,358500.0,28769,100
ADVISOR_GENERAL_20261001_TO_20260710,2026-06-26,161,am,005930,100,354000.0,354000.0,20425,100
ADVISOR_GENERAL_20261001_TO_20260710,2026-06-26,162,pm,005930,100,339500.0,339500.0,20628,100
ADVISOR_GENERAL_20261001_TO_20260710,2026-06-29,163,am,005930,100,331000.0,331000.0,15632,100
ADVISOR_GENERAL_20261001_TO_20260710,2026-06-29,164,pm,005930,100,323000.0,323000.0,17687,100
ADVISOR_GENERAL_20261001_TO_20260710,2026-06-30,165,am,005930,100,323500.0,323500.0,17897,100
ADVISOR_GENERAL_20261001_TO_20260710,2026-06-30,166,pm,005930,100,334000.0,334000.0,20519,100
ADVISOR_GENERAL_20261001_TO_20260710,2026-07-01,167,am,005930,100,334500.0,334500.0,22791,100
ADVISOR_GENERAL_20261001_TO_20260710,2026-07-01,168,pm,005930,100,314500.0,314500.0,21711,100
ADVISOR_GENERAL_20261001_TO_20260710,2026-07-02,169,am,005930,100,290000.0,290000.0,27266,100
ADVISOR_GENERAL_20261001_TO_20260710,2026-07-02,170,pm,005930,100,286000.0,286000.0,27644,100
ADVISOR_GENERAL_20261001_TO_20260710,2026-07-03,171,am,005930,100,288500.0,288500.0,29150,100
ADVISOR_GENERAL_20261001_TO_20260710,2026-07-03,172,pm,005930,100,309500.0,309500.0,31062,100
ADVISOR_GENERAL_20261001_TO_20260710,2026-07-06,173,am,005930,100,320000.0,320000.0,32001,100
ADVISOR_GENERAL_20261001_TO_20260710,2026-07-06,174,pm,005930,100,318000.0,318000.0,24887,100
ADVISOR_GENERAL_20261001_TO_20260710,2026-07-07,175,am,005930,100,307000.0,307000.0,23461,100
ADVISOR_GENERAL_20261001_TO_20260710,2026-07-07,176,pm,005930,100,296000.0,296000.0,22180,100
ADVISOR_GENERAL_20261001_TO_20260710,2026-07-08,177,am,005930,100,285500.0,285500.0,19137,100
ADVISOR_GENERAL_20261001_TO_20260710,2026-07-08,178,pm,005930,100,277500.0,277500.0,26099,100
ADVISOR_GENERAL_20261001_TO_20260710,2026-07-09,179,am,005930,100,288500.0,288500.0,19399,100
ADVISOR_GENERAL_20261001_TO_20260710,2026-07-09,180,pm,005930,100,278000.0,278000.0,42408,100
ADVISOR_GENERAL_20261001_TO_20260710,2026-07-10,181,am,005930,100,291000.0,291000.0,29200,100
ADVISOR_GENERAL_20261001_TO_20260710,2026-07-10,182,pm,005930,100,285000.0,285000.0,22998,100
