일자,기관 합계,기타법인,개인,외국인 합계,전체
"2026/07/22","-463807452250","-9976246000","-109576096750","583359795000","0"
"2026/07/21","468825855250","-29233928750","-940342512500","500750586000","0"
"2026/07/20","-359075687750","20769877250","54385547250","283920263250","0"
"2026/07/16","-1168340501750","46510638250","1335791889750","-213962026250","0"
"2026/07/15","-114993848250","-6333753750","-388197553750","509525155750","0"
"2026/07/14","1378348505500","-16512762250","-1061658015000","-300177728250","0"
"2026/07/13","-852749702500","-60895468500","1101169858500","-187524687500","0"
"2026/07/10","667280084250","-25260461500","-832870984500","190851361750","0"
"2026/07/09","311452419000","-59740381750","-489460949500","237748912250","0"
"2026/07/08","283642027500","3592413500","583728964500","-870963405500","0"
"2026/07/07","-547519681500","37764107000","2323149761750","-1813394187250","0"
"2026/07/06","5808876500","27506863500","596429786500","-629745526500","0"
"2026/07/03","1306315309750","6929390500","-918447121750","-394797578500","0"
"2026/07/02","-616213221250","64870114250","2022858220250","-1471515113250","0"
"2026/07/01","-585369217750","15453410000","1652059958250","-1082144150500","0"
"2026/06/30","909288281000","-2521578250","-38274265000","-868492437750","0"
"2026/06/29","801013609250","106726626500","2942094169750","-3849834405500","0"
"2026/06/26","-1209421591750","91633405500","3132016798500","-2014228612250","0"
"2026/06/25","1222591185500","17486793250","-611340106750","-628737872000","0"
"2026/06/24","972587277000","-11566563750","-779148544000","-181872169250","0"
"2026/06/23","-1406332976250","36369081250","2131058668500","-761094773500","0"
"2026/06/22","-116370434750","23861611500","529085323250","-436576500000","0"
"2026/06/19","-501606383500","-7634800250","1408733410500","-899492226750","0"
"2026/06/18","689030323500","-71670225000","-1490036709500","872676611000","0"
"2026/06/17","389336430500","-3640083250","282262765750","-667959113000","0"
"2026/06/16","284536661500","-23118277000","-254887062500","-6531322000","0"
"2026/06/15","181114969500","-2991599750","440643598500","-618766968250","0"
"2026/06/12","1097528696500","-80431848000","-1979878605750","962781757250","0"
"2026/06/11","-1624393320000","49131035250","1402226262000","173036022750","0"
"2026/06/10","-862333334750","81153648750","1950408341500","-1169228655500","0"
"2026/06/09","564860475500","49637413500","-123615662750","-490882226250","0"
"2026/06/08","-1185913793500","85208752000","1450834633250","-350129591750","0"
"2026/06/05","-479275773500","90172768500","1794967081000","-1405864076000","0"
"2026/06/04","1153954509500","57038832250","3183227046750","-4394220388500","0"
"2026/06/02","1103593205500","-5111554500","2836575341250","-3935056992250","0"
"2026/06/01","1289917753000","-160786378000","-1087601348000","-41530027000","0"
"2026/05/29","1666582391750","-4759393000","-1334073074250","-327749924500","0"
"2026/05/28","-473128804000","85440990000","1937762819250","-1550075005250","0"
"2026/05/27","495290783500","-54356358750","-360083856750","-80850568000","0"
"2026/05/26","454874641710","-42659083500","-982800524000","570584965790","0"
"2026/05/22","-89329427250","36457373000","1060388452000","-1007516397750","0"
"2026/05/21","772880408000","-102942513750","-1765363669750","1095425775500","0"
"2026/05/20","753511476500","58901422000","767169754500","-1579582653000","0"
"2026/05/19","394423584000","7008680500","2134108801750","-2535541066250","0"
"2026/05/18","785961611250","-2871761750","458385259750","-1241475109250","0"
"2026/05/15","-420703382000","36608491000","2870828782500","-2486733891500","0"
"2026/05/14","72805605250","7393825000","-308401956250","228202526000","0"
"2026/05/13","456101309000","81787809500","1006836797000","-1544725915500","0"
"2026/05/12","-17641942500","27373205500","2190554996500","-2200286259500","0"
"2026/05/11","457200334000","67001703750","1753615686750","-2277817724500","0"
"2026/05/08","285970260750","52292893500","2200058912750","-2538322067000","0"
"2026/05/07","166663960000","40774336750","2573006462000","-2780444758750","0"
"2026/05/06","-587966300500","-77900965000","-2419070101250","3084937366750","0"
"2026/05/04","992846122000","-12166173250","-2177785336000","1197105387250","0"
"2026/04/30","30726830000","14153992000","129042397000","-173923219000","0"
"2026/04/29","241309775500","-15656303750","-680974831000","455321359250","0"
"2026/04/28","201716441000","4813339500","476701321500","-683231102000","0"
"2026/04/27","458895975500","-17004219500","-1451072427250","1009180671250","0"
"2026/04/24","-13952338500","27734698000","1061091359500","-1074873719000","0"
"2026/04/23","155735536000","-12602883500","-891805196750","748672544250","0"
"2026/04/22","-142166700250","1798489500","422184239250","-281816028500","0"
"2026/04/21","267648062000","-4744132250","-546903832250","283999902500","0"
"2026/04/20","26064890500","302802100750","292144906750","-621011898000","0"
"2026/04/17","187711191500","409591603500","90353236000","-687656031000","0"
"2026/04/16","306013532500","398603500000","-1075241364000","370624331500","0"
"2026/04/15","122930328750","418109547750","-555689579500","14649703000","0"
"2026/04/14","642663860250","372608087250","-912124720500","-103147227000","0"
"2026/04/13","-447451231200","383546764450","351821950400","-287917483650","0"
"2026/04/10","-98774015250","405821305500","-405652159750","98604869500","0"
"2026/04/09","-2754350281808","376219693000","103483718000","2274646870808","0"
"2026/04/08","794599900500","347921492250","-1639737405000","497216012250","0"
"2026/04/07","112930735950","367659239750","58473003200","-539062978900","0"
"2026/04/06","323263108350","348864206550","-903837704700","231710389800","0"
"2026/04/03","355628016600","467744795350","-919942756400","96569944450","0"
"2026/04/02","-541771080250","342944291500","456556594000","-257729805250","0"
"2026/04/01","1257406078200","320102136700","-1566663749150","-10844465750","0"
"2026/03/31","103102387300","342980105950","1535455243000","-1981537736250","0"
"2026/03/30","273274897900","335193754300","87209892150","-695678544350","0"
"2026/03/27","122255464750","327893087000","1342839170700","-1792987722450","0"
"2026/03/26","-303567641850","350302567850","1985263459250","-2031998385250","0"
"2026/03/25","564787397550","356450065350","258096739850","-1179334202750","0"
"2026/03/24","-39605246500","324173840200","884438631650","-1169007225350","0"
"2026/03/23","-1220811824000","369346762500","2363185854100","-1511720792600","0"
"2026/03/20","-1423501162216","29327799350","1472172659750","-77999296884","0"
"2026/03/19","-224799972850","47049013950","605902595050","-428151636150","0"
"2026/03/18","903164318550","-20646559850","-1162743695300","280225936600","0"
"2026/03/17","308947820450","7129310250","-391059080150","74981949450","0"
"2026/03/16","173811192000","27683280150","-110136762950","-91357709200","0"
"2026/03/13","-410915427400","-1073593950","930769456400","-518780435050","0"
"2026/03/12","77668046400","29567772900","805003304050","-912239123350","0"
"2026/03/11","100572589300","7641036750","40594033950","-148807660000","0"
"2026/03/10","199226321700","-25367369950","-949787047350","775928095600","0"
"2026/03/09","-526758354800","58523119950","1847694153100","-1379458918250","0"
"2026/03/06","-562122649900","85853417050","1633702118900","-1157432886050","0"
"2026/03/05","-673468470450","200633353700","808927370750","-336092254000","0"
"2026/03/04","291383446700","262863989650","141029123750","-695276560100","0"
"2026/03/03","217680314000","290414192400","2688631635200","-3196726141600","0"
"2026/02/27","329230826750","271180594000","3623823407500","-4224234828250","0"