date,open,high,low,close,adj_close,volume,pct_chg,volume_chg,ma5,ma20,volatility_20d,rsi_14,macd,macd_signal,macd_hist,bb_upper,bb_lower,bb_pct
2025-01-02,52700,53600,52300,53400,52164.56,16630538,,,,,0.015343,,,,,,,
2025-01-03,52800,55100,52800,54400,53141.43,19318046,0.018727,0.161601,,,,,,,,,,
2025-01-06,54400,56200,54300,55900,54606.72,19034284,0.027574,-0.014689,,,0.006114,,,,,,,
2025-01-07,56800,57300,55400,55400,54118.29,17030235,-0.008945,-0.105286,,,0.018897,,,,,,,
2025-01-08,54800,57500,54700,57300,55974.34,26593553,0.034296,0.561549,55280,,0.018795,,,,,,,
2025-01-09,57600,57700,56100,56100,54802.09,24490592,-0.020942,-0.079078,55820,,0.023787,,,,,,,
2025-01-10,56100,56500,55200,55300,54020.6,16059223,-0.01426,-0.34427,56000,,0.023462,,,,,,,
2025-01-13,54600,55000,54100,54100,52848.37,16868600,-0.0217,0.0504,55640,,0.023851,,,,,,,
2025-01-14,54200,54600,53700,53900,52652.99,17465926,-0.003697,0.035411,55340,,0.022169,,,,,,,
2025-01-15,54100,54700,53500,53700,52457.62,18625025,-0.003711,0.066363,54620,,0.020801,,,,,,,
2025-01-16,54200,55000,54100,54300,53043.74,18627298,0.011173,0.000122,54260,,0.01989,,,,,,,
2025-01-17,53800,54100,53200,53700,52457.62,18805344,-0.01105,0.009558,53940,,0.019259,,,,,,,
2025-01-20,53600,53900,53300,53400,52164.56,11822531,-0.005587,-0.371321,53800,,0.018447,,,,,,,
2025-01-21,53700,54300,53300,53500,52262.24,13535702,0.001873,0.144907,53720,,0.01767,44.886,,,,,,
2025-01-22,53400,54400,53100,54300,53043.74,18341991,0.014953,0.355082,53840,,0.017425,51.9501,,,,,,
2025-01-23,53700,54100,53500,53700,52457.62,15588067,-0.01105,-0.150143,53720,,0.017089,47.0766,,,,,,
2025-01-24,53600,53800,53200,53700,52457.62,11867631,0,-0.238672,53720,,0.01651,47.0766,,,,,,
2025-01-31,52200,53000,51700,52400,51187.7,42186279,-0.024209,2.554735,53520,,0.017085,38.096,,,,,,
2025-02-03,51100,51400,50800,51000,49820.08,32344897,-0.026718,-0.233284,53020,,0.017669,31.1945,,,,,,
2025-02-04,51600,53600,51500,52700,51480.76,27214851,0.033333,-0.158604,52700,54110,0.018989,44.3728,,,,56910.68,51309.32,0.2483
2025-02-05,53600,53800,52800,52900,51676.12,15974885,0.003795,-0.413009,52540,54085,0.01851,45.6906,,,,56921.06,51248.94,0.2911
2025-02-06,53400,54000,53200,54000,52750.68,16466025,0.020794,0.030745,52600,54065,0.018625,52.3738,,,,56897.35,51232.65,0.4885
2025-02-07,53900,54200,53600,53700,52457.62,14476866,-0.005556,-0.120804,52860,53955,0.017478,50.5469,,,,56655.08,51254.92,0.4528
2025-02-10,53000,55900,52900,55600,54313.66,27577591,0.035382,0.904942,53780,53965,0.019211,60.0512,,,,56688.99,51241.01,0.8001
2025-02-11,55500,56300,55000,55700,54411.35,24596196,0.001799,-0.108109,54380,53885,0.01753,60.4817,,,,56269.4,51500.6,0.8806
2025-02-12,55100,55900,54500,55800,54509.04,26428596,0.001795,0.074499,54960,53870,0.01691,60.9351,255.5258,,,56198.86,51541.14,0.9144
2025-02-13,56100,56400,55600,55800,54509.04,22448377,0,-0.150603,55320,53895,0.016581,60.9351,356.7488,,,56298.05,51491.95,0.8964
2025-02-14,56000,57300,56000,56000,54704.41,23979779,0.003584,0.068219,55780,53990,0.015728,61.9476,447.9435,,,56570.82,51409.18,0.8894
2025-02-17,56100,56500,55700,56000,54704.41,11916027,0,-0.50308,55860,54095,0.015682,61.9476,514.2876,,,56826.86,51363.14,0.8487
2025-02-18,56200,57200,55900,56900,55583.59,22131007,0.016071,0.857247,56100,54255,0.015925,66.4816,632.2006,,,57251.47,51258.53,0.9414
2025-02-19,57400,58900,57300,58700,57341.94,25395151,0.031634,0.147492,56680,54475,0.017059,73.3269,860.9677,,,58071.42,50878.58,1.0874
2025-02-20,59100,59100,58100,58400,57048.88,21589059,-0.005111,-0.149875,57200,54710,0.016833,70.7341,1006.458,,,58687.25,50732.75,0.9639
2025-02-21,58400,58500,57100,58200,56853.5,22198428,-0.003425,0.028226,57640,54950,0.016773,68.9829,1093.0221,,,59166.51,50733.49,0.8854
2025-02-24,57300,57700,57200,57300,55974.34,14138471,-0.015464,-0.363087,57900,55140,0.01735,61.5929,1076.5921,739.7082,336.8839,59423.33,50856.67,0.7521
2025-02-25,56600,57800,56500,57200,55876.64,14625181,-0.001745,0.034425,57960,55285,0.017172,60.8134,1043.4734,800.4612,243.0122,59644.27,50925.73,0.7196
2025-02-26,57000,57100,56100,56600,55290.52,18117091,-0.01049,0.23876,57540,55430,0.017148,56.216,957.7711,831.9232,125.8479,59760.11,51099.89,0.6351
2025-02-27,56500,57100,56200,56300,54997.46,14975356,-0.0053,-0.173413,57120,55560,0.017232,54.0172,855.779,836.6944,19.0846,59827.08,51292.92,0.5867
2025-02-28,55400,55700,54500,54500,53239.11,28036698,-0.031972,0.872189,56380,55665,0.017965,43.1193,622.5285,793.8612,-171.3327,59701.82,51628.18,0.3557
2025-03-04,53900,55000,53800,54500,53239.11,18553933,0,-0.338227,55820,55840,0.016631,43.1193,432.688,721.6265,-288.9386,59285.45,52394.55,0.3055
2025-03-05,55100,55400,54000,54000,52750.68,16578817,-0.009174,-0.106453,55180,55905,0.015314,40.4878,239.1356,625.1284,-385.9928,59143.89,52666.11,0.2059
2025-03-06,54100,54500,54000,54300,53043.74,12258101,0.005556,-0.260617,54720,55975,0.015334,42.7456,108.6984,521.8424,-413.144,58993.45,52956.55,0.2225
2025-03-07,53500,54200,53400,53700,52457.62,14274992,-0.01105,0.164535,54200,55960,0.014868,39.5166,-42.5979,408.9543,-451.5522,59022.44,52897.56,0.131
2025-03-10,53500,54800,53500,53700,52457.62,12921670,0,-0.094804,54040,55960,0.014816,39.5166,-160.6495,295.0335,-455.6831,59022.44,52897.56,0.131
2025-03-11,52500,54100,52500,53600,52359.93,17740891,-0.001862,0.372957,53860,55860,0.01235,38.9479,-259.2865,184.1695,-443.456,59097.54,52622.46,0.151
2025-03-12,53800,55300,53600,54900,53629.85,17973221,0.024254,0.013096,54040,55820,0.013622,49.1858,-229.9077,101.3541,-331.2618,59085.51,52554.49,0.3591
2025-03-13,55800,55900,54200,54700,53434.48,24132151,-0.003643,0.342673,54120,55765,0.013624,47.8562,-220.2245,37.0384,-257.2628,59068.76,52461.24,0.3388
2025-03-14,54500,55100,54400,54700,53434.48,10845154,0,-0.550593,54320,55710,0.013624,47.8562,-210.1282,-12.3949,-197.7333,59047.76,52372.24,0.3487
2025-03-17,55500,57800,55400,57600,56267.39,35559021,0.053016,2.278794,55100,55790,0.01801,64.1521,31.5156,-3.6128,35.1284,59232.09,52347.91,0.7629
2025-03-18,58800,59000,57300,57600,56267.39,28138594,0,-0.208679,55900,55870,0.01801,64.1521,220.4785,41.2054,179.2731,59405.74,52334.26,0.7446
2025-03-19,57400,59200,57400,58500,57146.57,29421759,0.015625,0.045602,56620,55950,0.017991,67.7767,437.8087,120.5261,317.2826,59652.35,52247.65,0.8444
2025-03-20,59200,60300,58500,60200,58807.23,34989004,0.02906,0.189222,57720,56025,0.017781,73.2737,738.7049,244.1619,494.5431,60011.75,52038.25,1.0236
2025-03-21,60900,61700,60400,61700,60272.54,40155612,0.024917,0.147664,59120,56190,0.01845,77.0017,1085.6896,412.4674,673.2222,60813.01,51566.99,1.0959
2025-03-24,61200,61600,60500,60500,59100.3,14088094,-0.019449,-0.649163,59700,56305,0.019081,68.7408,1249.4447,579.8629,669.5818,61242.28,51367.72,0.9248
2025-03-25,60900,61100,59500,59800,58416.49,17259455,-0.01157,0.225109,60140,56430,0.01891,64.4005,1307.6637,725.423,582.2407,61594.7,51265.3,0.8263
2025-03-26,59800,61400,59700,61400,59979.47,16431645,0.026756,-0.047963,60720,56640,0.019639,69.1892,1466.0101,873.5405,592.4696,62258.17,51021.83,0.9236
2025-03-27,60900,62000,60800,61800,60370.22,20389790,0.006515,0.240885,61040,56900,0.019363,70.266,1605.2728,1019.8869,585.3859,62973.24,50826.76,0.9034
2025-03-28,60700,61100,60000,60200,59156.62,16282514,-0.02589,-0.201438,60740,57095,0.02045,61.0715,1568.4527,1129.6001,438.8526,63335.27,50854.73,0.7488
2025-03-31,59500,59700,57800,57800,56798.22,17633494,-0.039867,0.082971,60200,57260,0.021271,50.4149,1330.278,1169.7357,160.5423,63384.81,51135.19,0.5441
2025-04-01,58700,59600,57900,58800,57780.89,13841706,0.017301,-0.215033,60000,57475,0.021491,54.0154,1208.286,1177.4457,30.8403,63492.82,51457.18,0.6101
2025-04-02,58800,59400,58300,58800,57780.89,14402297,0,0.0405,59480,57715,0.021295,54.0154,1098.9387,1161.7443,-62.8056,63528.7,51901.3,0.5933
2025-04-03,56900,57800,56900,57600,56601.69,19508076,-0.020408,0.354511,58640,57880,0.022004,49.0578,905.0177,1110.399,-205.3813,63468.56,52291.44,0.4749
2025-04-04,56200,58200,55700,56100,55127.68,23527139,-0.026042,0.20602,57820,58000,0.022769,43.6631,623.1135,1012.9419,-389.8284,63306.6,52693.4,0.321
2025-04-07,53300,54100,53100,53200,52277.95,31998883,-0.051693,0.360084,56900,57975,0.025913,35.5287,163.8084,843.1152,-679.3068,63370.86,52579.14,0.0575
2025-04-08,55000,55300,53300,53500,52572.75,25532845,0.005639,-0.202071,55840,57970,0.025946,36.8396,-173.9811,639.6959,-813.6771,63383.08,52556.92,0.0871
2025-04-09,53300,54300,52900,53000,52081.42,20576960,-0.009346,-0.194098,54680,57875,0.025384,35.5425,-476.5344,416.4499,-892.9843,63574.08,52175.92,0.0723
2025-04-10,56600,56700,55000,56400,55422.48,22948172,0.064151,0.115236,54440,57960,0.029119,48.7556,-436.9219,245.7755,-682.6974,63508.41,52411.59,0.3594
2025-04-11,55600,55700,54800,55200,54243.29,13930480,-0.021277,-0.392959,54260,57985,0.029572,45.2314,-496.6339,97.2936,-593.9275,63475.77,52494.23,0.2464
2025-04-14,56300,56700,55800,56200,55225.95,12852613,0.018116,-0.077375,54860,57915,0.02738,48.5678,-457.985,-13.7621,-444.2229,63461.84,52368.16,0.3454
2025-04-15,56300,57100,56200,56600,55619.02,8998640,0.007117,-0.299859,55480,57865,0.027443,49.8829,-390.5765,-89.125,-301.4515,63441.75,52288.25,0.3866
2025-04-16,56000,56200,54500,54700,53751.95,14437025,-0.033569,0.604356,55820,57675,0.02812,44.1128,-484.8795,-168.2759,-316.6036,63417.13,51932.87,0.2409
2025-04-17,54700,55300,54500,55100,54145.02,10867069,0.007313,-0.247278,55560,57420,0.027232,45.541,-521.3291,-238.8865,-282.4426,63142.94,51697.06,0.2973
2025-04-18,55300,55600,54900,55300,54341.55,5848342,0.00363,-0.461829,55580,57100,0.026448,46.2803,-527.9909,-296.7074,-231.2836,62523.15,51676.85,0.334
2025-04-21,55200,56000,55100,55400,54439.82,5941847,0.001808,0.015988,55420,56845,0.026277,46.67,-519.2162,-341.2091,-178.007,62071.04,51618.96,0.3617
2025-04-22,54900,55500,54700,55000,54046.75,9532469,-0.00722,0.604294,55100,56605,0.026232,45.2555,-538.3332,-380.634,-157.6992,61698.85,51511.15,0.3425
2025-04-23,56000,56100,55500,55700,54734.62,11148692,0.012727,0.169549,55300,56320,0.025559,48.2136,-491.3356,-402.7743,-88.5613,60895.73,51744.27,0.4323
2025-04-24,55600,55800,55200,55700,54734.62,10580377,0,-0.050976,55420,56015,0.025448,48.2136,-448.9149,-412.0024,-36.9125,59797.1,52232.9,0.4584
2025-04-25,56400,56400,55600,55700,54734.62,12183303,0,0.1515,55500,55790,0.024979,48.2136,-410.5634,-411.7146,1.1512,59018.75,52561.25,0.4861
2025-04-28,55800,55900,55500,55800,54832.89,9341518,0.001795,-0.233252,55580,55690,0.023444,48.7081,-367.86,-402.9437,35.0837,58777.43,52602.57,0.5178
2025-04-29,55700,56500,55600,55800,54832.89,10295518,0,0.102125,55740,55540,0.023026,48.7081,-330.2107,-388.3971,58.1864,58260.99,52819.01,0.5478
2025-04-30,55900,56000,55300,55500,54538.09,13014189,-0.005376,0.264064,55700,55375,0.023025,47.1419,-320.882,-374.8941,54.0121,57622.69,53127.31,0.5278
2025-05-02,55000,55500,54200,54300,53358.88,22454204,-0.021622,0.725363,55420,55210,0.023077,41.4065,-405.6429,-381.0438,-24.5991,57244.34,53175.66,0.2763
2025-05-07,54500,55000,54300,54600,53653.68,17136991,0.005525,-0.236803,55200,55135,0.022466,43.2648,-443.4967,-393.5344,-49.9623,57141.59,53128.41,0.3667
2025-05-08,55100,55500,54500,54600,53653.68,16320532,0,-0.047643,54960,55205,0.018884,43.2648,-468.1001,-408.4475,-59.6525,57015.47,53394.53,0.3329
2025-05-09,54700,55000,54400,54800,53850.22,7814322,0.003663,-0.521197,54760,55270,0.018865,44.6228,-466.0874,-419.9755,-46.1119,56907.84,53632.16,0.3565
2025-05-12,55200,57600,55000,57600,56601.69,15414702,0.051095,0.972622,55180,55500,0.02157,59.3076,-235.8371,-383.1478,147.3107,57086.79,53913.21,1.1617
2025-05-13,57700,58200,56800,56900,55913.82,16842801,-0.012153,0.092645,55700,55525,0.016961,55.3555,-108.5944,-328.2371,219.6427,57185.53,53864.47,0.914
2025-05-14,57500,57900,57000,57400,56405.15,12468089,0.008787,-0.259738,56260,55635,0.016234,57.5324,32.2207,-256.1456,288.3663,57485.49,53784.51,0.9769
2025-05-15,57400,58600,57100,57300,56306.89,13139736,-0.001742,0.053869,56800,55690,0.015804,56.9344,134.2015,-178.0762,312.2777,57671.92,53708.08,0.9062
2025-05-16,57400,57500,56700,56800,55815.55,10385352,-0.008726,-0.209622,57200,55700,0.015878,53.9172,172.6856,-107.9238,280.6094,57703.16,53696.84,0.7746
2025-05-19,56400,56400,55500,55800,54832.89,9802105,-0.017606,-0.056161,56840,55755,0.014365,48.3933,121.097,-62.1196,183.2166,57702.17,53807.83,0.5116
2025-05-20,56200,56700,55700,55900,54931.16,9080577,0.001792,-0.073609,56640,55795,0.01429,48.9565,87.2758,-32.2406,119.5163,57718.24,53871.76,0.5273
2025-05-21,56200,56600,55700,55700,54734.62,7794181,-0.003578,-0.141665,56300,55815,0.014304,47.8322,43.8286,-17.0267,60.8553,57724.84,53905.16,0.4699
2025-05-22,55300,55500,54500,54700,53751.95,15254278,-0.017953,0.957137,55780,55780,0.01488,42.5684,-70.4827,-27.7179,-42.7648,57746.67,53813.33,0.2254
2025-05-23,55000,55200,54100,54200,53260.62,11247115,-0.009141,-0.262691,55260,55740,0.014932,40.187,-199.1257,-61.9995,-137.1262,57803.62,53676.38,0.1269
2025-05-26,53900,55000,53700,54700,53751.95,10901337,0.009225,-0.030744,55040,55690,0.014788,43.5857,-257.7591,-101.1514,-156.6077,57805.51,53574.49,0.266
2025-05-27,54200,54500,53800,53900,52965.82,13439520,-0.014625,0.232832,54640,55600,0.015104,39.6989,-364.5772,-153.8366,-210.7406,57861.81,53338.19,0.1242
2025-05-28,54300,56100,54200,55900,54931.16,17516283,0.037106,0.303341,54680,55610,0.017344,51.3736,-284.5677,-179.9828,-104.5849,57875.44,53344.56,0.564
2025-05-29,56200,56400,55600,56100,55127.68,12936810,0.003578,-0.261441,54960,55625,0.017357,52.3668,-202.6848,-184.5232,-18.1616,57899.69,53350.31,0.6044
2025-05-30,56200,57200,55800,56200,55225.95,26219683,0.001783,1.02675,55360,55645,0.01736,52.8849,-128.2446,-173.2675,45.0229,57933.16,53356.84,0.6213
2025-06-02,56300,57300,56200,56800,55815.55,12870515,0.010676,-0.509128,55780,55710,0.01745,55.9791,-20.5977,-142.7335,122.1358,58054,53366,0.7325
2025-06-04,57200,57900,56800,57800,56798.22,19649983,0.017606,0.526744,56560,55885,0.016927,60.6209,143.7478,-85.4372,229.1851,58307.07,53462.93,0.8953
2025-06-05,58100,59900,57900,59100,58075.69,23266027,0.022491,0.184023,57200,56110,0.017456,65.6864,374.5741,6.565,368.0091,58845.27,53374.73,1.0466
2025-06-09,60400,60400,59500,59800,58763.56,19609659,0.011844,-0.157155,57940,56370,0.017514,68.0682,606.9927,126.6506,480.3421,59465.74,53274.26,1.054
2025-06-10,60000,60100,58800,59200,58173.95,15305760,-0.010033,-0.219479,58540,56590,0.017818,63.9694,734.3065,248.1818,486.1248,59837.61,53342.39,0.9018
2025-06-11,59500,60100,59400,59900,58861.82,13610734,0.011824,-0.110744,59160,56705,0.014343,66.5036,881.5261,374.8506,506.6755,60252.26,53157.74,0.9503
2025-06-12,59700,60000,59300,59500,58468.76,17755115,-0.006678,0.304494,59500,56835,0.014107,63.7446,954.9144,490.8634,464.051,60596.45,53073.55,0.8543
2025-06-13,60200,60200,57700,58300,57289.55,20705979,-0.020168,0.166198,59340,56880,0.014881,56.2103,905.8036,573.8514,331.9522,60691.12,53068.88,0.6863
2025-06-16,58000,58100,56900,57200,56208.62,22200872,-0.018868,0.072196,58820,56875,0.015524,50.337,769.2546,612.9321,156.3226,60684.06,53065.94,0.5427
2025-06-17,57800,59800,57400,58100,57093.02,28637003,0.015734,0.289904,58600,56940,0.015762,54.5238,725.3003,635.4057,89.8946,60787.84,53092.16,0.6507
2025-06-18,58000,59800,57900,59800,58763.56,17620705,0.02926,-0.384688,58580,57140,0.016259,61.181,818.2101,671.9666,146.2435,61150.72,53129.28,0.8316
2025-06-19,60500,60600,59000,59200,58173.95,16876278,-0.010033,-0.042247,58520,57305,0.016537,57.9563,833.8151,704.3363,129.4788,61372.06,53237.94,0.733
2025-06-20,59400,59800,59100,59500,58468.76,18072251,0.005068,0.070867,58760,57495,0.016473,59.1166,860.4707,735.5632,124.9076,61601.21,53388.79,0.7441
2025-06-23,58400,58500,57600,58000,56994.76,16551694,-0.02521,-0.084138,58920,57660,0.017053,51.4682,751.8907,738.8287,13.062,61552.99,53767.01,0.5437
2025-06-24,59400,60600,59300,60500,59451.43,23737899,0.043103,0.434167,59400,57975,0.018903,60.6142,857.6825,762.5995,95.0831,61705.32,54244.68,0.8384
2025-06-25,61500,61600,60300,61300,60237.56,23933612,0.013223,0.008245,59700,58305,0.018964,63.0161,994.6114,809.0018,185.6095,61982.8,54627.2,0.9072
2025-06-26,61300,61300,59900,60200,59156.62,19402300,-0.017945,-0.189328,59900,58620,0.019169,57.7969,1002.8079,847.7631,155.0449,61747.2,55492.8,0.7526
2025-06-27,60100,61600,60000,60800,60112.7,17340470,0.009967,-0.106267,60160,58865,0.017786,59.7549,1045.6649,887.3434,158.3215,61859.93,55870.07,0.823
2025-06-30,61200,61200,59800,59800,59124.0,17110294,-0.016447,-0.013274,60520,59050,0.018385,55.1615,987.5539,907.3855,80.1684,61770.29,56329.71,0.6379
2025-07-01,60400,61100,60200,60200,59519.48,13650991,0.006689,-0.202177,60460,59250,0.018397,56.5987,962.6799,918.4444,44.2355,61658.32,56841.68,0.6972
2025-07-02,60200,60900,59800,60800,60112.7,15047951,0.009967,0.102334,60360,59450,0.018384,58.7352,980.0844,930.7724,49.312,61657.64,57242.36,0.8058
2025-07-03,61300,63800,61100,63800,63078.78,32040639,0.049342,1.129236,61080,59750,0.020749,67.3815,1221.8675,988.9914,232.8761,62561.63,56938.37,1.2202
2025-07-04,64700,64700,63000,63300,62584.43,23748959,-0.007837,-0.258786,61580,59960,0.020519,64.9392,1357.4882,1062.6908,294.7975,63166.83,56753.17,1.0208
2025-07-07,62900,63300,61700,61700,61002.52,17164708,-0.025276,-0.277244,61960,60055,0.021402,57.7286,1320.6385,1114.2803,206.3582,63353.15,56756.85,0.7494
2025-07-08,61600,62400,61000,61400,60705.91,20213724,-0.004862,0.177633,62200,60165,0.021284,56.4626,1252.7861,1141.9815,110.8046,63489.72,56840.28,0.6857
2025-07-09,61400,61400,60200,60400,59717.22,17533415,-0.016287,-0.132598,62120,60190,0.021524,52.3422,1105.5764,1134.7005,-29.124,63513.85,56866.15,0.5316
2025-07-10,60600,61200,60400,61000,60310.43,14768473,0.009934,-0.157696,61560,60265,0.021554,54.4883,1025.5053,1112.8614,-87.3561,63590.99,56939.01,0.6105
2025-07-11,61300,62800,61200,62600,61892.35,19140650,0.02623,0.296048,61420,60480,0.021595,59.6998,1078.7202,1106.0332,-27.313,63827.02,57132.98,0.8167
2025-07-14,62300,62600,61800,62500,61793.48,13563846,-0.001597,-0.291359,61580,60745,0.020977,59.2432,1100.1425,1104.8551,-4.7125,63827.36,57662.64,0.7847
2025-07-15,62300,63800,62000,63700,62979.91,18442202,0.0192,0.359659,62040,61025,0.021086,62.9093,1200.1156,1123.9072,76.2084,64113.09,57936.91,0.9331
2025-07-16,63700,64700,63100,64700,63968.61,23042660,0.015699,0.249453,62900,61270,0.020484,65.6798,1344.5376,1168.0333,176.5044,64706.71,57833.29,0.999
2025-07-17,65900,66800,64400,66700,65946.0,39448683,0.030912,0.711985,64040,61645,0.021021,70.4361,1601.9106,1254.8087,347.1019,65709.99,57580.01,1.1218
2025-07-18,67000,67800,66300,67100,66341.48,23951531,0.005997,-0.392843,64940,62025,0.02102,71.2929,1817.2095,1367.2889,449.9206,66630.66,57419.34,1.051
2025-07-21,67400,68800,67200,67800,67033.56,17723148,0.010432,-0.260041,66000,62515,0.019674,72.7798,2021.0226,1498.0356,522.9869,67394.72,57635.28,1.0415
2025-07-22,68100,68500,65600,66000,65253.91,20829006,-0.026549,0.175243,66460,62790,0.019382,63.6504,2014.0838,1601.2453,412.8385,67809.5,57770.5,0.8198
2025-07-23,66200,66500,64900,66400,65649.39,15687058,0.006061,-0.246865,66800,63045,0.019278,64.7098,2017.6037,1684.5169,333.0868,68260.15,57829.85,0.8217
2025-07-24,66500,66800,65900,66000,65253.91,12660193,-0.006024,-0.192953,66660,63335,0.018731,62.7405,1965.46,1740.7056,224.7545,68529.04,58140.96,0.7565
2025-07-25,65700,66300,65500,65900,65155.05,8080910,-0.001515,-0.361707,66420,63590,0.018734,62.2307,1894.2311,1771.4107,122.8204,68760.73,58419.27,0.7234
2025-07-28,68200,70400,67200,70400,69604.17,35332500,0.068285,3.372342,66940,64120,0.022652,72.9024,2175.8127,1852.2911,323.5216,69802.7,58437.3,1.0526
2025-07-29,70800,70800,68800,70600,69801.91,28190940,0.002841,-0.202124,67860,64640,0.022682,73.2639,2387.5838,1959.3496,428.2342,70702.97,58577.03,0.9915
2025-07-30,71000,73700,70600,72600,71779.3,34761444,0.028329,0.233071,69100,65230,0.023117,76.6231,2685.8366,2104.647,581.1896,71977.51,58482.49,1.0461
2025-07-31,73000,74000,71000,71400,70592.87,26568072,-0.016529,-0.235703,70180,65610,0.021826,70.8696,2793.1761,2242.3528,550.8233,72856.02,58363.98,0.8995
2025-08-01,70200,72000,68800,68900,68121.13,24038534,-0.035014,-0.09521,70780,65890,0.023546,60.6518,2646.0128,2323.0848,322.928,73192.75,58587.25,0.7061
2025-08-04,69500,70200,68700,69700,68912.09,14780072,0.011611,-0.385151,70640,66290,0.022511,62.5143,2564.3775,2371.3434,193.0342,73502.24,59077.76,0.7364
2025-08-05,71000,71500,69700,69900,69109.82,14392903,0.002869,-0.026195,70500,66715,0.022378,62.986,2487.149,2394.5045,92.6445,73712.53,59717.47,0.7276
2025-08-06,69200,69400,68300,68800,68022.27,12542415,-0.015737,-0.128569,69740,67135,0.022348,58.6171,2310.5495,2377.7135,-67.164,73517.96,60752.04,0.6304
2025-08-07,70800,71000,69700,70500,69703.05,15008213,0.024709,0.196597,69560,67610,0.022697,62.9,2281.4695,2358.4647,-76.9952,73462.54,61757.46,0.7469
2025-08-08,71000,72400,70700,71800,70988.34,22241128,0.01844,0.48193,70140,68070,0.02243,65.8138,2336.3901,2354.0498,-17.6597,73706.76,62433.24,0.8309
2025-08-11,72000,72100,70800,71000,70197.38,11354253,-0.011142,-0.489493,70400,68495,0.022721,62.5577,2288.9759,2341.035,-52.0591,73622.21,63367.79,0.7443
2025-08-12,71100,72400,71100,71100,70296.27,15797656,0.001408,0.391343,70640,68865,0.022546,62.8055,2233.72,2319.572,-85.852,73587.3,64142.7,0.7366
2025-08-13,71900,72100,71400,71900,71087.22,12305742,0.011252,-0.22104,71260,69225,0.022464,64.8111,2228.7905,2301.4157,-72.6252,73701.78,64748.22,0.7988
2025-08-14,71900,71900,71200,71600,70790.61,11946122,-0.004172,-0.029224,71480,69470,0.021745,63.4298,2175.5975,2276.2521,-100.6546,73901.04,65038.96,0.7403
2025-08-18,71100,71200,70000,70000,69208.7,13595591,-0.022346,0.138076,71120,69615,0.022503,56.512,1981.4935,2217.3004,-235.8069,73907.11,65322.89,0.5448
2025-08-19,70400,70700,69700,70000,69208.7,10533082,0,-0.225258,70920,69725,0.022422,56.512,1806.8366,2135.2076,-328.371,73933.2,65516.8,0.5327
2025-08-20,70100,70700,69400,70500,69703.05,17445516,0.007143,0.656259,70800,69950,0.021413,58.1656,1689.2925,2046.0246,-356.7321,73784.2,66115.8,0.5717
2025-08-21,71500,71900,70600,70600,69801.91,18843833,0.001418,0.080153,70540,70160,0.021407,58.5054,1585.9256,1954.0048,-368.0792,73617.04,66702.96,0.5636
2025-08-22,71700,71800,70800,71400,70592.87,9277432,0.011331,-0.507667,70500,70430,0.021369,61.2195,1550.6845,1873.3407,-322.6562,73315.24,67544.76,0.6681
2025-08-25,71700,71800,71000,71500,70691.74,10345178,0.001401,0.115091,70800,70710,0.02134,61.558,1513.3796,1801.3485,-287.9689,72688.73,68731.27,0.6996
2025-08-26,70800,71100,70300,70300,69505.3,14712519,-0.016783,0.422162,70860,70705,0.016072,55.3184,1371.1791,1715.3146,-344.1355,72687.53,68722.47,0.3979
2025-08-27,70100,70900,69800,70600,69801.91,10523405,0.004267,-0.284731,70880,70705,0.016089,56.5054,1268.0741,1625.8665,-357.7924,72687.53,68722.47,0.4735
2025-08-28,70100,70400,69600,69600,68813.23,11578024,-0.014164,0.100217,70680,70555,0.01496,51.5862,1093.0707,1519.3073,-426.2366,72381.67,68728.33,0.2386
2025-08-29,70100,70500,69700,69700,68912.09,11682267,0.001437,0.009004,70340,70470,0.014576,52.0358,951.4804,1405.742,-454.2615,72289.31,68650.69,0.2884
2025-09-01,68400,68600,67500,67600,66835.82,12002343,-0.030129,0.027398,69560,70405,0.01398,43.0027,662.1834,1257.0302,-594.8469,72528.03,68281.97,-0.1606
2025-09-02,67800,69500,67800,69100,68318.87,10604028,0.022189,-0.116504,69320,70375,0.014647,49.7172,547.638,1115.1518,-567.5138,72556.14,68193.86,0.2077
2025-09-03,69200,69800,68800,69800,69010.96,10283009,0.01013,-0.030273,69160,70370,0.01482,52.5277,507.4941,993.6203,-486.1262,72556.18,68183.82,0.3696
2025-09-04,69500,70100,69300,70100,69307.56,12284414,0.004298,0.194632,69260,70435,0.014368,53.7216,494.1905,893.7343,-399.5438,72498.49,68371.51,0.4188
2025-09-05,70300,70400,69500,69500,68714.34,11526724,-0.008559,-0.061679,69220,70385,0.013392,50.9612,430.2724,801.0419,-370.7695,72489.91,68280.09,0.2898
2025-09-08,69800,70500,69600,70100,69307.56,9263135,0.008633,-0.196377,69720,70300,0.012834,53.5325,423.154,725.4643,-302.3103,72298.95,68301.05,0.45
2025-09-09,70100,71500,70000,71500,70691.74,14870245,0.019971,0.605315,70200,70325,0.013419,58.9422,524.4355,685.2586,-160.823,72372.72,68277.28,0.7869
2025-09-10,71800,72800,71600,72600,71779.3,21928565,0.015385,0.474661,70760,70400,0.013828,62.624,685.56,685.3189,0.2411,72665.53,68134.47,0.9855
2025-09-11,73200,73600,72100,73400,72570.27,20793501,0.011019,-0.051762,71420,70475,0.013819,65.0769,867.8021,721.8155,145.9866,73030.39,67919.61,1.0723
2025-09-12,74600,75600,74200,75400,74547.65,28219678,0.027248,0.357139,72600,70665,0.014905,70.3207,1160.2391,809.5002,350.7388,74014.33,67315.67,1.2069
2025-09-15,77200,77600,75900,76500,75635.22,19908805,0.014589,-0.294506,73880,70990,0.013878,72.7447,1463.8835,940.3769,523.5066,75214.69,66765.31,1.1521
2025-09-16,76900,79500,76700,79400,78502.44,28218265,0.037908,0.417376,75460,71460,0.015635,77.8751,1916.4382,1135.5892,780.8491,77081.54,65838.46,1.2062
2025-09-17,79100,79100,77100,78200,77316.0,20856317,-0.015113,-0.260893,76580,71845,0.016355,71.8483,2153.4376,1339.1588,814.2788,78196.95,65493.05,1.0002
2025-09-18,79100,80500,78600,80500,79392.27,25619035,0.029412,0.228359,78000,72340,0.017163,75.7259,2498.0561,1570.9383,927.1178,79739.97,64940.03,1.0514
2025-09-19,81100,81200,79600,79700,79700,20898386,-0.009938,-0.184263,78860,72755,0.017511,72.0106,2675.7708,1791.9048,883.866,80832.9,64677.1,0.9299
2025-09-22,81500,84000,81100,83500,82556.09,27529656,0.047679,0.31731,80260,73355,0.019728,77.6259,3087.6467,2051.0532,1036.5935,82720.44,63989.56,1.0416
2025-09-23,85800,85900,83600,84700,83742.52,23610263,0.014371,-0.14237,81320,74075,0.018889,79.055,3470.8812,2335.0188,1135.8624,84594.53,63555.47,1.005
2025-09-24,84200,85500,83700,85400,84434.61,18300997,0.008264,-0.224871,82760,74815,0.018854,79.863,3787.4223,2625.4995,1161.9229,86339.49,63290.51,0.9592
2025-09-25,84400,86200,84100,86100,85126.7,19665151,0.008197,0.07454,83880,75640,0.018013,80.6662,4048.1036,2910.0203,1138.0833,87929.56,63350.44,0.9256
2025-09-26,85000,85300,82400,83300,82358.34,24071193,-0.03252,0.224053,84600,76320,0.02043,68.8384,3982.8471,3124.5857,858.2614,88730.11,63909.89,0.7812
2025-09-29,83300,85000,83200,84200,83619.59,13069094,0.010804,-0.457065,84740,77150,0.018191,70.3436,3958.1264,3291.2938,666.8326,89322.7,64977.3,0.7896
2025-09-30,84600,84900,83400,83900,83321.66,16319061,-0.003563,0.248676,84580,77890,0.018276,69.1447,3869.7199,3406.979,462.7409,89798.76,65981.24,0.7523
2025-10-01,84900,86200,84700,86000,85407.19,22039361,0.02503,0.350529,84700,78700,0.018583,72.6578,3923.8775,3510.3587,413.5188,90495.09,66904.91,0.8095
2025-10-02,89300,90300,88700,89000,89131.34,49883028,0.034884,1.263361,85280,79645,0.019259,76.7333,4160.9084,3640.4687,520.4398,91566.76,67723.24,0.8923
2025-10-10,94000,94500,92700,94400,93749.29,35269748,0.060674,-0.292951,87500,80890,0.02128,81.949,4729.9679,3858.3685,871.5993,93529.94,68250.06,1.0344
2025-10-13,91300,93400,90700,93300,92656.87,23883308,-0.011653,-0.322839,89320,82050,0.022087,78.1079,5034.1601,4093.5268,940.6333,94778.5,69321.5,0.9419
2025-10-14,95300,96000,90200,91600,90968.59,35545235,-0.018221,0.488288,90860,83055,0.023209,72.4556,5079.5054,4290.7225,788.7829,95445.74,70664.26,0.8448
2025-10-15,92300,95300,92100,95000,94345.15,21050111,0.037118,-0.407794,92660,84175,0.023822,76.1699,5328.3714,4498.2523,830.1191,96635.95,71714.05,0.9344
2025-10-16,95300,97700,95000,97700,97026.53,28141060,0.028421,0.33686,94400,85390,0.024033,78.6338,5678.0143,4734.2047,943.8096,98162.16,72617.84,0.9819
2025-10-17,97200,99100,96700,97900,97225.16,22730809,0.002047,-0.192255,95100,86515,0.02399,78.8086,5903.1987,4968.0035,935.1952,99543.27,73486.73,0.9369
2025-10-20,97900,98300,96000,98100,97423.77,17589756,0.002043,-0.226171,96060,87595,0.024112,78.9937,6028.3068,5180.0642,848.2426,100708.51,74481.49,0.9005
2025-10-21,98500,99900,97300,97500,96827.91,22803830,-0.006116,0.296427,97240,88500,0.023713,76.8261,6009.764,5346.0041,663.7599,101729.95,75270.05,0.8401
2025-10-22,97100,98600,95500,98600,97920.33,15937611,0.011282,-0.301099,97960,89520,0.022941,78.017,6014.4981,5479.7029,534.7952,102550.43,76489.57,0.8484
2025-10-23,96800,98500,96300,96500,95834.8,18488581,-0.021298,0.16006,97720,90320,0.023694,70.5615,5782.1446,5540.1913,241.9533,102978.03,77661.97,0.7441
2025-10-24,97900,99000,97700,98800,98118.95,18801925,0.023834,0.016948,97900,91275,0.02346,73.5435,5717.6836,5575.6897,141.9938,103431.5,79118.5,0.8095
2025-10-27,101300,102000,100600,102000,101296.89,22169970,0.032389,0.179133,98680,92200,0.022488,77.0299,5857.2918,5632.0101,225.2817,104676.67,79723.33,0.8927
2025-10-28,100900,101000,99100,99500,98814.12,20002282,-0.02451,-0.097776,99080,92940,0.023761,69.342,5700.4915,5645.7064,54.7851,105298.74,80581.26,0.7654
2025-10-29,100200,101000,99100,100500,99807.23,20899788,0.01005,0.04487,99460,93695,0.023765,70.6057,5592.4515,5635.0554,-42.6039,105958.85,81431.15,0.7774
2025-10-30,102400,105800,102000,104100,103382.42,34570017,0.035821,0.654085,100980,94595,0.024522,74.6559,5731.2526,5654.2949,76.9577,107150.47,82039.53,0.8785
2025-10-31,105000,108600,103300,107500,106758.98,54824564,0.032661,0.585899,102720,95805,0.022844,77.7711,6045.9115,5732.6182,313.2934,108441.37,83168.63,0.9628
2025-11-03,106900,111500,106500,111100,110334.16,30110066,0.033488,-0.450792,104540,97150,0.023277,80.5037,6510.7194,5888.2384,622.481,110301.35,83998.65,1.0304
2025-11-04,111800,112400,104900,104900,104176.91,30450281,-0.055806,0.011299,105620,98200,0.028029,65.5569,6306.102,5971.8112,334.2909,110200,86200,0.7792
2025-11-05,101000,102000,96700,100600,99906.54,44843020,-0.040991,0.472664,105640,98930,0.030204,57.573,5730.9049,5923.6299,-192.725,109495.7,88364.3,0.579
2025-11-06,103700,103800,98800,99200,98516.2,28655689,-0.013917,-0.360978,104660,99440,0.029907,55.2153,5103.2615,5759.5562,-656.2947,108916.04,89963.96,0.4873
2025-11-07,96400,100300,96300,97900,97225.16,22908083,-0.013105,-0.200575,102740,99615,0.027358,53.043,4449.6576,5497.5765,-1047.9189,108824.67,90405.33,0.4069
2025-11-10,98600,101000,97900,100600,99906.54,23842327,0.027579,0.040782,100640,99980,0.027727,56.8408,4102.251,5218.5114,-1116.2604,108701.56,91258.44,0.5355
2025-11-11,103700,106000,102000,103500,102786.55,27742542,0.028827,0.163584,100360,100575,0.027733,60.5329,4014.6561,4977.7403,-963.0843,108474.33,92675.67,0.6851
2025-11-12,103000,103900,101600,103100,102389.31,19413497,-0.003865,-0.300226,100860,100980,0.026864,59.7734,3868.3677,4755.8658,-887.4981,108497.17,93462.83,0.641
2025-11-13,102500,104200,102300,102800,102091.38,20838741,-0.00291,0.073415,101580,101235,0.026298,59.1737,3685.7387,4541.8404,-856.1017,108628.67,93841.33,0.6058
2025-11-14,99000,99600,97200,97200,96529.98,21806342,-0.054475,0.046433,101440,101200,0.02938,49.242,3053.9269,4244.2577,-1190.3308,108666.42,93733.58,0.2321
2025-11-17,99800,101000,99500,100600,99906.54,17192584,0.034979,-0.211579,101440,101325,0.030392,54.2614,2795.3402,3954.4742,-1159.134,108655.36,93994.64,0.4505
2025-11-18,99800,100900,97500,97800,97125.85,18684068,-0.027833,0.086752,100300,101340,0.031068,49.8862,2337.5262,3631.0846,-1293.5584,108638.57,94041.43,0.2575
2025-11-19,97100,97500,94600,96500,95834.8,18993346,-0.013292,0.016553,98980,101235,0.031094,47.953,1848.4978,3274.5672,-1426.0694,108756.55,93713.45,0.1852
2025-11-20,100900,102900,99500,100600,99906.54,25360435,0.042487,0.335227,98540,101440,0.032097,54.0068,1771.356,2973.925,-1202.569,108634.56,94245.44,0.4416
2025-11-21,95600,96800,94500,94800,94146.52,23103574,-0.057654,-0.088991,98060,101240,0.034448,45.8774,1228.0527,2624.7505,-1396.6978,108947.66,93532.34,0.0822
2025-11-24,97800,99000,96200,96700,96033.43,29831172,0.020042,0.291193,97280,100975,0.033926,48.6065,939.9599,2287.7924,-1347.8325,108933.01,93016.99,0.2314
2025-11-25,101400,101400,97800,99300,98615.51,16110054,0.026887,-0.459959,97580,100965,0.034104,52.1615,910.9417,2012.4223,-1101.4806,108931.32,92998.68,0.3955
2025-11-26,100500,102900,99300,102800,102091.38,21314975,0.035247,0.323085,98840,101080,0.034923,56.5214,1157.0278,1841.3434,-684.3155,109084.37,93075.63,0.6074
2025-11-27,104100,105500,102700,103500,102786.55,16453004,0.006809,-0.228101,99420,101050,0.034031,57.3584,1392.4853,1751.5718,-359.0864,109011.09,93088.91,0.6539
2025-11-28,103800,103800,100500,100500,99807.23,15292277,-0.028986,-0.070548,100560,100700,0.033726,52.6778,1321.7755,1665.6125,-343.837,108059.92,93340.08,0.4864
2025-12-01,102000,102800,99900,100800,100105.17,10905526,0.002985,-0.286861,101380,100185,0.032678,53.09,1275.2448,1587.539,-312.2942,105688.02,94681.98,0.5559
2025-12-02,101200,103500,101000,103400,102687.24,13649487,0.025794,0.251612,102200,100110,0.030867,56.6174,1431.6638,1556.3639,-124.7002,105378.34,94841.66,0.8122
2025-12-03,104700,105500,104000,104500,103779.66,14697927,0.010638,0.076812,102540,100305,0.02938,58.0544,1625.6483,1570.2208,55.4275,105926.57,94683.43,0.8731
2025-12-04,103900,105100,103200,105100,104375.53,11931145,0.005742,-0.188243,102860,100600,0.029148,58.855,1806.9678,1617.5702,189.3976,106584.89,94615.11,0.8759
2025-12-05,105300,108400,104600,108400,107652.78,19755571,0.031399,0.655798,104440,101125,0.029534,63.0341,2191.6829,1732.3928,459.2902,107902.32,94347.68,1.0367
2025-12-08,109700,110000,108000,109500,108745.2,15527762,0.010148,-0.214006,106180,101570,0.029104,64.3345,2555.8707,1897.0883,658.7824,109303.48,93836.52,1.0127
2025-12-09,108900,109400,107300,108400,107652.78,13671800,-0.010046,-0.119525,107180,101815,0.028691,61.9862,2724.327,2062.5361,661.7909,110096.95,93533.05,0.8976
2025-12-10,108300,109800,107400,108000,107255.54,12365092,-0.00369,-0.095577,107880,102060,0.028689,61.1126,2793.3532,2208.6995,584.6537,110780.31,93339.69,0.8406
2025-12-11,109200,110500,107300,107300,106560.36,22994507,-0.006481,0.859631,108320,102285,0.028735,59.5315,2759.7599,2318.9116,440.8483,111312.51,93257.49,0.7778
2025-12-12,107100,108900,106800,108900,108149.34,14210314,0.014911,-0.382013,108420,102870,0.025356,61.9545,2829.6255,2421.0544,408.5711,112025.52,93714.48,0.8293
2025-12-15,105300,105800,104600,104800,104077.59,20594654,-0.037649,0.449275,107480,103080,0.026226,53.1695,2525.0515,2441.8538,83.1977,112208.92,93951.08,0.5942
2025-12-16,104900,105600,102700,102800,102091.38,18852079,-0.019084,-0.084613,106360,103330,0.025754,49.4835,2098.1055,2373.1041,-274.9986,112117.57,94542.43,0.4698
2025-12-17,103500,108100,103400,107900,107156.23,22297611,0.049611,0.182767,106340,103900,0.027404,57.5627,2146.5312,2327.7896,-181.2583,112292.23,95507.77,0.7383
2025-12-18,106400,108200,105700,107600,106858.3,20445631,-0.00278,-0.083057,106400,104250,0.026099,56.9853,2136.0781,2289.4473,-153.3692,112646.62,95853.38,0.6995
2025-12-19,109700,109700,106200,106300,105567.25,25917098,-0.012082,0.267611,105880,104825,0.021926,54.4373,1999.8418,2231.5262,-231.6843,111980.09,97669.91,0.6031
2025-12-22,109700,110500,109300,110500,109738.3,24859171,0.039511,-0.04082,107020,105515,0.02295,60.5713,2205.3565,2226.2923,-20.9357,112001.35,99028.65,0.8843
2025-12-23,110900,112500,110400,111500,110731.41,20419187,0.00905,-0.178605,108760,106125,0.022482,61.8869,2421.0121,2265.2362,155.7759,112442.85,99807.15,0.9254
2025-12-24,112400,112400,110900,111100,110334.16,12492939,-0.003587,-0.388176,109400,106540,0.021504,61.01,2530.4744,2318.2839,212.1905,113026.39,100053.61,0.8515
2025-12-26,112400,117000,112400,117000,116193.49,34018174,0.053105,1.722992,111280,107215,0.024026,68.1736,3058.0533,2466.2378,591.8156,115040.81,99389.19,1.1252
2025-12-29,119400,119700,118200,119500,119253.17,19676004,0.021368,-0.421603,113920,108165,0.022713,70.6356,3635.9793,2700.1861,935.7932,117093.79,99236.21,1.1347
2025-12-30,119100,121200,118700,119900,119652.34,19746349,0.003347,0.003575,115800,109120,0.022708,71.0218,4079.2434,2975.9975,1103.2459,118787.22,99452.78,1.0576
2026-01-02,120200,128500,120200,128500,128234.58,30463279,0.071726,0.54273,119200,110375,0.026249,77.7869,5066.0829,3394.0146,1672.0683,122984.75,97765.25,1.2187
2026-01-05,134600,138600,133600,138100,137814.75,42863376,0.074708,0.407051,124600,112055,0.029599,82.6548,6547.3266,4024.677,2522.6496,129424,94686,1.2498
2026-01-06,135300,139300,132700,138900,138613.09,45321341,0.005793,0.057344,128980,113745,0.029598,82.9894,7697.0494,4759.1515,2937.8979,134510.1,92979.9,1.1057
2026-01-07,143500,144400,137600,141000,140708.77,46317413,0.015119,0.021978,133280,115375,0.029331,83.8689,8677.6351,5542.8482,3134.7869,139257.51,91492.49,1.0365
2026-01-08,138300,144500,138300,138800,138513.3,41449329,-0.015603,-0.105103,137060,116840,0.030032,79.2461,9171.5112,6268.5808,2902.9304,142716.5,90963.5,0.9243
2026-01-09,136000,140700,135200,139000,138712.89,29520566,0.001441,-0.287791,139160,118370,0.029697,79.3575,9469.887,6908.842,2561.0449,145721.83,91018.17,0.8771
2026-01-12,141000,142000,136900,138800,138513.3,26271134,-0.001439,-0.110073,139300,119910,0.029637,78.9015,9579.7838,7443.0304,2136.7534,148253.75,91566.25,0.8332
2026-01-13,139800,140200,136900,137600,137315.78,22384699,-0.008646,-0.147936,139040,121425,0.029714,76.0765,9460.9875,7846.6218,1614.3657,150167.11,92682.89,0.7814
2026-01-14,137000,140300,136800,140300,140010.2,18444394,0.019622,-0.176027,138900,122995,0.029752,77.9863,9475.4805,8172.3936,1303.087,152281.64,93708.36,0.7954
2026-01-15,139000,144000,138300,143900,143602.77,24701126,0.025659,0.339221,139920,124950,0.027309,80.2502,9666.0323,8471.1213,1194.911,154342.55,95557.45,0.8224
2026-01-16,145300,149500,144300,148900,148592.44,30000219,0.034746,0.214528,141900,127255,0.026287,82.8831,10104.0312,8797.7033,1306.3279,156564.06,97945.94,0.8693
2026-01-19,147200,150600,146600,149300,148991.61,22762497,0.002686,-0.241256,144000,129325,0.025528,83.0775,10363.9559,9110.9538,1253.0021,158726.1,99923.9,0.8397
2026-01-20,148500,149300,143900,145200,144900.08,24059218,-0.027461,0.056967,145520,131205,0.027079,73.8241,10122.4273,9313.2485,809.1788,159546.41,102863.59,0.7469
2026-01-21,141900,149800,141800,149500,149191.2,31703610,0.029614,0.317732,147360,133365,0.026469,76.7491,10160.8601,9482.7708,678.0893,160262.49,106467.51,0.7999
2026-01-22,155000,157000,150800,152300,151985.42,32073624,0.018729,0.011671,149040,135455,0.025978,78.4387,10298.5399,9645.9246,652.6152,161348.99,109561.01,0.8253
2026-01-23,154700,156000,150100,152100,151785.83,25407497,-0.001313,-0.207838,149680,137485,0.026227,78.0027,10273.0919,9771.3581,501.7338,161788.63,113181.37,0.8007
2026-01-26,154900,156400,151500,152100,151785.83,20561689,0,-0.190724,150240,139535,0.026101,78.0027,10136.0818,9844.3028,291.779,161246.24,117823.76,0.7894
2026-01-27,150500,159500,149200,159500,159170.55,29423670,0.048652,0.430995,153100,141660,0.025808,82.2391,10503.5402,9976.1503,527.3899,162381.25,120938.75,0.9305
2026-01-28,162600,163300,160200,162400,162064.56,29456431,0.018182,0.001113,155680,143805,0.025782,83.5742,10903.0755,10161.5353,741.5402,163734.19,123875.81,0.9665
2026-01-29,166200,166600,157100,160700,160368.06,36087223,-0.010468,0.225105,157360,145845,0.026303,79.7879,10956.2376,10320.4758,635.7618,163717.82,127972.18,0.9156
2026-01-30,160100,166500,160100,160500,160168.48,40557267,-0.001245,0.123868,159040,147445,0.023129,79.3325,10857.077,10427.796,429.281,164490.14,130399.86,0.883
2026-02-02,155700,159600,150400,150400,150089.34,39748369,-0.062928,-0.019945,158700,148060,0.024394,60.5413,9849.9617,10312.2292,-462.2674,164564.47,131555.53,0.5709
2026-02-03,157900,167500,157200,167500,167154.02,36529813,0.113697,-0.080973,160300,149490,0.033623,72.4427,10312.7636,10312.3361,0.4275,167536.71,131443.29,0.999
2026-02-04,163500,169400,163100,169100,168750.72,29943042,0.009552,-0.180312,161640,150895,0.033597,73.2556,10685.4686,10386.9626,298.506,170469.36,131320.64,0.965
2026-02-05,162000,164000,158500,159300,158970.95,38435228,-0.057954,0.283611,161360,151920,0.03661,61.3243,10073.9358,10324.3572,-250.4214,170967.49,132872.51,0.6937
2026-02-06,154100,160300,151600,158600,158272.41,36358081,-0.004394,-0.054043,160980,152900,0.036679,60.5655,9424.1716,10144.3201,-720.1485,171148.69,134651.31,0.6562
2026-02-09,168600,168700,165000,166400,166056.3,25098971,0.04918,-0.309673,164180,154280,0.03776,65.6638,9429.9212,10001.4403,-571.5191,172210.7,136349.3,0.838
2026-02-10,167400,168100,165500,165800,165457.53,19369566,-0.003606,-0.228273,163840,155690,0.037651,64.968,9279.0993,9856.9721,-577.8728,172497.88,138882.12,0.8008
2026-02-11,164000,168600,162000,167800,167453.41,22760242,0.012063,0.175052,163580,157065,0.037583,66.2518,9214.7333,9728.5243,-513.791,173051.08,141078.92,0.8358
2026-02-12,171200,179600,170100,178600,178231.09,41296011,0.064362,0.814392,167440,158800,0.039306,72.1803,9920.8314,9766.9858,153.8457,176236.32,141363.68,1.0678
2026-02-13,179500,184400,178900,181200,180825.72,34454192,0.014558,-0.165677,171960,160415,0.038935,73.3921,10568.3917,9927.2669,641.1247,179858.33,140971.67,1.0345
2026-02-19,188000,190900,187100,190000,189607.55,27049388,0.048565,-0.214917,176680,162450,0.03978,77.0379,11657.2963,10273.2728,1384.0234,185228.61,139671.39,1.1047
2026-02-20,190000,190300,188600,190100,189707.34,24213880,0.000526,-0.104827,181540,164695,0.038775,77.0764,12385.5571,10695.7297,1689.8275,189107.12,140282.88,1.0203
2026-02-23,194400,197600,190500,193000,192601.34,26364684,0.015255,0.088825,186580,166870,0.038602,78.2153,13046.325,11165.8487,1880.4763,193253.58,140486.42,0.9952
2026-02-24,193000,200000,192000,200000,199586.89,28060617,0.036269,0.064326,190860,169255,0.038924,80.707,13973.7491,11727.4288,2246.3203,198555.58,139954.42,1.0246
2026-02-25,202500,206000,201000,203500,203079.66,26987996,0.0175,-0.038225,195320,171825,0.038771,81.8263,14820.3207,12346.0072,2474.3135,203694.2,139955.8,0.997
2026-02-26,206500,219000,206000,218000,217549.72,30095763,0.071253,0.115154,200920,175120,0.04043,85.5631,16471.3917,13171.0841,3300.3076,211683.52,138556.48,1.0864
2026-02-27,210000,223000,210000,216500,216052.81,51774768,-0.006881,0.720334,206200,177970,0.04017,83.647,17457.5995,14028.3872,3429.2123,218117.37,137822.63,0.9799
2026-03-03,209500,212500,195100,195100,194697.02,54879010,-0.098845,0.059957,206620,179605,0.048205,62.2345,16324.1999,14487.5497,1836.6502,219745.93,139464.07,0.693
2026-03-04,184200,195900,171900,172200,171844.31,89427954,-0.117376,0.629548,201060,180180,0.056696,48.0575,13423.3974,14274.7193,-851.3218,219501.81,140858.19,0.3985
2026-03-05,195000,199700,188100,191600,191204.25,53959129,0.11266,-0.396619,198680,181735,0.061189,56.9951,12545.2941,13928.8342,-1383.5402,220231,143239,0.6281
2026-03-06,186100,189700,181000,188200,187811.27,29522650,-0.017745,-0.45287,192720,183625,0.059067,55.2024,11443.13,13431.6934,-1988.5634,219247.87,148002.13,0.5642
2026-03-09,173500,175500,167300,173500,173141.62,43066020,-0.078108,0.458745,184120,183925,0.057929,48.1505,9276.5555,12600.6658,-3324.1103,219074,148776,0.3517
2026-03-10,187600,191500,184300,187900,187511.89,33530170,0.082997,-0.221424,182680,184865,0.060495,54.3082,8622.099,11804.9524,-3182.8534,219343.81,150386.19,0.544
2026-03-11,193000,194800,187700,190000,189607.55,24311356,0.011176,-0.274941,186240,186400,0.058532,55.1448,8178.6121,11079.6844,-2901.0723,218754.68,154045.32,0.5556
2026-03-12,186600,190000,185900,187900,187511.89,20440753,-0.011053,-0.15921,185500,187865,0.058631,54.0784,7570.4259,10377.8327,-2807.4068,217454.85,158275.15,0.5006
2026-03-13,180000,186200,179900,183500,183120.97,19566331,-0.023417,-0.042778,184560,188720,0.058278,51.8175,6656.6569,9633.5975,-2976.9406,216639.4,160800.6,0.4065
2026-03-16,184600,189000,183600,188700,188310.23,19747901,0.028338,0.00928,187600,189865,0.058462,54.2518,6279.6966,8962.8173,-2683.1208,215621.13,164108.87,0.4774
2026-03-17,198000,198000,193100,193900,193499.48,20300082,0.027557,0.027962,188800,191170,0.058636,56.6125,6327.6085,8435.7756,-2108.167,214773.76,167566.24,0.5578
2026-03-18,200500,209000,199700,208500,208069.33,25148481,0.075297,0.238836,192500,192665,0.059184,62.4683,7457.7093,8240.1623,-782.453,216700.17,168629.83,0.8294
2026-03-19,199900,205000,199600,200500,200085.86,19884483,-0.038369,-0.209317,195020,193630,0.06007,57.8602,7619.9511,8116.1201,-496.169,217273.59,169986.41,0.6453
2026-03-20,202000,202500,199000,199400,198988.12,35279762,-0.005486,0.774236,198200,194100,0.059266,57.235,7572.4773,8007.3915,-434.9143,217813.38,170386.62,0.6118
2026-03-23,190500,191200,186300,186300,185915.19,30268173,-0.065697,-0.142053,197720,193910,0.061324,50.2687,6403.9724,7686.7077,-1282.7353,217818.41,170001.59,0.3409
2026-03-24,195500,196000,185500,189700,189308.17,25458914,0.01825,-0.158888,196880,193745,0.061368,51.9049,5686.7224,7286.7106,-1599.9882,217725.3,169764.7,0.4157
2026-03-25,193700,196400,189000,189000,188609.61,22995904,-0.00369,-0.096745,192980,193195,0.060764,51.529,5004.1281,6830.1941,-1826.066,217075.62,169314.38,0.4122
2026-03-26,185500,185900,178900,180100,179728.0,32074131,-0.04709,0.394776,188900,192025,0.061385,46.8805,3702.3333,6204.622,-2502.2887,216072.14,167977.86,0.252
2026-03-27,172100,181700,172000,179700,179728.0,29138966,-0.002221,-0.091512,184960,190110,0.058822,46.6767,2608.308,5485.3592,-2877.0512,211388.2,168831.8,0.2554
2026-03-30,171000,176650,170600,176300,176300.0,22269147,-0.01892,-0.235761,182960,188100,0.058855,44.8903,1450.2162,4678.3306,-3228.1143,206246.19,169953.81,0.1749
2026-03-31,170000,174700,167000,167200,167200.0,38659593,-0.051617,0.736016,178460,186705,0.055588,40.4303,-199.5732,3702.7498,-3902.323,206773.25,166636.75,0.014
2026-04-01,179000,190800,178000,189600,189650.0,32390251,0.133971,-0.162168,178580,187575,0.056033,52.8487,297.0256,3021.605,-2724.5793,206469.93,168680.07,0.5536
2026-04-02,192600,193600,175000,178400,178400.0,38615231,-0.059072,0.192187,178240,186915,0.052403,47.515,-210.7334,2375.1373,-2585.8707,206137.28,167692.72,0.2785
2026-04-03,184200,187200,182700,186200,186200.0,20194447,0.043722,-0.477034,179540,186815,0.053279,51.2082,16.0735,1903.3245,-1887.2511,206029.94,167600.06,0.484
2026-04-06,190900,194600,190100,193100,193100.0,20635958,0.037057,0.021863,182900,187795,0.050303,54.2735,744.0153,1671.4627,-927.4474,206129.72,169460.28,0.6447
2026-04-07,202000,202500,192400,196500,196500.0,30848053,0.017607,0.494869,188760,188225,0.047294,55.7488,1577.0864,1652.5874,-75.5011,206968.91,169481.09,0.7207
2026-04-08,214000,214500,207500,210500,210500.0,35890973,0.071247,0.163476,192940,189250,0.04957,61.2872,3328.614,1987.7927,1340.8213,210479.82,168020.18,1.0005
2026-04-09,207000,207500,202000,204000,204000.0,42320839,-0.030879,0.17915,198060,190055,0.050122,57.6778,4144.442,2419.1226,1725.3194,212267.51,167842.49,0.8139
2026-04-10,208500,211000,205500,206000,206000.0,18244459,0.009804,-0.568901,202020,191180,0.049702,58.4879,4895.9376,2914.4856,1981.452,214256.95,168103.05,0.8211
2026-04-13,198200,203000,198200,201000,201000.0,19603415,-0.024272,0.074486,203600,191795,0.049857,55.6214,5030.0616,3337.6008,1692.4608,215246.22,168343.78,0.6963
2026-04-14,208000,210000,205500,206500,206500.0,23672078,0.027363,0.207549,205600,192425,0.049852,58.0566,5516.5683,3773.3943,1743.174,216774.12,168075.88,0.789
2026-04-15,215000,215500,210000,211000,211000.0,24092884,0.021792,0.017776,205700,192550,0.047353,59.9909,6193.8421,4257.4839,1936.3582,217269.44,167830.56,0.8732
2026-04-16,212000,218000,210500,217500,217500.0,21499788,0.030806,-0.107629,208400,193400,0.046831,62.6691,7172.403,4840.4677,2331.9353,220339.86,166460.14,0.9473
2026-04-17,217000,218000,215000,216000,216000.0,18079322,-0.006897,-0.159093,210400,194230,0.046848,61.6436,7737.687,5419.9116,2317.7754,222914.57,165545.43,0.8795
2026-04-20,214500,219000,213000,214500,214500.0,17107741,-0.006944,-0.05374,213100,195640,0.043804,60.5761,7972.7363,5930.4765,2042.2598,225434.2,165845.8,0.8165
2026-04-21,218000,220000,216000,219000,219000.0,16752132,0.020979,-0.020786,215600,197105,0.043843,62.6649,8425.0088,6429.383,1995.6258,228507.41,165702.59,0.8486
2026-04-22,218500,222500,215500,217500,217500.0,16823480,-0.006849,0.004259,216900,198530,0.043891,61.4953,8563.6837,6856.2431,1707.4406,230953.78,166106.22,0.7925
2026-04-23,223000,229500,216000,224500,224500.0,34525485,0.032184,1.05222,218300,200750,0.0422,64.7973,9133.1449,7311.6235,1821.5214,233931.76,167568.24,0.8579
2026-04-24,224000,225000,216500,219500,219500.0,19626666,-0.022272,-0.431531,219000,202740,0.042776,60.7874,9076.3621,7664.5712,1411.7909,235375.62,170104.38,0.7568
2026-04-27,220000,226000,218500,224500,224500.0,22870374,0.022779,0.16527,221000,205150,0.042295,63.2374,9327.3002,7997.117,1330.1832,236664.11,173635.89,0.807
2026-04-28,224000,226000,221500,222000,222000.0,18444490,-0.011136,-0.19352,221600,207890,0.039873,61.1791,9218.1799,8241.3296,976.8503,234687.4,181092.6,0.7633
2026-04-29,219500,228000,218500,226000,226000.0,20363756,0.018018,0.104056,223300,209710,0.030084,63.2407,9346.7246,8462.4086,884.3161,236219.89,183200.11,0.8072
2026-04-30,229000,230000,220500,220500,220500.0,22161975,-0.024336,0.088305,222500,211815,0.02655,58.6303,8902.1745,8550.3618,351.8127,234225.83,189404.17,0.6938
2026-05-04,228000,232500,224000,232500,232500.0,32920816,0.054422,0.485464,225100,214130,0.027289,64.6804,9409.6959,8722.2286,687.4673,234905.6,193354.4,0.9421
2026-05-06,254000,270000,251000,266000,266000.0,53097996,0.144086,0.6129,233400,217775,0.03858,75.467,12372.4583,9452.2745,2920.1838,246912.56,188637.44,1.3275
2026-05-07,272000,277000,260000,271500,271500.0,41404687,0.020677,-0.220221,243300,221525,0.038592,76.7238,14991.4607,10560.1118,4431.3489,257610.39,185439.61,1.1925
2026-05-08,260000,270000,260000,268500,268500.0,25875880,-0.01105,-0.375049,251800,224425,0.036956,74.4824,16633.2265,11774.7347,4858.4918,265725.28,183124.72,1.0336
2026-05-11,284500,288500,280000,285500,285500.0,36031094,0.063315,0.392459,264800,228500,0.037025,78.3434,19086.0832,13237.0044,5849.0788,276803.86,180196.14,1.09
2026-05-12,290000,291500,266000,279000,279000.0,41211149,-0.022767,0.143766,274100,232150,0.038065,73.7486,20271.8133,14643.9662,5627.8471,284183.49,180116.51,0.9502
2026-05-13,264000,285500,262000,284000,284000.0,35540134,0.017921,-0.137609,277700,236300,0.036898,74.9649,21368.6467,15988.9023,5379.7444,291041.88,181558.12,0.9357
2026-05-14,282000,299500,282000,296000,296000.0,39314752,0.042254,0.106207,282600,240775,0.037236,77.6424,22941.7367,17379.4692,5562.2675,299730.36,181819.64,0.9684
2026-05-15,291000,296500,266000,270500,270500.0,38075487,-0.086149,-0.031522,283000,243750,0.044362,62.3761,21878.5823,18279.2918,3599.2905,302383.11,185116.89,0.7281
2026-05-18,269500,288500,262000,281000,281000.0,33555214,0.038817,-0.118719,282100,246925,0.04456,65.3935,21633.9048,18950.2144,2683.6904,306443.48,187406.52,0.7863
2026-05-19,274000,281500,266000,275500,275500.0,30767569,-0.019573,-0.083076,281400,249900,0.04495,62.5631,20756.9193,19311.5554,1445.3639,308855.47,190944.53,0.7171
2026-05-20,278000,282500,263500,276000,276000.0,35662077,0.001815,0.15908,279800,252975,0.044796,62.7211,19873.1623,19423.8768,449.2856,310555.58,195394.42,0.6999
2026-05-21,291000,299500,287000,299500,299500.0,36168689,0.085145,0.014206,280500,257000,0.047379,69.2816,20828.9292,19704.8873,1124.042,315821.76,198178.24,0.8613
2026-05-22,300000,300500,292000,292500,292500.0,18395274,-0.023372,-0.491403,284900,260750,0.047944,65.5794,20781.9782,19920.3054,861.6727,318522.24,202977.76,0.7748
2026-05-26,298000,302000,297500,299000,299000.0,23441371,0.022222,0.274315,288500,264475,0.047813,67.3255,21026.88,20141.6204,885.2597,322012.61,206937.39,0.8
2026-05-27,321500,323000,306000,307000,307000.0,33916688,0.026756,0.446873,294800,268850,0.047075,69.3839,21617.3088,20436.758,1180.5507,325284.5,212415.5,0.838
2026-05-28,305000,306500,287500,299500,299500.0,30195334,-0.02443,-0.10972,299500,272600,0.047949,65.2347,21235.2537,20596.4572,638.7965,326538.17,218661.83,0.7494
2026-05-29,309500,319000,305500,317000,317000.0,37241537,0.058431,0.233354,303000,277350,0.048445,69.7764,22089.937,20895.1531,1194.7839,329218.36,225481.64,0.8822
2026-06-01,319500,354500,319500,349000,349000.0,45052488,0.100946,0.209738,314300,283500,0.051516,75.9607,25060.53,21728.2285,3332.3015,338787.76,228212.24,1.0924
2026-06-02,360500,370000,342000,360500,360500,44720282,0.032951,-0.007374,326600,290500,0.050381,77.7247,28019.7066,22986.5241,5033.1825,347623.14,233376.86,1.1127
2026-06-04,349000,366000,348000,351500,351500,34771037,-0.024965,-0.222477,335500,296450,0.051093,73.1977,29300.8881,24249.3969,5051.4912,352922.54,239977.46,0.9874
2026-06-05,333500,343000,325000,329000,329000,33725012,-0.064011,-0.030083,341400,299600,0.047094,63.2756,28175.8778,25034.6931,3141.1847,355949.1,243250.9,0.7609
2026-06-08,293000,315500,292500,295500,295500,38929682,-0.101824,0.154327,337100,300800,0.053877,51.9782,24301.0022,24887.9549,-586.9528,355631.22,245968.78,0.4517
2026-06-09,310000,324000,300000,322000,322000,30124249,0.089679,-0.226188,331700,303475,0.056714,58.318,23102.1566,24530.7952,-1428.6387,356872.69,250077.31,0.6735
2026-06-10,311000,314500,295250,302500,302166.75,1191,-0.060559,-0.99996,320100.0,304325.0,0.05746,52.7944,20343.2938,23692.3603,-3349.0665,357054.97,251595.03,0.4827
2026-06-11,290500,306500,287500,299000,298670.62,31420307,-0.01157,26380.450042,309600.0,305325.0,0.057245,51.8453,17671.4053,22488.1693,-4816.764,356775.82,253874.18,0.4385
2026-06-12,326000,339000,320000,322500,322144.72,31006148,0.078595,-0.013181,308300.0,307250.0,0.059429,57.3849,17251.3058,21440.7966,-4189.4908,358220.06,256279.94,0.6496
2026-06-15,342500,344500,334000,337000,336628.75,21500067,0.044961,-0.306587,316600.0,309300.0,0.059512,60.4111,17882.267,20729.0907,-2846.8237,361644.41,256955.59,0.7646
2026-06-16,343000,345500,332500,343000,342622.16,17548685,0.017804,-0.183785,320800.0,312925.0,0.055016,61.6254,18651.4559,20313.5637,-1662.1078,363981.5,261868.5,0.7945
2026-06-17,332000,348000,331500,346500,346118.28,18134051,0.010204,0.033357,329600.0,316200.0,0.05467,62.3509,19320.7468,20115.0003,-794.2535,367036.58,265363.42,0.798
2026-06-18,345000,363000,344500,362500,362100.66,32764450,0.046176,0.806792,342300.0,320550.0,0.054706,65.5566,20901.2938,20272.259,629.0348,371611.26,269488.74,0.9108
2026-06-19,372500,374500,346250,354000,353610.03,43284898,-0.023448,0.321093,348600.0,324450.0,0.055294,62.5114,21223.3601,20462.4792,760.8809,373039.47,275860.53,0.8041
2026-06-22,343000,363000,342000,353500,353110.59,24330451,-0.001412,-0.4379,351900.0,327150.0,0.052885,62.328,21193.9435,20608.7721,585.1714,375902.98,278397.02,0.7702
2026-06-23,347500,353000,310000,310000,309658.5,41266630,-0.123055,0.69609,345300.0,328025.0,0.061142,48.8889,17459.2844,19978.8746,-2519.5902,374745.3,281304.7,0.3071
2026-06-24,314000,341000,314000,340500,340124.91,47809959,0.098387,0.158562,344100.0,330100.0,0.064349,56.0452,16767.3517,19336.57,-2569.2183,375045.11,285154.89,0.6157
2026-06-25,359500,362500,352000,358500,358105.06,36157158,0.052863,-0.243732,343300.0,332675.0,0.065,59.637,17470.0557,18963.2671,-1493.2114,377947.6,287402.4,0.7852
2026-06-26,354000,356500,321500,339500,339126.0,39735951,-0.052999,0.098979,340400.0,334675.0,0.066112,54.5681,16305.8488,18431.7835,-2125.9347,377229.33,292120.67,0.5567
2026-06-29,331000,335500,316000,323000,323000.0,35436521,-0.048601,-0.1082,334300.0,334975.0,0.066122,50.5499,13891.6599,17523.7588,-3632.0989,377086.97,292863.03,0.3578
2026-06-30,323500,343000,321000,334000,334000.0,29237216,0.034056,-0.174941,339100.0,334225.0,0.062771,53.0329,12719.3847,16562.8839,-3843.4992,375816.34,292633.66,0.4973
2026-07-01,334500,339000,311500,314500,314500.0,24968382,-0.058383,-0.146007,333900.0,331925.0,0.063493,48.3939,10100.4297,15270.3931,-5169.9634,372472.92,291377.08,0.2851
2026-07-02,290000,304000,281500,286000,286000.0,38905074,-0.09062,0.558174,319400.0,328650.0,0.066406,42.5372,5659.933,13348.3011,-7688.3681,372948.15,284351.85,0.0186
2026-07-03,288500,313000,283500,309500,309500.0,31520538,0.082168,-0.189809,313400.0,327675.0,0.067895,48.1132,3991.0546,11476.8518,-7485.7972,372791.54,282558.46,0.2986
2026-07-06,320000,325000,303000,318000,318000.0,23872879,0.027464,-0.242625,312400.0,328800.0,0.063538,50.003,3316.1093,9844.7033,-6528.594,371601.13,285998.87,0.3738
2026-07-07,307000,310000,286000,296000,296000.0,32421032,-0.069182,0.35807,304800.0,327500.0,0.062569,45.3946,994.5299,8074.6686,-7080.1387,372683.84,282316.16,0.1514
2026-07-08,285500,300000,273500,277500,277500.0,33525758,-0.0625,0.034074,297400.0,326250.0,0.062672,41.8977,-2311.4885,5997.4372,-8308.9257,375542.36,276957.64,0.0055
2026-07-09,288500,291500,267500,278000,278000.0,29703616,0.001802,-0.114006,295800.0,325200.0,0.062661,42.0277,-4835.4461,3830.8605,-8666.3066,377725.08,272674.92,0.0507
2026-07-10,291000,298000,282000,285000,285000.0,20088811,0.02518,-0.323691,290900.0,323325.0,0.060262,43.9192,-6199.3964,1824.8091,-8024.2055,378847.66,267802.34,0.1549
2026-07-13,285000,292500,253000,254500,254500.0,31882652,-0.107018,0.587085,278200.0,319200.0,0.063535,38.0879,-9630.4185,-466.2364,-9164.1821,382199.92,256200.08,-0.0135
2026-07-14,255000,270000,247000,263000,263000.0,40086496,0.033399,0.257314,271600.0,315200.0,0.064023,40.4605,-11530.7301,-2679.1351,-8851.595,381888.12,248511.88,0.1086
2026-07-15,283500,284500,273000,279500,279500.0,24873414,0.062738,-0.379506,272000.0,311850.0,0.065974,44.8765,-11571.9346,-4457.695,-7114.2396,378649.07,245050.93,0.2579
2026-07-16,264500,265500,252500,255000,255000.0,27001478,-0.087657,0.085556,267400.0,306475.0,0.066964,40.1184,-13426.7594,-6251.5079,-7175.2515,373413.68,239536.32,0.1155
2026-07-20,241000,257500,240000,244000,244000.0,26804038,-0.043137,-0.007312,259200.0,300975.0,0.067216,38.162,-15604.4511,-8122.0965,-7482.3546,369528.84,232421.16,0.0845
2026-07-21,247000,263500,243000,259000,259000.0,20386896,0.061475,-0.23941,260100.0,296250.0,0.069391,42.2945,-15936.2101,-9684.9193,-6251.2908,362550.35,229949.65,0.2191
2026-07-22,276000,276000,260000,260500,260500.0,22292003,0.005792,0.093448,259600.0,293775.0,0.063908,42.7069,-15894.8679,-10926.909,-4967.9589,361592.46,225957.54,0.2547
