run_id,date,turn,subturn,agent_id,source_ltb_id,source_stb_id,analysis_id,decision_id,fill_id,post_fill_ltb_id,decision_date,market_features_date,news_start_date,news_start_time,news_max_date,news_end_time,execution_date,information_mode,stock_code,action,quantity,reason,decision_attempts,decision_origin,one_share_reason
RN_COMM_ON_20260917_v2,2026-02-27,1,am,A005,ltb_A005_t000,stb_A005_t001,analysis_A005_t001,decision_A005_t001,,,2026-02-27,2026-02-26,2026-02-26,15:30,2026-02-27,08:59,2026-02-27,pre_close_cutoff,005930,buy,100,"전일 종가 대비 -3.67% 하락한 공시가를 페르소나의 '하락 시 매수' 원칙에 따라 기회로 판단함. MA5(200,920원) 상회로 단기 지지력이 확인되나, ASML 규제 등 거시적 불확실성으로 인해 초기 진입은 제한적으로 진행함.",1,llm_first_response,not_one_share
RN_COMM_ON_20260917_v2,2026-02-27,1,am,A003,ltb_A003_t000,stb_A003_t001,analysis_A003_t001,decision_A003_t001,,,2026-02-27,2026-02-26,2026-02-26,15:30,2026-02-27,08:59,2026-02-27,pre_close_cutoff,005930,buy,238,"전일 대비 약 3.7% 하락한 조정 국면에서 MA5 지지선(200,920원) 상단에 위치하여 단기 반등 가능성이 높다고 판단됨. 반도체 TOP10 자금 유입 및 한·영 협력 뉴스 등 긍정적 모멘텀이 존재하며, 페르소나의 성향인 '하락 시 매수'와 '단기 변동성 추종'에 부합함. 초기 현금 1 억 원 중 최대 허용 범위인 5 천만 원 (약 238 주) 을 전량 투입하여 집중 투자 전략을 실행함.",1,llm_first_response,not_one_share
RN_COMM_ON_20260917_v2,2026-02-27,1,am,A008,ltb_A008_t000,stb_A008_t001,analysis_A008_t001,decision_A008_t001,,,2026-02-27,2026-02-26,2026-02-26,15:30,2026-02-27,08:59,2026-02-27,pre_close_cutoff,005930,buy,2380,"초기 현금 10 억 원을 보유하고 있으며, 전일 대비 약 3.7% 하락한 현재 가격 (210,000 원) 은 기본적 분석 관점에서 저평가 매수 기회로 판단됨. 반도체 업황 회복 기대와 AI 수요 확대 기조는 유지되나 ASML 규제 등 악재가 혼재되어 단기 변동성이 있으나, 이는 집중 투자를 통해 두둑한 수익을 얻기 위한 진입 타이밍으로 해석함. 기술적 지표보다는 가격 하락 국면과 내재가치 상승 가능성을 중시하여 전량 매수 실행.",1,llm_first_response,not_one_share
RN_COMM_ON_20260917_v2,2026-02-27,1,am,A002,ltb_A002_t000,stb_A002_t001,analysis_A002_t001,decision_A002_t001,,,2026-02-27,2026-02-26,2026-02-26,15:30,2026-02-27,08:59,2026-02-27,pre_close_cutoff,005930,buy,200,"엔비디아 호실적과 반도체 섹터 유입 기대감으로 상승 모멘텀이 존재하나, ASML 관련 악재로 인한 거시 리스크와 전일 대비 -3.67% 하락 등 단기 조정 압력이 공존하여 방향성은 불확실하다. 그러나 기술적 지표상 MA5 > MA20의 우상향 추세는 유지되고 있으며, 현재 시가는 일시적인 조정 구간으로 판단되어 가치 기반 접근법에 따라 저가 매수 기회를 포착한다. 초기 진입 단계이므로 집중 투자 전략에 따라 현금의 50% 한도 내에서 상당 부분을 투입한다.",1,llm_first_response,not_one_share
RN_COMM_ON_20260917_v2,2026-02-27,1,am,A004,ltb_A004_t000,stb_A004_t001,analysis_A004_t001,decision_A004_t001,,,2026-02-27,2026-02-26,2026-02-26,15:30,2026-02-27,08:59,2026-02-27,pre_close_cutoff,005930,buy,238,"엔비디아 호실적과 AI 반도체 섹터의 강세로 상승 모멘텀이 존재하나, ASML 관련 악재와 미·중 갈등으로 인한 단기 조정 (-3.67%) 이 발생하여 페르소나의 '하락 시 매수' 성향에 부합하는 진입 기회로 판단됨. 기술적으로 5일 이동평균선 지지와 거래량 증가가 확인되어 반등 가능성이 높으며, 보유 현금이 충분하므로 최대 한도 내에서 포지션을 취함.",1,llm_first_response,not_one_share
RN_COMM_ON_20260917_v2,2026-02-27,1,am,A007,ltb_A007_t000,stb_A007_t001,analysis_A007_t001,decision_A007_t001,,,2026-02-27,2026-02-26,2026-02-26,15:30,2026-02-27,08:59,2026-02-27,pre_close_cutoff,005930,buy,100,"엔비디아 호실적 등 섹터의 긍정적 모멘텀이 존재하나, 삼성전자 주가는 전일 대비 약 3.7% 하락하여 페르소나의 '하락 시 매수' 원칙에 부합하는 진입 구간입니다. 기술적 지표상 MA5와 MA20 위에 위치해 중장기 추세는 유지되나 단기 조정 국면으로 판단되어 신규 포지션 구축을 시작합니다.",1,llm_first_response,not_one_share
RN_COMM_ON_20260917_v2,2026-02-27,1,am,A006,ltb_A006_t000,stb_A006_t001,analysis_A006_t001,decision_A006_t001,,,2026-02-27,2026-02-26,2026-02-26,15:30,2026-02-27,08:59,2026-02-27,pre_close_cutoff,005930,buy,238,"엔비디아 호실적과 AI 수요 확대 등 긍정적 모멘텀이 존재하나, 전일 대비 약 3.7% 하락한 공시가 (210,000원) 는 페르소나의 '하락 시 매수' 원칙에 부합하는 진입 기회로 판단됩니다. 기술적 지표상 MA5 근처에서의 지지 여부와 함께 단기 조정 국면이므로, 집중 투자 전략에 따라 보유 현금의 최대 한도인 5천만 원 (약 238 주) 을 모두 투입하여 포지션을 확보합니다.",1,llm_first_response,not_one_share
RN_COMM_ON_20260917_v2,2026-02-27,1,am,A001,ltb_A001_t000,stb_A001_t001,analysis_A001_t001,decision_A001_t001,,,2026-02-27,2026-02-26,2026-02-26,15:30,2026-02-27,08:59,2026-02-27,pre_close_cutoff,005930,buy,100,"엔비디아 호실적과 AI 수요 확대 등 업황 개선 기대감 (current_stb dim_1) 이 상승 모멘텀을 형성하고 있으나, ASML 규제 우려와 '삼전닉스' 열기 등 FOMO 심리 (current_stb dim_4) 로 인해 시장이 과열될 수 있다는 점을 경계합니다. 페르소나의 원칙에 따라 최근 시가 하락 (-3.67%) 국면을 저평가 진입 기회로 판단하여, 초기 포지션을 소량으로 구축합니다. 보유 자산이 없으므로 현금 100% 상태에서 분산 투자 원칙 하에 최대 가능 금액의 절반 수준인 2,100 만 원 (100 주) 을 매수합니다.",1,llm_first_response,not_one_share
RN_COMM_ON_20260917_v2,2026-02-27,1,am,A013,ltb_A013_t000,stb_A013_t001,analysis_A013_t001,decision_A013_t001,,,2026-02-27,2026-02-26,2026-02-26,15:30,2026-02-27,08:59,2026-02-27,pre_close_cutoff,005930,buy,238,"현재 현금 1 억 원으로 포지션이 완전히 비어 있어 신규 진입이 필수적이며, 페르소나의 성향상 최근 급등세 이후 조정 국면 (전일 대비 -3.67%) 을 '과도한 하락'으로 간주하여 저가 매수 기회를 포착하려 합니다. 엔비디아 호실적 등 AI 반도체 섹터의 장기 성장 모멘텀은 유지되나, ASML 규제 리스크로 인한 변동성 확대 가능성도 존재하므로, 기술적 분석 관점에서 MA5 하향 돌파 시 추가 조정을 기다리는 원칙을 따르되, 현재 가격이 전일 종가 대비 하락한 점을 기회로 판단하여 최대 한도 내에서 전량 매수합니다.",1,llm_first_response,not_one_share
RN_COMM_ON_20260917_v2,2026-02-27,1,am,A010,ltb_A010_t000,stb_A010_t001,analysis_A010_t001,decision_A010_t001,,,2026-02-27,2026-02-26,2026-02-26,15:30,2026-02-27,08:59,2026-02-27,pre_close_cutoff,005930,buy,142,"전일 대비 약 3.7% 하락한 공시가 (210,000 원) 는 기본적 분석 원칙인 '가격 하락 국면 선호'에 부합하여 저평가 매수 기회로 판단됩니다. 반도체 업황 회복 기대와 글로벌 협력 호재가 존재하나, ASML 규제 리스크 등 불확실성이 있어 과열된 추격 매수는 피하고, 현금의 50% 한도 내에서 분산 투자 원칙을 적용해 신중하게 진입합니다.",1,llm_first_response,not_one_share
RN_COMM_ON_20260917_v2,2026-02-27,1,am,A009,ltb_A009_t000,stb_A009_t001,analysis_A009_t001,decision_A009_t001,,,2026-02-27,2026-02-26,2026-02-26,15:30,2026-02-27,08:59,2026-02-27,pre_close_cutoff,005930,buy,238,"엔비디아 호실적과 AI 반도체 섹터 강세로 상승 모멘텀이 존재하며, 기술적 지표 (MA5, MA20 상회) 와 거래량 증가가 상승 추세를 확인하고 있어 페르소나의 '최근 가격 상승 국면에서의 신규 매수' 성향에 부합합니다. 초기 현금 1억 원으로 집중 투자를 통해 두둑한 수익을 목표로 합니다.",1,llm_first_response,not_one_share
RN_COMM_ON_20260917_v2,2026-02-27,1,am,A012,ltb_A012_t000,stb_A012_t001,analysis_A012_t001,decision_A012_t001,,,2026-02-27,2026-02-26,2026-02-26,15:30,2026-02-27,08:59,2026-02-27,pre_close_cutoff,005930,buy,10,"엔비디아 호실적과 AI 수요 확대 등 장기적 상승 모멘텀이 강하며, 기술적 지표상 20일 이동평균선 위에 있어 중장기 추세는 유지되고 있음. 페르소나의 '복권형' 자산 선호 성향에 따라 급등 국면에서의 수익을 노리지만, 당일 시가 하락 (-3.67%) 이라는 단기 조정 신호를 고려하여 초기 진입은 소량으로 제한함.",1,llm_first_response,not_one_share
RN_COMM_ON_20260917_v2,2026-02-27,1,am,A011,ltb_A011_t000,stb_A011_t001,analysis_A011_t001,decision_A011_t001,,,2026-02-27,2026-02-26,2026-02-26,15:30,2026-02-27,08:59,2026-02-27,pre_close_cutoff,005930,buy,100,"공시가 210,000원은 전일 대비 약 -3.67% 하락하여 페르소나의 '가격 하락 국면 매수' 원칙에 부합하는 진입 구간입니다. 반도체 자금 유입 호재와 ASML 규제 악재가 상충되나, 기술적 지표상 MA5 이상을 유지하며 거래량이 증가한 점은 단기 반등 가능성을 시사합니다. 초기 현금 1억 원 중 최대 5천만 원 (약 50%) 범위 내에서 분산 투자 원칙에 따라 100주 (2,100 만 원) 를 매수하여 포트폴리오를 구성합니다.",1,llm_first_response,not_one_share
RN_COMM_ON_20260917_v2,2026-02-27,1,am,A016,ltb_A016_t000,stb_A016_t001,analysis_A016_t001,decision_A016_t001,,,2026-02-27,2026-02-26,2026-02-26,15:30,2026-02-27,08:59,2026-02-27,pre_close_cutoff,005930,buy,23,"전일 대비 약 3.7% 하락하여 기술적 조정 구간으로 진입했으며, 5일 이동평균선 지지와 반도체 섹터 자금 유입 호재가 확인되어 페르소나의 원칙에 따라 신규 매수 기회를 포착합니다. 초기 현금 1억 원 중 최대 5천만 원까지 분산 매수가 가능하나, ASML 규제 등 거시적 불확실성을 고려해 총 자산의 약 4.8% 수준인 4,830,000원 (23주) 을 투입하여 리스크를 관리하며 진입합니다.",1,llm_first_response,not_one_share
RN_COMM_ON_20260917_v2,2026-02-27,1,am,A015,ltb_A015_t000,stb_A015_t001,analysis_A015_t001,decision_A015_t001,,,2026-02-27,2026-02-26,2026-02-26,15:30,2026-02-27,08:59,2026-02-27,pre_close_cutoff,005930,buy,100,"전일 대비 -3.67% 하락으로 조정 국면에 진입하여 페르소나의 '하락 국면 선호' 신규 매수 조건에 부합함. 엔비디아 호실적 등 AI 수요 모멘텀은 유지되나 ASML 규제 리스크로 변동성이 클 것으로 예상되어, 기술적 지표 (MA5, MA20 상향) 가 지지하는 구간에서 제한적으로 진입하여 반등 수익을 노림.",1,llm_first_response,not_one_share
RN_COMM_ON_20260917_v2,2026-02-27,1,am,A014,ltb_A014_t000,stb_A014_t001,analysis_A014_t001,decision_A014_t001,,,2026-02-27,2026-02-26,2026-02-26,15:30,2026-02-27,08:59,2026-02-27,pre_close_cutoff,005930,buy,10,"엔비디아 호실적과 AI 반도체 섹터의 상승 모멘텀이 내재가치 상승 가능성을 시사하나, ASML의 중국 매출 감소 우려 등 거시 리스크로 인해 밸류에이션 저평가 여부를 단정하기 어렵습니다. 따라서 집중 투자 원칙을 따르되, 불확실성이 높은 초기 단계이므로 현금의 일부만 사용하여 제한적으로 진입합니다.",1,llm_first_response,not_one_share
RN_COMM_ON_20260917_v2,2026-02-27,1,am,A017,ltb_A017_t000,stb_A017_t001,analysis_A017_t001,decision_A017_t001,,,2026-02-27,2026-02-26,2026-02-26,15:30,2026-02-27,08:59,2026-02-27,pre_close_cutoff,005930,buy,10,"allowed_actions가 'buy'로 제한되어 있어 매수 행위가 필수적이나, 페르소나의 원칙인 '최근 하락 국면에서는 신규 매수를 피한다'는 점과 전일 대비 -3.67% 급락 시가라는 기술적 신호를 고려하여 최소 단위인 10주로 제한적으로 진입합니다. 반도체 섹터의 장기 호조와 AI 수요 기대감 등 긍정적 모멘텀이 존재하나, 단기 조정 가능성과 뉴스 데이터의 구체성 부족으로 인해 공격적인 매수는 지양합니다.",1,llm_first_response,not_one_share
RN_COMM_ON_20260917_v2,2026-02-27,1,am,A019,ltb_A019_t000,stb_A019_t001,analysis_A019_t001,decision_A019_t001,,,2026-02-27,2026-02-26,2026-02-26,15:30,2026-02-27,08:59,2026-02-27,pre_close_cutoff,005930,buy,10,"현재 allowed_actions가 'buy'로 제한되어 있어 매수 행위가 필수적입니다. 페르소나의 원칙상 최근 하락 국면 (전일 대비 -3.67%) 에는 신규 매수를 피하는 것이 원칙이나, 강제 매수 상황에서는 기본적 분석에 기반한 저평가 가능성과 엔비디아 호실적 등 섹터의 장기 성장 모멘텀을 고려하여 최소 단위인 10주 (약 210 만 원) 로 제한적으로 진입합니다.",1,llm_first_response,not_one_share
RN_COMM_ON_20260917_v2,2026-02-27,1,am,A018,ltb_A018_t000,stb_A018_t001,analysis_A018_t001,decision_A018_t001,,,2026-02-27,2026-02-26,2026-02-26,15:30,2026-02-27,08:59,2026-02-27,pre_close_cutoff,005930,buy,100,"반도체 섹터의 구조적 성장성과 한·영 협력 확대 등 내재가치 상승 요인이 있으나, ASML 규제 리스크와 단기 조정으로 인해 불확실성이 존재합니다. 기본적 분석 관점에서 저평가 구간 진입을 시도하되, 초기 진입 단계이므로 원칙에 따라 최대 투자 가능 금액 (5 천만 원) 의 절반 수준인 약 2 천만 원 (100 주) 을 매수하여 현금 여력을 확보하고 추후 물타기나 손절매 판단을 위한 기초 포지션을 형성합니다.",1,llm_first_response,not_one_share
RN_COMM_ON_20260917_v2,2026-02-27,1,am,A024,ltb_A024_t000,stb_A024_t001,analysis_A024_t001,decision_A024_t001,,,2026-02-27,2026-02-26,2026-02-26,15:30,2026-02-27,08:59,2026-02-27,pre_close_cutoff,005930,buy,238,"전일 대비 -3.67% 하락하여 '최근 가격이 하락한 국면'을 선호하는 페르소나의 매수 조건에 부합하며, 반도체 섹터 강세와 '삼전닉스', '한국-영국 협력 확장' 등 강력한 호재 뉴스가 FOMO 심리를 자극하고 있어 단기 급등 가능성 (복권형 자산) 이 높다고 판단합니다. 현재 현금 1 억 원으로 최대 거래 한도인 5 천만 원 (238 주) 을 모두 투입해 집중 투자합니다.",1,llm_first_response,not_one_share
RN_COMM_ON_20260917_v2,2026-02-27,1,am,A020,ltb_A020_t000,stb_A020_t001,analysis_A020_t001,decision_A020_t001,,,2026-02-27,2026-02-26,2026-02-26,15:30,2026-02-27,08:59,2026-02-27,pre_close_cutoff,005930,buy,238,"초기 현금 보유 상태이므로 '복권형' 자산에 대한 공격적 투자 성향을 발휘하여 전량 매수합니다. 엔비디아 호실적과 AI 수요 확대 등 섹터 모멘텀이 강하지만, 오늘 시가가 전일 대비 약 3.7% 하락한 조정 국면은 페르소나의 원칙인 '가격 하락 국면 선호'와 기술적 지표 (MA5 상회) 에 부합하는 진입 타이밍으로 판단됩니다. ASML 규제 리스크 등 변동성 요인이 있으나, 단기 반등을 노린 기회로 접근합니다.",1,llm_first_response,not_one_share
RN_COMM_ON_20260917_v2,2026-02-27,1,am,A021,ltb_A021_t000,stb_A021_t001,analysis_A021_t001,decision_A021_t001,,,2026-02-27,2026-02-26,2026-02-26,15:30,2026-02-27,08:59,2026-02-27,pre_close_cutoff,005930,buy,238,"전일 대비 3.7% 하락한 시가 진입은 페르소나의 '가격 하락 국면 선호' 원칙과 완벽히 부합하며, '삼전닉스' 관련 호재와 반도체 섹터의 강세 모멘텀을 통해 단기간 급등 (복권형 수익) 을 기대할 수 있는 최적의 타이밍으로 판단됩니다. 기술적 지표상 MA5 근처에서의 지지 테스트가 예상되며, 초기 현금 1 억 원을 활용해 단일 종목에 집중 투자하여 상승분을 확정적으로 포착하고자 합니다.",1,llm_first_response,not_one_share
RN_COMM_ON_20260917_v2,2026-02-27,1,am,A023,ltb_A023_t000,stb_A023_t001,analysis_A023_t001,decision_A023_t001,,,2026-02-27,2026-02-26,2026-02-26,15:30,2026-02-27,08:59,2026-02-27,pre_close_cutoff,005930,buy,10,"전일 대비 3.67% 하락한 시가 (210,000원) 는 단기 조정 국면으로 판단되며, 기본적 분석 관점에서 급등세 이후의 과열 우려를 피하기 위해 소량 진입합니다. 엔비디아 호실적과 AI 수요 확대라는 장기적 성장성은 유지되나, 현재 가격이 저평가되었다고 단정할 근거는 부족하여 신중한 접근이 필요합니다.",1,llm_first_response,not_one_share
RN_COMM_ON_20260917_v2,2026-02-27,1,am,A022,ltb_A022_t000,stb_A022_t001,analysis_A022_t001,decision_A022_t001,,,2026-02-27,2026-02-26,2026-02-26,15:30,2026-02-27,08:59,2026-02-27,pre_close_cutoff,005930,buy,100,"엔비디아 호실적과 AI 수요 확대 등 내재가치 상승 요인이 존재하나, ASML 규제 리스크로 인해 밸류에이션이 적정 수준이며 단기 변동성도 존재합니다. 기본적 분석 관점에서 저평가 구간은 아니나, 초기 진입 단계로서 현금의 50% 한도 내에서 분산 투자 원칙을 준수하며 신중하게 포지션을 확보합니다.",1,llm_first_response,not_one_share
RN_COMM_ON_20260917_v2,2026-02-27,1,am,A025,ltb_A025_t000,stb_A025_t001,analysis_A025_t001,decision_A025_t001,,,2026-02-27,2026-02-26,2026-02-26,15:30,2026-02-27,08:59,2026-02-27,pre_close_cutoff,005930,buy,1000,"전일 대비 약 3.7% 하락한 공시가를 페르소나의 원칙인 '하락 시 매수' 전략에 따라 진입점으로 판단했습니다. 엔비디아 호실적 등 반도체 섹터의 상승 모멘텀과 ASML 규제 리스크가 혼재된 상황이나, 기술적 지표상 MA5와 MA20 사이에서 지지력을 확인하며 단기 반등 가능성이 높다고 보았습니다. 초기 투자 단계이므로 현금 10 억 원 중 최대 5 억 원(최대 2380 주) 의 42% 수준인 21 억 원 (1000 주) 을 투입하여 분산 투자 원칙을 준수하면서도 하락 국면에서의 기회 포착을 시도합니다.",1,llm_first_response,not_one_share
RN_COMM_ON_20260917_v2,2026-02-27,1,am,A026,ltb_A026_t000,stb_A026_t001,analysis_A026_t001,decision_A026_t001,,,2026-02-27,2026-02-26,2026-02-26,15:30,2026-02-27,08:59,2026-02-27,pre_close_cutoff,005930,buy,238,"엔비디아 호실적 등 섹터 호재에도 불구하고 전일 대비 약 3.7% 하락하여 내가 선호하는 '가격 하락 후 반등' 전략의 진입 조건이 충족됨. 기술적 분석 관점에서 MA5와 MA20 사이에서 하방 지지력을 확인하며, 복권형 투자 성향에 따라 하락 국면에서의 집중 매수를 통해 단기간 급등 수익을 노림.",1,llm_first_response,not_one_share
RN_COMM_ON_20260917_v2,2026-02-27,1,am,A030,ltb_A030_t000,stb_A030_t001,analysis_A030_t001,decision_A030_t001,,,2026-02-27,2026-02-26,2026-02-26,15:30,2026-02-27,08:59,2026-02-27,pre_close_cutoff,005930,buy,119,"반도체 업황 회복 기대와 AI 수요 확대 등 장기적 성장 동력이 명확하며, 전일 대비 하락세는 저평가 매수 기회로 판단됩니다. 기본적 분석에 기반하여 내재가치를 중시하는 관점에서 초기 포지션을 구축합니다.",1,llm_first_response,not_one_share
RN_COMM_ON_20260917_v2,2026-02-27,1,am,A028,ltb_A028_t000,stb_A028_t001,analysis_A028_t001,decision_A028_t001,,,2026-02-27,2026-02-26,2026-02-26,15:30,2026-02-27,08:59,2026-02-27,pre_close_cutoff,005930,buy,200,"엔비디아 호실적과 AI 반도체 섹터 유입 기대감으로 상승 모멘텀이 강하며, 기술적 지표 (MA5, MA20 상회) 가 신규 매수 신호를 제시합니다. 초기 현금 1억 원 보유 상태에서 분산 투자 원칙에 따라 최대 매매 가능 금액의 절반인 4,200 만 원 (200 주) 을 투입하여 추세를 따릅니다.",1,llm_first_response,not_one_share
RN_COMM_ON_20260917_v2,2026-02-27,1,am,A029,ltb_A029_t000,stb_A029_t001,analysis_A029_t001,decision_A029_t001,,,2026-02-27,2026-02-26,2026-02-26,15:30,2026-02-27,08:59,2026-02-27,pre_close_cutoff,005930,buy,238,"엔비디아 호실적과 AI 섹터 상승 모멘텀이 강세이며, 기술적 지표 (MA5, MA20 상향) 가 매수 신호를 주고 있습니다. 하락 시 추가 매수할 수 있는 현금 여력이 충분하고, 급등한 자산을 선호하는 성향에 따라 현재 공시가인 210,000원에 전량 매수하여 포지션을 구축합니다.",1,llm_first_response,not_one_share
RN_COMM_ON_20260917_v2,2026-02-27,1,am,A027,ltb_A027_t000,stb_A027_t001,analysis_A027_t001,decision_A027_t001,,,2026-02-27,2026-02-26,2026-02-26,15:30,2026-02-27,08:59,2026-02-27,pre_close_cutoff,005930,buy,100,"엔비디아 호실적과 반도체 섹터에 대한 낙관적 심리 (dim_4) 로 상승 모멘텀이 존재하며, 기술적으로 MA5 및 MA20 위에 위치해 지지력을 보이고 있음. 초기 진입 단계로 현금 비중 100% 이므로, 페르소나의 성향인 '떨어질수록 매수' 전략을 위해 먼저 포지션을 형성하고, 추가 하락 시 대응할 여력을 확보하기 위해 최대 매매 가능 금액의 절반 수준으로 제한적으로 매수한다.",1,llm_first_response,not_one_share
RN_COMM_ON_20260917_v2,2026-02-27,1,am,A033,ltb_A033_t000,stb_A033_t001,analysis_A033_t001,decision_A033_t001,,,2026-02-27,2026-02-26,2026-02-26,15:30,2026-02-27,08:59,2026-02-27,pre_close_cutoff,005930,buy,200,"기술적 지표 (MA5, MA20 상향 돌파) 와 거래량 증가가 상승 추세를 뒷받침하며, 페르소나의 성향인 '상승 국면에서의 신규 매수' 원칙에 부합합니다. 반도체 섹터의 자금 유입과 긍정적 시장 심리를 고려하여 진입하되, 뉴스 요약 미확인으로 인한 정보 비대칭 리스크를 인지하고 있습니다.",1,llm_first_response,not_one_share
RN_COMM_ON_20260917_v2,2026-02-27,1,am,A032,ltb_A032_t000,stb_A032_t001,analysis_A032_t001,decision_A032_t001,,,2026-02-27,2026-02-26,2026-02-26,15:30,2026-02-27,08:59,2026-02-27,pre_close_cutoff,005930,buy,166,"전일 종가 대비 약 3.7% 하락한 시가 (210,000원) 는 기술적 조정 구간으로 판단되어 신규 매수 타이밍으로 적합하다. 반도체 섹터 호조와 '삼전닉스', 영국 협력 확대 등 긍정적 뉴스 흐름이 하방 경직성을 제공할 것으로 보이며, 페르소나의 성향에 따라 급등 자산 추격 매수를 피하고 조정 시 진입하는 전략을 따른다.",1,llm_first_response,not_one_share
RN_COMM_ON_20260917_v2,2026-02-27,1,am,A031,ltb_A031_t000,stb_A031_t001,analysis_A031_t001,decision_A031_t001,,,2026-02-27,2026-02-26,2026-02-26,15:30,2026-02-27,08:59,2026-02-27,pre_close_cutoff,005930,buy,238,"초기 현금 1억 원 보유 상태에서 전일 급락 (-3.67%) 으로 인해 내재가치 대비 매력적인 진입점이 형성된 것으로 판단됩니다. 엔비디아 호실적과 AI 수요 확대 등 섹터의 성장 동력은 유지되나, ASML 관련 거시 리스크와 구체적 실적 수치 부재로 인한 불확실성이 존재합니다. 따라서 원칙에 따라 분산 투자 및 가치 평가를 우선하되, 초기 진입 시 과도한 낙관론을 경계하기 위해 최대 매수 가능 금액 (5000 만 원) 을 모두 사용하여 일괄 매수합니다.",1,llm_first_response,not_one_share
RN_COMM_ON_20260917_v2,2026-02-27,1,am,A034,ltb_A034_t000,stb_A034_t001,analysis_A034_t001,decision_A034_t001,,,2026-02-27,2026-02-26,2026-02-26,15:30,2026-02-27,08:59,2026-02-27,pre_close_cutoff,005930,buy,100,"엔비디아 호실적과 AI 수요 확대 등 내재가치 측면에서 매력적이지만, ASML 관련 악재와 밸류에이션 불확실성으로 인해 단정적인 저평가 판단은 보류한다. 그러나 현재 주가가 전일 대비 하락하여 단기 조정 국면에 진입했고, 기본적 분석 관점에서 우량 자산의 조정 시점을 포착하기 위해 집중 투자 원칙에 따라 매수한다.",1,llm_first_response,not_one_share
RN_COMM_ON_20260917_v2,2026-02-27,1,am,A037,ltb_A037_t000,stb_A037_t001,analysis_A037_t001,decision_A037_t001,,,2026-02-27,2026-02-26,2026-02-26,15:30,2026-02-27,08:59,2026-02-27,pre_close_cutoff,005930,buy,100,"엔비디아 호실적과 AI 반도체 섹터 모멘텀으로 상승 압력이 있으나, ASML 규제 리스크 등 거시적 불확실성이 공존하여 방향성은 혼조됨. 기술적 지표상 중기 상승 추세는 유지되나, 개별 종목 실적 구체성 부재로 과열 가능성도 배제할 수 없음. 초기 진입 단계이므로 복권형 자산 선호 성향을 고려하되, 가격 흐름만 믿고 추격 매수하지 않고 기업의 가치와 정보를 우선 검토하여 제한적으로 진입함.",1,llm_first_response,not_one_share
RN_COMM_ON_20260917_v2,2026-02-27,1,am,A035,ltb_A035_t000,stb_A035_t001,analysis_A035_t001,decision_A035_t001,,,2026-02-27,2026-02-26,2026-02-26,15:30,2026-02-27,08:59,2026-02-27,pre_close_cutoff,005930,buy,238,"전일 대비 약 3.7% 하락하여 페르소나의 '가격 하락 시 매수' 원칙에 부합하며, 엔비디아 호실적과 AI 모멘텀으로 인한 단기 반등 기대감이 있다. 보유 현금 1억 원 전액을 삼성전자 단일 종목에 집중 투자하여 복권형 자산으로서의 높은 잠재 수익을 노린다.",1,llm_first_response,not_one_share
RN_COMM_ON_20260917_v2,2026-02-27,1,am,A036,ltb_A036_t000,stb_A036_t001,analysis_A036_t001,decision_A036_t001,,,2026-02-27,2026-02-26,2026-02-26,15:30,2026-02-27,08:59,2026-02-27,pre_close_cutoff,005930,buy,238,"엔비디아 호실적과 AI 수요 확대 기대감으로 반도체 섹터의 상승 모멘텀이 강하며, 기술적 지표상 5 일 및 20 일 이동평균선을 상회하는 추세입니다. 초기 현금 1 억 원을 보유하고 있어 단일 종목 집중 투자 전략에 따라 최대 매수 가능 수량인 238 주를 전량 매수하여 진입합니다.",1,llm_first_response,not_one_share
RN_COMM_ON_20260917_v2,2026-02-27,1,am,A038,ltb_A038_t000,stb_A038_t001,analysis_A038_t001,decision_A038_t001,,,2026-02-27,2026-02-26,2026-02-26,15:30,2026-02-27,08:59,2026-02-27,pre_close_cutoff,005930,buy,100,"초기 진입 단계로 현금 비중이 높으며, 엔비디아 호실적과 AI 수요 확대 등 내재가치 상승 요인이 확인되었으나, ASML 관련 악재와 규제 리스크로 인해 방향성이 불분명한 혼조세 시장입니다. 기본적 분석에 기반하여 저평가 여부를 단정할 수 없는 현재 상황에서, 포트폴리오 분산 원칙과 초기 진입의 신중함을 반영해 최대 매수 가능 금액 (5 억 원) 의 약 2% 수준인 소량으로 제한적으로 매수합니다.",1,llm_first_response,not_one_share
RN_COMM_ON_20260917_v2,2026-02-27,1,am,A039,ltb_A039_t000,stb_A039_t001,analysis_A039_t001,decision_A039_t001,,,2026-02-27,2026-02-26,2026-02-26,15:30,2026-02-27,08:59,2026-02-27,pre_close_cutoff,005930,buy,100,"전일 대비 하락한 시가 (210,000원) 가 5일 이동평균선 (200,920원) 부근에서 지지받고 있어 기술적 반등 모멘텀이 확인됨. 반도체 업황 호재와 시장 관심도 상승을 고려하나, ASML 규제 리스크 등 불확실성이 존재하므로 초기 진입은 최대 매매 가능 금액의 절반 수준인 2,100만 원 (100주) 으로 제한적으로 매수하여 추격 매수를 피하고 추가 조정 시 물타기 여력을 확보함.",1,llm_first_response,not_one_share
RN_COMM_ON_20260917_v2,2026-02-27,1,am,A041,ltb_A041_t000,stb_A041_t001,analysis_A041_t001,decision_A041_t001,,,2026-02-27,2026-02-26,2026-02-26,15:30,2026-02-27,08:59,2026-02-27,pre_close_cutoff,005930,buy,100,"공시가 기준 210,000원은 전일 대비 약 3.67% 하락하여 조정 국면에 진입했습니다. 엔비디아 호실적 등 섹터 호재와 ASML 관련 악재가 혼재된 상황에서, 내재가치와 성장성을 중시하는 기본적 분석 관점과 '하락 시 매수'라는 투자 성향에 따라 저평가 구간으로 판단합니다. 또한 기술적 지표상 주요 이동평균선을 상회하며 지지력을 보이고 있어 신규 매수 기회를 포착합니다.",1,llm_first_response,not_one_share
RN_COMM_ON_20260917_v2,2026-02-27,1,am,A040,ltb_A040_t000,stb_A040_t001,analysis_A040_t001,decision_A040_t001,,,2026-02-27,2026-02-26,2026-02-26,15:30,2026-02-27,08:59,2026-02-27,pre_close_cutoff,005930,buy,100,"엔비디아 호실적과 AI 수요 증가로 인한 반도체 업황 개선 기대감이 내재가치 재평가의 근거가 될 수 있으나, 구체적인 밸류에이션 지표 부재와 ASML 규제 리스크 등 불확실성이 존재합니다. 따라서 초기 진입 단계에서 원칙에 따라 현금의 절반(5천만 원) 범위 내에서 제한적으로 매수하여 포트폴리오를 구성하되, 추격 매수는 피하고 가치 투자 관점에서 접근합니다.",1,llm_first_response,not_one_share
RN_COMM_ON_20260917_v2,2026-02-27,1,am,A042,ltb_A042_t000,stb_A042_t001,analysis_A042_t001,decision_A042_t001,,,2026-02-27,2026-02-26,2026-02-26,15:30,2026-02-27,08:59,2026-02-27,pre_close_cutoff,005930,buy,1000,"엔비디아 호실적과 반도체 섹터의 강세 모멘텀 (Short-Term Belief dim_1) 이 있으나, 개별 종목인 삼성전자는 당일 시가 기준 전일 대비 하락하여 기술적 조정 국면 (Market View) 에 진입했습니다. 이는 페르소나의 '최근 가격이 하락한 국면을 선호한다'는 원칙에 부합하며, 섹터 호재 하에서의 일시적 조정이므로 반등 가능성을 열어두고 신규 매수합니다. 또한 초기 포트폴리오이므로 분산 투자 성향에 따라 단일 종목 비중을 제한적으로 설정합니다.",1,llm_first_response,not_one_share
RN_COMM_ON_20260917_v2,2026-02-27,1,am,A043,ltb_A043_t000,stb_A043_t001,analysis_A043_t001,decision_A043_t001,,,2026-02-27,2026-02-26,2026-02-26,15:30,2026-02-27,08:59,2026-02-27,pre_close_cutoff,005930,buy,238,"전일 종가 대비 시가 기준 -3.67% 하락하여 기술적 지지선 부근의 저가 매수 기회로 판단됨. 반도체 섹터 자금 유입과 영·한 협력 확대로 인한 강력한 모멘텀이 존재하며, 복권형 자산 선호 성향에 따라 급등 가능성에 베팅함. 현재 보유 종목이 없어 전량 매수 가능.",1,llm_first_response,not_one_share
RN_COMM_ON_20260917_v2,2026-02-27,1,am,A046,ltb_A046_t000,stb_A046_t001,analysis_A046_t001,decision_A046_t001,,,2026-02-27,2026-02-26,2026-02-26,15:30,2026-02-27,08:59,2026-02-27,pre_close_cutoff,005930,buy,1500,"엔비디아 호실적과 반도체 섹터 유입 기대감으로 상승 모멘텀이 존재하나, 당일 시가가 전일 대비 약 3.7% 하락하여 '복권형' 투자 성향에 부합하는 조정 국면 (과도한 하락 후 반등 가능성) 으로 판단됨. 기술적 분석 관점에서 MA5 지지선 근처에서 매수 기회를 포착하고, 분산 투자 원칙에 따라 최대 가능 금액의 절반 수준인 31 억 5 천만 원 (1,500 주 * 210,000 원) 을 투입하여 진입함.",1,llm_first_response,not_one_share
RN_COMM_ON_20260917_v2,2026-02-27,1,am,A044,ltb_A044_t000,stb_A044_t001,analysis_A044_t001,decision_A044_t001,,,2026-02-27,2026-02-26,2026-02-26,15:30,2026-02-27,08:59,2026-02-27,pre_close_cutoff,005930,buy,1500,"전일 대비 약 3.7% 하락한 현재 시가는 기본적 분석가로서의 '가격 하락 시 매수' 원칙과 부합합니다. 엔비디아 호실적 등 섹터의 긍정적 흐름이 지속되나, 단기 조정 국면은 저평가 진입 기회로 판단됩니다. 초기 현금 10 억 원을 보유하고 있어 분산 투자 원칙에 따라 최대 매매 가능 금액(5 억 원) 의 약 63% 수준인 3 억 1,500 만 원 (1,500 주 * 210,000 원) 을 투입하여 포트폴리오를 시작합니다.",1,llm_first_response,not_one_share
RN_COMM_ON_20260917_v2,2026-02-27,1,am,A045,ltb_A045_t000,stb_A045_t001,analysis_A045_t001,decision_A045_t001,,,2026-02-27,2026-02-26,2026-02-26,15:30,2026-02-27,08:59,2026-02-27,pre_close_cutoff,005930,buy,100,"엔비디아 호실적과 반도체 섹터 유입 기대감으로 상승 모멘텀이 존재하나, ASML의 중국 매출 감소 우려 등 거시 리스크로 인해 단기 방향성은 혼조세이다. 현재 주가는 MA5와 MA20 위에 위치하여 중기 상승 추세는 유효하나, 전일 대비 급락 (-3.67%) 으로 매도 압력이 작용하고 있어 추격 매수보다는 기업 가치와 정보에 기반한 신중한 진입이 필요하다. 보유 현금 1 억 원 중 최대 거래 한도인 5 천 만 원의 절반 수준인 약 2 천 1 백만 원 (100 주) 을 투입하여 분산 투자 원칙을 준수하며, 추가 하락 시 물타기 여력을 확보한다.",1,llm_first_response,not_one_share
RN_COMM_ON_20260917_v2,2026-02-27,1,am,A047,ltb_A047_t000,stb_A047_t001,analysis_A047_t001,decision_A047_t001,,,2026-02-27,2026-02-26,2026-02-26,15:30,2026-02-27,08:59,2026-02-27,pre_close_cutoff,005930,buy,238,"엔비디아 호실적과 AI 수요 확대 기대감으로 반도체 섹터의 성장 모멘텀이 명확히 확인되었으며, 현재 시가 (210,000 원) 는 장기 이동평균선 위에 위치해 기본적 가치 투자 관점에서 저평가 구간 진입 기회로 판단됩니다. 초기 현금 1 억 원을 보유하고 있어 단일 종목에 집중 투자하여 큰 수익을 창출할 수 있는 '복권형' 전략에 부합합니다.",1,llm_first_response,not_one_share
RN_COMM_ON_20260917_v2,2026-02-27,1,am,A048,ltb_A048_t000,stb_A048_t001,analysis_A048_t001,decision_A048_t001,,,2026-02-27,2026-02-26,2026-02-26,15:30,2026-02-27,08:59,2026-02-27,pre_close_cutoff,005930,buy,1500,"반도체 섹터의 호조와 '삼전닉스' 관련 호재로 단기 상승 모멘텀이 형성되었으나, 당일 시가 하락 (-3.67%) 은 조정 신호일 수 있어 추격 매수보다는 기술적 지지선 (MA20) 을 고려한 진입을 시도합니다. 기업 가치 우선 원칙에 따라 뉴스 제목만으로는 과열 판단을 경계하되, 복권형 투자 성향과 포트폴리오 분산 원칙에 따라 최대 매매 가능 금액의 약 47% 수준인 3억 1,500 만 원 (1,500 주 * 210,000 원) 으로 제한적으로 매수합니다.",1,llm_first_response,not_one_share
RN_COMM_ON_20260917_v2,2026-02-27,1,am,A049,ltb_A049_t000,stb_A049_t001,analysis_A049_t001,decision_A049_t001,,,2026-02-27,2026-02-26,2026-02-26,15:30,2026-02-27,08:59,2026-02-27,pre_close_cutoff,005930,buy,238,"반도체 섹터의 강세와 '삼전닉스' 모멘텀으로 상승 추세가 단기간 지속될 것으로 판단하여, 페르소나의 집중 투자 원칙과 복권형 자산 선호 성향에 따라 보유 현금 전액을 활용해 최대 수량(238 주) 으로 매수합니다. 시가 -3.67% 하락은 단기 조정일 가능성이 높으며, 기술적 지표상 MA5 위에 위치해 상승 추세 유지 신호로 해석합니다.",1,llm_first_response,not_one_share
RN_COMM_ON_20260917_v2,2026-02-27,1,am,A051,ltb_A051_t000,stb_A051_t001,analysis_A051_t001,decision_A051_t001,,,2026-02-27,2026-02-26,2026-02-26,15:30,2026-02-27,08:59,2026-02-27,pre_close_cutoff,005930,buy,1666,"전일 대비 -3.67% 하락으로 단기 조정 국면이 형성되어 기본적 분석 관점의 저가 매수 기회로 판단됨. 엔비디아 호실적 등 AI 수요 확대는 장기 성장 동력이지만, ASML 규제 우려 등 거시 리스크로 인해 시장 심리가 혼조된 상태이므로, 과열된 추격 매수를 피하고 현재 가격에서 진입하여 내재가치 확보를 목표로 함.",1,llm_first_response,not_one_share
RN_COMM_ON_20260917_v2,2026-02-27,1,am,A052,ltb_A052_t000,stb_A052_t001,analysis_A052_t001,decision_A052_t001,,,2026-02-27,2026-02-26,2026-02-26,15:30,2026-02-27,08:59,2026-02-27,pre_close_cutoff,005930,buy,100,"초기 현금 10 억 원을 보유하고 있어 첫 포지션 구축이 필요하며, 전일 대비 -3.7% 조정된 시가 (210,000 원) 는 기본적 분석 관점에서 저평가 진입 기회를 제공할 수 있습니다. 반도체 TOP10 자금 유입과 한·영 협력 호재로 인한 장기 모멘텀은 유지되나, ASML 규제 등 불확실성이 존재하므로 '복권형' 성향에 따른 과열 매수를 경계하고 분산 투자 원칙에 따라 소량으로 시작합니다.",1,llm_first_response,not_one_share
RN_COMM_ON_20260917_v2,2026-02-27,1,am,A050,ltb_A050_t000,stb_A050_t001,analysis_A050_t001,decision_A050_t001,,,2026-02-27,2026-02-26,2026-02-26,15:30,2026-02-27,08:59,2026-02-27,pre_close_cutoff,005930,buy,100,"엔비디아 호실적과 반도체 섹터 유입 기대감으로 상승 모멘텀이 있으나, ASML의 중국 매출 감소 우려 등 거시 리스크가 공존해 방향성은 혼조세입니다. 기본적 분석 관점에서 현재 가격은 저평가 구간은 아니나 과열 단계도 아닌 것으로 판단되며, 초기 진입 시점인 만큼 현금 5천만 원 (최대 투자 가능액의 절반) 을 사용하여 분산 투자를 원칙에 따라 시작합니다.",1,llm_first_response,not_one_share
RN_COMM_ON_20260917_v2,2026-02-27,1,am,A054,ltb_A054_t000,stb_A054_t001,analysis_A054_t001,decision_A054_t001,,,2026-02-27,2026-02-26,2026-02-26,15:30,2026-02-27,08:59,2026-02-27,pre_close_cutoff,005930,buy,238,"기술적 분석에 따라 현재가 (210,000 원) 가 MA5 및 MA20 상위에 위치하며 시가 기준 상승세 (+7.1%) 를 보이고 있어 단기 상승 추세가 확인됨. 엔비디아 호실적과 AI 섹터 유입 기대감 등 시장 모멘텀이 강하므로 신규 매수 기회를 포착함. 초기 현금 1억 원을 보유하고 있어 최대 매수 가능 수량인 238 주를 전량 매수하여 포지션을 형성함.",1,llm_first_response,not_one_share
RN_COMM_ON_20260917_v2,2026-02-27,1,am,A056,ltb_A056_t000,stb_A056_t001,analysis_A056_t001,decision_A056_t001,,,2026-02-27,2026-02-26,2026-02-26,15:30,2026-02-27,08:59,2026-02-27,pre_close_cutoff,005930,buy,100,"엔비디아 호실적과 AI 섹터 강세로 인한 긍정적 시장 심리 (Short-Term Belief dim_1, dim_4) 가 존재하나, 전일 대비 주가가 하락하여 단기 조정 국면 (Market View: 혼조, Technical View: 상승 추세 내 단기 조정) 에 진입했습니다. 페르소나의 원칙인 '하락 시 매수'와 '저평가 매수 기회 포착'에 부합하며, 초기 현금 보유 상태이므로 분산 투자를 위해 최대 거래 한도 (5 천만 원) 의 절반 수준인 2,100 만 원 (100 주) 을 투입합니다.",1,llm_first_response,not_one_share
RN_COMM_ON_20260917_v2,2026-02-27,1,am,A053,ltb_A053_t000,stb_A053_t001,analysis_A053_t001,decision_A053_t001,,,2026-02-27,2026-02-26,2026-02-26,15:30,2026-02-27,08:59,2026-02-27,pre_close_cutoff,005930,buy,100,"엔비디아 호실적과 반도체 섹터 유입 기대감으로 상승 모멘텀이 존재하나, ASML 규제 우려 등 거시 리스크로 인해 혼조세를 보일 것으로 판단됩니다. 현재 주가는 전일 대비 약 3.7% 하락하여 기술적 조정 국면이며, 페르소나의 원칙인 '하락 시 매수' 전략에 부합하는 진입 타이밍으로 봅니다. 또한 보유 현금 1억 원 중 최대 5천만 원까지 매수 가능하므로, 초기 진입을 위해 제한적인 수량인 100주를 매수합니다.",1,llm_first_response,not_one_share
RN_COMM_ON_20260917_v2,2026-02-27,1,am,A055,ltb_A055_t000,stb_A055_t001,analysis_A055_t001,decision_A055_t001,,,2026-02-27,2026-02-26,2026-02-26,15:30,2026-02-27,08:59,2026-02-27,pre_close_cutoff,005930,buy,2380,"초기 포트폴리오가 완전 현금 상태이므로 신규 진입이 필요하며, 페르소나의 원칙인 '가격 하락 시 매수'에 따라 전일 대비 -3.67% 조정된 국면을 기회로 판단했습니다. 엔비디아 호실적과 AI 수요 확대 등 업황 회복 기대감이 있으나, 규제 리스크와 정보 부족으로 인해 절대적 저평가 여부는 불확실하나, 중기 상승 흐름 유지 (5 일/20 일 이동평균선 상회) 와 함께 분산 투자 원칙 하에서 최대 한도까지 매수하여 포지션을 확보합니다.",1,llm_first_response,not_one_share
RN_COMM_ON_20260917_v2,2026-02-27,1,am,A057,ltb_A057_t000,stb_A057_t001,analysis_A057_t001,decision_A057_t001,,,2026-02-27,2026-02-26,2026-02-26,15:30,2026-02-27,08:59,2026-02-27,pre_close_cutoff,005930,buy,10,"전일 대비 -3.67% 하락 개장으로 MA5(200,920원) 부근에서 일시적 조정 국면이나, 중기 이동평균선(MA20) 상회로 중기 추세는 유효함. ASML 규제 등 외부 변수와 미·중 갈등으로 방향성이 불확실하나, 기술적 분석 관점에서 저가 매수 기회로 판단하여 초기 진입을 시도함. '삼전닉스' 등 시장 관심도는 높으나 구체적인 밸류에이션 근거 부족으로 과도한 추격 매수는 피하고 소량으로 시작함.",1,llm_first_response,not_one_share
RN_COMM_ON_20260917_v2,2026-02-27,1,am,A061,ltb_A061_t000,stb_A061_t001,analysis_A061_t001,decision_A061_t001,,,2026-02-27,2026-02-26,2026-02-26,15:30,2026-02-27,08:59,2026-02-27,pre_close_cutoff,005930,buy,100,"엔비디아 호실적과 영국 산업 AI 협력 등 긍정적 모멘텀이 존재하나, ASML 규제 우려와 실적 격차로 인해 방향성이 불확실합니다. 기술적 지표상 MA5(200,920원) 지지선 근처에서 조정받았으나, 단순 가격 추격 매수는 피하고 기업 가치와 정보에 기반한 진입을 위해 소량으로 제한적으로 매수합니다.",1,llm_first_response,not_one_share
RN_COMM_ON_20260917_v2,2026-02-27,1,am,A060,ltb_A060_t000,stb_A060_t001,analysis_A060_t001,decision_A060_t001,,,2026-02-27,2026-02-26,2026-02-26,15:30,2026-02-27,08:59,2026-02-27,pre_close_cutoff,005930,buy,100,"전일 대비 약 3.7% 하락한 저점 매수 기회로 판단하며, 반도체 섹터의 자금 유입 기대감과 ETF 편입 심리가 하방을 지지할 것으로 보임. 페르소나의 '떨어질수록 더 사들인다'는 전략과 기술적 분석에 따른 반등 모멘텀을 노려 신규 진입함.",1,llm_first_response,not_one_share
RN_COMM_ON_20260917_v2,2026-02-27,1,am,A062,ltb_A062_t000,stb_A062_t001,analysis_A062_t001,decision_A062_t001,,,2026-02-27,2026-02-26,2026-02-26,15:30,2026-02-27,08:59,2026-02-27,pre_close_cutoff,005930,buy,238,"전일 대비 -3.67% 하락하여 페르소나의 '하락 시 매수' 원칙과 '복권형' 자산 선호 성향에 부합하는 진입 구간으로 판단됨. 반도체 섹터의 자금 유입 기대감 (dim_1, dim_4) 과 AI 수요 호조라는 모멘텀이 존재하며, 기술적 지표상 MA5와 MA20 사이에서 지지력을 테스트하는 중이라 단기 반등 가능성이 높음. 초기 현금 1억 원 전액을 활용해 최대 수량인 238 주를 매수함으로써 하락장에서의 포지션 확보 및 향후 급등 시 수익 실현 기회를 선점함.",1,llm_first_response,not_one_share
RN_COMM_ON_20260917_v2,2026-02-27,1,am,A065,ltb_A065_t000,stb_A065_t001,analysis_A065_t001,decision_A065_t001,,,2026-02-27,2026-02-26,2026-02-26,15:30,2026-02-27,08:59,2026-02-27,pre_close_cutoff,005930,buy,10,"엔비디아 호실적 등 반도체 섹터의 긍정적 모멘텀과 전일 대비 가격 하락(210,000원)을 저평가 매수 기회로 판단하여 원칙에 따라 진입합니다. 다만, ASML 규제 리스크와 개별 실적 불확실성으로 인해 초기 진입은 소량으로 제한합니다.",1,llm_first_response,not_one_share
RN_COMM_ON_20260917_v2,2026-02-27,1,am,A058,ltb_A058_t000,stb_A058_t001,analysis_A058_t001,decision_A058_t001,,,2026-02-27,2026-02-26,2026-02-26,15:30,2026-02-27,08:59,2026-02-27,pre_close_cutoff,005930,buy,100,"엔비디아 호실적과 AI 반도체 수요 확대 등 내재가치 상승 요인이 존재하나, ASML의 중국 매출 감소 우려와 미·중 규제 리스크로 인해 현재 주가는 적정 수준 이상으로 형성되어 있어 급등한 '복권형' 자산에 대한 추격 매수는 피해야 합니다. 따라서 초기 진입 시 분산 투자 원칙에 따라 현금의 5% 수준인 제한적인 물량 (100주) 으로만 신규 매수하여 포트폴리오를 구성하고, 추가 정보 확인을 위해 관망하며 향후 저평가 구간이 오면 대응합니다.",1,llm_first_response,not_one_share
RN_COMM_ON_20260917_v2,2026-02-27,1,am,A063,ltb_A063_t000,stb_A063_t001,analysis_A063_t001,decision_A063_t001,,,2026-02-27,2026-02-26,2026-02-26,15:30,2026-02-27,08:59,2026-02-27,pre_close_cutoff,005930,buy,1000,"초기 진입 단계로 현금 비중이 높으며, 엔비디아 호재와 AI 반도체 섹터의 성장성은 장기적 관점에서 긍정적이지만, ASML 규제 우려 등 거시 리스크로 인해 단기 방향성이 불확실하다. 기본적 분석에 따라 기업의 내재가치를 중시하며, 현재 시가 (210,000원) 가 MA5 상단에 위치해 저평가 구간이라 단정하기는 어렵지만, 분산 투자 원칙과 초기 포트폴리오 구성을 위해 제한적인 규모로 신규 매수한다.",1,llm_first_response,not_one_share
RN_COMM_ON_20260917_v2,2026-02-27,1,am,A064,ltb_A064_t000,stb_A064_t001,analysis_A064_t001,decision_A064_t001,,,2026-02-27,2026-02-26,2026-02-26,15:30,2026-02-27,08:59,2026-02-27,pre_close_cutoff,005930,buy,1500,"엔비디아 호실적에 따른 반도체 섹터의 성장 모멘텀은 유지되나, ASML 의 중국 매출 감소 우려 등 규제 리스크로 인해 주가가 전일 대비 약 3.7% 하락하는 조정 국면에 진입했습니다. 이는 페르소나의 '가격 하락 시 신규 매수 선호' 원칙과 일치하며, 기술적 지표 (MA5 하회) 보다는 기본적 가치와 내재가치 관점에서 저평가 매수 기회로 판단됩니다. 초기 현금 비중이 높으므로 분산 투자 원칙에 따라 제한적으로 진입합니다.",1,llm_first_response,not_one_share
RN_COMM_ON_20260917_v2,2026-02-27,1,am,A066,ltb_A066_t000,stb_A066_t001,analysis_A066_t001,decision_A066_t001,,,2026-02-27,2026-02-26,2026-02-26,15:30,2026-02-27,08:59,2026-02-27,pre_close_cutoff,005930,buy,100,"엔비디아 호실적과 AI 수요 확대 등 섹터 모멘텀은 긍정적이지만, ASML의 중국 매출 감소 우려와 거시 리스크로 인해 단기 방향성은 혼조세를 보일 것으로 판단됩니다. 현재 시가 210,000원은 전일 대비 -3.67% 하락하여 조정 국면에 있으나, MA5 및 MA20 위에 위치해 중기 상승 추세는 유지되고 있습니다. 기술적 지표상 지지선이 유효하게 작용하고 있으며, 기업 가치와 이용 가능한 정보를 바탕으로 한 장기적 성장 동력이 확인되므로, 초기 진입 단계에서 분산 투자 원칙에 따라 제한적으로 신규 매수합니다.",1,llm_first_response,not_one_share
RN_COMM_ON_20260917_v2,2026-02-27,1,am,A059,ltb_A059_t000,stb_A059_t001,analysis_A059_t001,decision_A059_t001,,,2026-02-27,2026-02-26,2026-02-26,15:30,2026-02-27,08:59,2026-02-27,pre_close_cutoff,005930,buy,238,엔비디아 호실적과 AI 수요 확대 등 섹터 모멘텀이 강하게 작용하여 상승 추세가 지속될 것으로 판단됩니다. 페르소나의 '상승 국면 선호' 및 '추세 추종' 전략에 따라 기술적 지표 (MA5 상회) 가 지지하는 현재 가격대에서 전량 매수하여 포지션을 확보합니다.,1,llm_first_response,not_one_share
RN_COMM_ON_20260917_v2,2026-02-27,1,am,A067,ltb_A067_t000,stb_A067_t001,analysis_A067_t001,decision_A067_t001,,,2026-02-27,2026-02-26,2026-02-26,15:30,2026-02-27,08:59,2026-02-27,pre_close_cutoff,005930,buy,100,"전일 급등 후 당일 -3.67% 조정으로 기술적 지지대 (MA20) 부근에서 저가 매수 기회로 판단되나, ASML 규제 등 외부 변수와 정보 부족으로 인해 초기 진입은 제한적으로 진행합니다. '복권형' 자산 선호 성향과 달리 기업 가치와 섹터 흐름을 우선 고려하여 분산 매수를 실행합니다.",1,llm_first_response,not_one_share
RN_COMM_ON_20260917_v2,2026-02-27,1,am,A068,ltb_A068_t000,stb_A068_t001,analysis_A068_t001,decision_A068_t001,,,2026-02-27,2026-02-26,2026-02-26,15:30,2026-02-27,08:59,2026-02-27,pre_close_cutoff,005930,buy,1000,"전일 대비 7.1% 급등 후 3.7% 조정된 국면으로, 단기 과열 우려가 일부 해소되었으나 ASML 규제 등 외부 변수로 인해 방향성은 불확실함. 내재가치 중심 투자 원칙에 따라 구체적인 저평가 근거는 부족하나, 반도체 섹터의 회복 기대감과 자금 유입 흐름을 고려해 초기 진입을 위해 제한적으로 매수한다.",1,llm_first_response,not_one_share
RN_COMM_ON_20260917_v2,2026-02-27,1,am,A069,ltb_A069_t000,stb_A069_t001,analysis_A069_t001,decision_A069_t001,,,2026-02-27,2026-02-26,2026-02-26,15:30,2026-02-27,08:59,2026-02-27,pre_close_cutoff,005930,buy,1500,"엔비디아 호실적과 AI 반도체 수요 확대 등 산업 전반의 긍정적 흐름이 유지되고 있으나, 오늘 시가가 전일 대비 약 3.7% 하락하여 단기 조정 국면에 진입했습니다. 기본적 분석 관점에서 가격 하락은 내재가치 회복을 위한 매수 기회로 판단되며, 초기 현금 보유 상태이므로 분산 투자 원칙에 따라 최대 매매 가능 금액 (5 억 원) 의 절반 수준인 3 억 1,500 만 원 (1,500 주) 을 투입합니다.",1,llm_first_response,not_one_share
RN_COMM_ON_20260917_v2,2026-02-27,1,am,A072,ltb_A072_t000,stb_A072_t001,analysis_A072_t001,decision_A072_t001,,,2026-02-27,2026-02-26,2026-02-26,15:30,2026-02-27,08:59,2026-02-27,pre_close_cutoff,005930,buy,2380,"전일 대비 하락한 시가 (210,000원) 에서 진입하여 저평가 구간을 노리는 기본적 분석 원칙에 부합하며, 반도체 TOP10 자금 유입과 한·영 협력 확대 등 구조적 호재로 내재가치 재평가 모멘텀이 확인되었습니다. 보유 현금의 최대 50% 범위 내에서 집중 투자 원칙을 적용합니다.",1,llm_first_response,not_one_share
RN_COMM_ON_20260917_v2,2026-02-27,1,am,A070,ltb_A070_t000,stb_A070_t001,analysis_A070_t001,decision_A070_t001,,,2026-02-27,2026-02-26,2026-02-26,15:30,2026-02-27,08:59,2026-02-27,pre_close_cutoff,005930,buy,10,"엔비디아 호재로 인한 섹터 과열 우려와 기술적 지표상 명확한 반등 신호 부재로 인해 추격 매수를 피했으나, allowed_actions가 'buy'로 제한되어 있어 최소 단위인 10주를 매수합니다. 이는 페르소나의 성향인 '떨어질수록 사들인다'는 원칙을 반영하여, 현재 가격 (210,000원) 이 과도하게 하락하지는 않았으나 향후 조정 시 추가 매수 여력을 확보하기 위한 초기 진입입니다.",1,llm_first_response,not_one_share
RN_COMM_ON_20260917_v2,2026-02-27,1,am,A074,ltb_A074_t000,stb_A074_t001,analysis_A074_t001,decision_A074_t001,,,2026-02-27,2026-02-26,2026-02-26,15:30,2026-02-27,08:59,2026-02-27,pre_close_cutoff,005930,buy,100,"반도체 업황 회복과 AI 수요 확대 등 내재가치 상승 요인이 있으나, ASML 규제 리스크 등 불확실성도 존재하여 초기 진입 시 과도한 집중을 피하기 위해 최대 매수 가능 금액 (5천만 원) 의 절반 수준인 약 2,100 만 원 (100 주) 을 분산 매수합니다. 현재 주가는 저평가 구간은 아니나 적정 수준으로 판단되어 장기적 관점에서 접근합니다.",1,llm_first_response,not_one_share
RN_COMM_ON_20260917_v2,2026-02-27,1,am,A075,ltb_A075_t000,stb_A075_t001,analysis_A075_t001,decision_A075_t001,,,2026-02-27,2026-02-26,2026-02-26,15:30,2026-02-27,08:59,2026-02-27,pre_close_cutoff,005930,buy,166,"기술적 분석 관점에서 전일 대비 -3.67% 하락하며 조정 국면에 진입했고, MA5(200,920원) 상단에서 지지력을 보이고 있어 '하락 시 매수' 성향과 일치하는 기회로 판단됨. 엔비디아 호실적 등 AI 반도체 섹터의 상승 모멘텀은 있으나, 최근 급등한 종목을 피하기 위해 과열 구간인 추격 매수는 배제하고 현재 가격에서 진입함.",1,llm_first_response,not_one_share
RN_COMM_ON_20260917_v2,2026-02-27,1,am,A071,ltb_A071_t000,stb_A071_t001,analysis_A071_t001,decision_A071_t001,,,2026-02-27,2026-02-26,2026-02-26,15:30,2026-02-27,08:59,2026-02-27,pre_close_cutoff,005930,buy,238,"공시가 (210,000원) 가 전일 종가 대비 약 3.7% 하락하여 단기 조정 국면에 진입했으므로, 기술적 분석에 기반한 저가 매수 원칙을 적용합니다. 엔비디아 호실적과 AI 수요 확대 등 우상향 모멘텀이 존재하나, ASML 규제 리스크로 인한 혼조세 속에서 과도한 추격 매수를 피하기 위해 현재 가격에서 전량 매수하여 포지션을 확보합니다.",1,llm_first_response,not_one_share
RN_COMM_ON_20260917_v2,2026-02-27,1,am,A073,ltb_A073_t000,stb_A073_t001,analysis_A073_t001,decision_A073_t001,,,2026-02-27,2026-02-26,2026-02-26,15:30,2026-02-27,08:59,2026-02-27,pre_close_cutoff,005930,buy,238,"엔비디아 호실적과 AI 협력 기대감으로 인한 반도체 섹터의 상승 모멘텀이 강하며, 기술적 지표상 MA20 지지선이 확인되어 단기 상승 추세가 지속될 가능성이 높다고 판단합니다. 투자 원칙에 따라 상승 국면에서 신규 매수를 선호하므로, 보유 현금 전액 범위 내에서 최대 비중인 5천만 원 (238 주) 을 집중 매수하여 수익 기회를 포착합니다.",1,llm_first_response,not_one_share
RN_COMM_ON_20260917_v2,2026-02-27,1,am,A077,ltb_A077_t000,stb_A077_t001,analysis_A077_t001,decision_A077_t001,,,2026-02-27,2026-02-26,2026-02-26,15:30,2026-02-27,08:59,2026-02-27,pre_close_cutoff,005930,buy,100,"엔비디아 호실적과 AI 수요 확대라는 긍정적 기업 가치 요인이 존재하나, ASML 관련 악재로 인한 거시 리스크와 시장 심리의 양극화로 인해 단기 방향성은 불확실합니다. 전일 대비 하락한 시가 (210,000원) 는 기술적 분석 관점에서 MA5 지지력을 확인하며 진입할 수 있는 기회로 판단됩니다. 초기 현금 1억 원을 보유하고 있어 분산 투자 원칙에 따라 총 자산의 약 50% 수준인 5천만 원 범위 내에서 제한적으로 매수하여 포지션을 확보합니다.",1,llm_first_response,not_one_share
RN_COMM_ON_20260917_v2,2026-02-27,1,am,A076,ltb_A076_t000,stb_A076_t001,analysis_A076_t001,decision_A076_t001,,,2026-02-27,2026-02-26,2026-02-26,15:30,2026-02-27,08:59,2026-02-27,pre_close_cutoff,005930,buy,1000,"엔비디아 호실적과 AI 수요 확대 등 근본적인 성장 동력은 유지되나, ASML 규제 리스크 등으로 인해 전일 대비 3.7% 하락한 조정 국면에 진입했습니다. 이는 페르소나의 '가격 하락 시 신규 매수 선호' 전략과 부합하며, 내재가치 관점에서 저평가 매수 기회로 판단됩니다. 따라서 초기 현금의 일부를 투입하여 포지션을 확보합니다.",1,llm_first_response,not_one_share
RN_COMM_ON_20260917_v2,2026-02-27,1,am,A078,ltb_A078_t000,stb_A078_t001,analysis_A078_t001,decision_A078_t001,,,2026-02-27,2026-02-26,2026-02-26,15:30,2026-02-27,08:59,2026-02-27,pre_close_cutoff,005930,buy,100,"전일 대비 약 3.7% 하락하여 단기 조정 국면에 진입했으나, 페르소나의 원칙인 '가격 하락 시 저평가 기회 탐색'에 따라 신규 매수 진입을 결정합니다. 다만, ASML 규제 리스크와 정보 부족으로 인한 불확실성 (dim_2, dim_3) 이 존재하므로, 초기 진입은 소량으로 제한하여 추격 매수를 피하고 추가 하락 시 대응 여력을 확보합니다.",1,llm_first_response,not_one_share
RN_COMM_ON_20260917_v2,2026-02-27,1,am,A079,ltb_A079_t000,stb_A079_t001,analysis_A079_t001,decision_A079_t001,,,2026-02-27,2026-02-26,2026-02-26,15:30,2026-02-27,08:59,2026-02-27,pre_close_cutoff,005930,buy,10,"현재 현금 1 억 원으로 보유 종목이 없어 진입이 필수적이며, 엔비디아 호실적과 AI 수요 확대 등 섹터 모멘텀이 강해 장기적으로 상승 추세가 유지될 것으로 판단됩니다. 페르소나의 원칙인 '하락 국면 매수 금지'를 고려할 때 전일 대비 3.7% 하락은 단기 조정으로 보이나, MA20 지지선 상회 및 기술적 흐름이 우세하여 초기 포지션 확보를 위해 소량 매수합니다.",1,llm_first_response,not_one_share
RN_COMM_ON_20260917_v2,2026-02-27,1,am,A080,ltb_A080_t000,stb_A080_t001,analysis_A080_t001,decision_A080_t001,,,2026-02-27,2026-02-26,2026-02-26,15:30,2026-02-27,08:59,2026-02-27,pre_close_cutoff,005930,buy,100,"엔비디아 호실적과 AI 반도체 섹터의 강세, 영국과의 산업 AI 협력 등 기업 가치와 성장 동력을 뒷받침하는 긍정적 요인이 존재합니다. 전일 대비 하락으로 시작하여 기술적 흐름이 명확히 확인되기 전까지 중립적으로 접근하되, 유망한 자산에 대해 포지션 위험을 감수하고 집중 투자 전략을 적용하기 위해 초기 매수를 단행합니다.",1,llm_first_response,not_one_share
RN_COMM_ON_20260917_v2,2026-02-27,1,am,A081,ltb_A081_t000,stb_A081_t001,analysis_A081_t001,decision_A081_t001,,,2026-02-27,2026-02-26,2026-02-26,15:30,2026-02-27,08:59,2026-02-27,pre_close_cutoff,005930,buy,1500,"전일 대비 -3.67% 급락으로 단기 과열 조정 국면에 진입했으나, 반도체 섹터 자금 유입과 한·영 협력 등 '복권형' 매수 신호가 강하게 작용함. 기술적 지표상 5일/20일 이동평균선 위에 위치해 반등 모멘텀이 유지되고 있으며, 하락 국면에서의 신규 매수 원칙에 따라 전량 매수보다는 분산 원칙을 적용한 제한적 진입을 결정함.",1,llm_first_response,not_one_share
RN_COMM_ON_20260917_v2,2026-02-27,1,am,A082,ltb_A082_t000,stb_A082_t001,analysis_A082_t001,decision_A082_t001,,,2026-02-27,2026-02-26,2026-02-26,15:30,2026-02-27,08:59,2026-02-27,pre_close_cutoff,005930,buy,142,"초기 진입 단계로 현금 비중 100%이며, allowed_actions가 buy로 제한되어 매수가 필수적입니다. 기술적 분석 관점에서 MA5(200,920원) 상회 및 거래량 증가로 단기 반등 모멘텀이 관찰되나, ASML 규제 리스크와 밸류에이션 불확실성으로 인해 전체 현금의 절반인 5천만 원 (약 142 주) 만을 집중 투자하여 포지션을 형성합니다.",1,llm_first_response,not_one_share
RN_COMM_ON_20260917_v2,2026-02-27,1,am,A084,ltb_A084_t000,stb_A084_t001,analysis_A084_t001,decision_A084_t001,,,2026-02-27,2026-02-26,2026-02-26,15:30,2026-02-27,08:59,2026-02-27,pre_close_cutoff,005930,buy,238,"기술적 분석 결과 전일 대비 약 3.7% 하락하여 MA5 하회 등 단기 조정 국면에 진입했으나, 엔비디아 호실적과 AI 수요 확대로 인한 상승 모멘텀이 여전히 유효하다고 판단됨. 페르소나의 '하락 국면 선호' 성향에 따라 과도한 조정이 발생한 현재 시점이 향후 반등을 노린 신규 매수 기회로 보이며, 초기 현금 1 억 원으로 최대 한도인 5 천만 원 (238 주) 을 집중 투자하여 두둑한 수익을 확보하고자 함.",1,llm_first_response,not_one_share
RN_COMM_ON_20260917_v2,2026-02-27,1,am,A086,ltb_A086_t000,stb_A086_t001,analysis_A086_t001,decision_A086_t001,,,2026-02-27,2026-02-26,2026-02-26,15:30,2026-02-27,08:59,2026-02-27,pre_close_cutoff,005930,buy,238,"엔비디아 호실적과 반도체 섹터 모멘텀 (current_stb dim_1) 으로 인해 장기적인 상승 기대감이 형성되었으나, 당일 시가는 전일 대비 약 3.67% 하락하여 페르소나의 투자 철학인 '가격 하락이 과도해 반등할 가능성이 있는 국면'에 정확히 부합합니다. 기술적 지표상 MA5와 MA20 위에 위치하며 변동성이 낮아 완만한 조정으로 해석되므로, 현재 공시가에서 전량 매수하여 단기간의 급등 가능성을 노립니다.",1,llm_first_response,not_one_share
RN_COMM_ON_20260917_v2,2026-02-27,1,am,A087,ltb_A087_t000,stb_A087_t001,analysis_A087_t001,decision_A087_t001,,,2026-02-27,2026-02-26,2026-02-26,15:30,2026-02-27,08:59,2026-02-27,pre_close_cutoff,005930,buy,100,"초기 현금 보유 상태이므로 신규 진입이 필수적임. 엔비디아 호실적과 AI 반도체 섹터의 상승 모멘텀은 '복권형' 투자 성향에 부합하나, ASML 리스크와 기술적 과열 우려로 인해 전량 매수는 자제함. 현재 공시가 (210,000원) 가 전일 종가 대비 하락하여 단기 조정 국면으로 판단되므로, 반등 가능성을 노린 제한적인 물량 (약 50% 비중) 으로 진입하여 추격 매수 리스크를 분산하고 향후 변동성 대응 여력을 확보함.",1,llm_first_response,not_one_share
RN_COMM_ON_20260917_v2,2026-02-27,1,am,A085,ltb_A085_t000,stb_A085_t001,analysis_A085_t001,decision_A085_t001,,,2026-02-27,2026-02-26,2026-02-26,15:30,2026-02-27,08:59,2026-02-27,pre_close_cutoff,005930,buy,238,"초기 현금 1억 원으로 단일 종목에 집중 투자하는 원칙에 따라 매수합니다. 전일 대비 -3.67% 하락하여 단기 조정 국면에 진입했고, 20 일 이동평균선 (175,120 원) 보다 높은 210,000 원은 내재가치 기반의 매수 기회로 판단됩니다. 엔비디아 호실적과 영국 AI 협력 등 긍정적 모멘텀이 있으나 거시 리스크도 존재하므로, 현재 가격에서 저평가 구간을 노리고 전량 매수하여 수익 확정 목표 (20%) 를 향해 접근합니다.",1,llm_first_response,not_one_share
RN_COMM_ON_20260917_v2,2026-02-27,1,am,A083,ltb_A083_t000,stb_A083_t001,analysis_A083_t001,decision_A083_t001,,,2026-02-27,2026-02-26,2026-02-26,15:30,2026-02-27,08:59,2026-02-27,pre_close_cutoff,005930,buy,10,"초기 진입 시점이며 전일 대비 약 3.7% 하락한 조정 국면이 형성되어 기본적 분석 관점에서 저평가 매수 기회를 탐색합니다. 엔비디아 호재와 AI 수요 확대 등 장기 성장성은 유지되나, 현재 가격이 20일 이동평균선 대비 20% 이상 프리미엄을 형성하여 과열 구간으로 판단되므로, 원칙에 따라 소량 (최대 투자 한도의 5% 수준) 으로만 제한적으로 진입하여 추격 매수를 피하고 추가 조정 가능성을 염두에 둡니다.",1,llm_first_response,not_one_share
RN_COMM_ON_20260917_v2,2026-02-27,1,am,A088,ltb_A088_t000,stb_A088_t001,analysis_A088_t001,decision_A088_t001,,,2026-02-27,2026-02-26,2026-02-26,15:30,2026-02-27,08:59,2026-02-27,pre_close_cutoff,005930,buy,100,"전일 +7.12% 상승으로 기술적 우상향 추세가 확인되었고, 반도체 섹터의 자금 유입 호재가 있으나 당일 시가 -3.67% 하락으로 단기 조정 가능성이 있어, 초기 진입 시 과도한 집중을 피하기 위해 최대 매수 가능 수량(238주)의 약 42% 수준인 100주를 매수합니다.",1,llm_first_response,not_one_share
RN_COMM_ON_20260917_v2,2026-02-27,1,am,A090,ltb_A090_t000,stb_A090_t001,analysis_A090_t001,decision_A090_t001,,,2026-02-27,2026-02-26,2026-02-26,15:30,2026-02-27,08:59,2026-02-27,pre_close_cutoff,005930,buy,100,"엔비디아 호실적과 AI 수요 확대라는 구조적 성장성은 내재가치를 지지하나, ASML의 중국 매출 감소 우려 등 거시 리스크로 인해 시장 방향성이 혼조세입니다. 현재 가격은 기술적으로 주요 이동평균선을 상회하고 있으나 단기 조정 신호가 있어, 초기 진입 단계에서 가치 판단을 위해 제한적인 분산 매수를 실행합니다.",1,llm_first_response,not_one_share
RN_COMM_ON_20260917_v2,2026-02-27,1,am,A089,ltb_A089_t000,stb_A089_t001,analysis_A089_t001,decision_A089_t001,,,2026-02-27,2026-02-26,2026-02-26,15:30,2026-02-27,08:59,2026-02-27,pre_close_cutoff,005930,buy,1500,"엔비디아 호실적과 AI 수요 확대에 따른 섹터 밸류에이션 재평가 흐름이 지속되고 있으며, 기술적으로 MA5와 MA20 위에 위치해 중기 우상향 추세가 유지되고 있습니다. 다만 당일 시가 기준 전일 대비 약 3.7% 하락하며 단기 조정 신호가 감지되었고, ASML 관련 규제 리스크 등 불확실성이 존재하므로, 페르소나의 원칙인 '기업 가치 우선'과 '분산 투자'에 따라 초기 진입 단계에서 총 투자 한도 (5 억 원) 의 약 63% 수준인 31 억 5 천만 원 (1,500 주) 을 매수하여 포트폴리오를 시작합니다.",1,llm_first_response,not_one_share
RN_COMM_ON_20260917_v2,2026-02-27,1,am,A093,ltb_A093_t000,stb_A093_t001,analysis_A093_t001,decision_A093_t001,,,2026-02-27,2026-02-26,2026-02-26,15:30,2026-02-27,08:59,2026-02-27,pre_close_cutoff,005930,buy,1000,"엔비디아 호실적과 AI 수요 확대 등 섹터의 장기 성장 모멘텀은 유지되나, ASML 규제 리스크와 미·중 갈등으로 인한 단기 조정 (전일 대비 약 3.7% 하락) 이 발생하여 현재 가격 (210,000원) 이 내재가치 측면에서 저평가 구간 진입 가능성이 있다고 판단됨. 기본적 분석에 기반해 기업 가치와 성장성을 우선시하며, 복권형 자산의 급등 심리에 휩쓸리지 않고 분산 투자 원칙에 따라 초기 포지션을 구축함.",1,llm_first_response,not_one_share
RN_COMM_ON_20260917_v2,2026-02-27,1,am,A092,ltb_A092_t000,stb_A092_t001,analysis_A092_t001,decision_A092_t001,,,2026-02-27,2026-02-26,2026-02-26,15:30,2026-02-27,08:59,2026-02-27,pre_close_cutoff,005930,buy,100,"초기 진입 단계로 현금 1 억 원을 보유하고 있으며, 엔비디아 호실적과 반도체 섹터의 유입 기대감으로 단기 상승 모멘텀이 존재합니다. 다만, ASML 매출 감소 우려와 기술적 과열 가능성을 고려하여, 가치 기반 접근 원칙에 따라 전액 투입이 아닌 최대 매매 가능 금액 (5 천만 원) 의 절반 수준인 2 천만 원 (100 주) 을 분산 매수합니다.",1,llm_first_response,not_one_share
RN_COMM_ON_20260917_v2,2026-02-27,1,am,A095,ltb_A095_t000,stb_A095_t001,analysis_A095_t001,decision_A095_t001,,,2026-02-27,2026-02-26,2026-02-26,15:30,2026-02-27,08:59,2026-02-27,pre_close_cutoff,005930,buy,238,"엔비디아 호실적과 AI 섹터 강세로 상승 모멘텀이 존재하며, 시가가 5 일/20 일 이동평균선을 상회하는 기술적 지지력을 보이고 있어 신규 진입 타이밍으로 판단합니다. 초기 현금 1 억 원을 보유하고 있어 첫 포지션 구축에 적합하나, 규제 리스크와 변동성 가능성을 고려해 보유 가능한 최대 수량인 238 주를 매수하여 집중 투자 원칙을 따릅니다.",1,llm_first_response,not_one_share
RN_COMM_ON_20260917_v2,2026-02-27,1,am,A091,ltb_A091_t000,stb_A091_t001,analysis_A091_t001,decision_A091_t001,,,2026-02-27,2026-02-26,2026-02-26,15:30,2026-02-27,08:59,2026-02-27,pre_close_cutoff,005930,buy,1428,"엔비디아 호실적과 반도체 섹터의 낙관적 심리 (Short-Term Belief dim_1, dim_4) 로 상승 모멘텀이 존재하나, 당일 시가 하락 (-3.7%) 과 개별 실적 부재 (dim_2, dim_6) 로 인해 추격 매수 원칙에 따라 전량 투입은 자제합니다. '복권형' 자산 선호 성향과 기술적 지표 (MA5/MA20 상향 돌파) 를 고려하여, 현금의 절반인 약 5억 원 범위 내에서 제한적으로 진입합니다.",1,llm_first_response,not_one_share
RN_COMM_ON_20260917_v2,2026-02-27,1,am,A097,ltb_A097_t000,stb_A097_t001,analysis_A097_t001,decision_A097_t001,,,2026-02-27,2026-02-26,2026-02-26,15:30,2026-02-27,08:59,2026-02-27,pre_close_cutoff,005930,buy,1000,"초기 현금 10 억 원을 보유하고 있어 매수 여력이 충분하며, 전일 대비 약 3.7% 하락한 조정 국면이므로 기본적 분석 관점에서 저점 매수 기회를 포착하려 합니다. 엔비디아 호실적 등 AI 섹터의 긍정적 모멘텀과 삼성전자의 내재가치 상승 기대를 고려하되, ASML 의 중국 매출 감소 우려 등 거시 리스크로 인해 과열된 추격 매수는 피하고 분산 투자 원칙에 따라 총 보유 가능 수량의 약 42% (약 5 억 원) 수준으로 제한적으로 진입합니다.",1,llm_first_response,not_one_share
RN_COMM_ON_20260917_v2,2026-02-27,1,am,A098,ltb_A098_t000,stb_A098_t001,analysis_A098_t001,decision_A098_t001,,,2026-02-27,2026-02-26,2026-02-26,15:30,2026-02-27,08:59,2026-02-27,pre_close_cutoff,005930,buy,238,"엔비디아 호실적과 반도체 섹터 모멘텀이 강해 단기 상승 추세가 확인되며, 페르소나의 원칙인 '최근 가격이 꾸준히 상승한 국면 (MA5 상회)'에 해당합니다. 초기 현금 1억 원으로 전량 매수하여 포트폴리오를 진입시키고, 내재가치 회복 가능성을 포착하기 위함입니다.",1,llm_first_response,not_one_share
RN_COMM_ON_20260917_v2,2026-02-27,1,am,A094,ltb_A094_t000,stb_A094_t001,analysis_A094_t001,decision_A094_t001,,,2026-02-27,2026-02-26,2026-02-26,15:30,2026-02-27,08:59,2026-02-27,pre_close_cutoff,005930,buy,238,"엔비디아 호실적과 반도체 업황 개선 기대감으로 인한 내재가치 재평가 모멘텀이 형성되었으나, 전일 대비 약 3.7% 하락한 현재 가격 (210,000원) 은 단기 조정 국면에서 저평가 매수 기회로 판단됩니다. 기본적 분석에 기반하여 기업의 성장 동력 (AI 수요 확대) 이 유효함을 확인했으므로, 보유 현금의 최대 한도인 5천만 원 범위 내에서 집중 투자 원칙을 적용해 전량 매수합니다.",1,llm_first_response,not_one_share
RN_COMM_ON_20260917_v2,2026-02-27,1,am,A099,ltb_A099_t000,stb_A099_t001,analysis_A099_t001,decision_A099_t001,,,2026-02-27,2026-02-26,2026-02-26,15:30,2026-02-27,08:59,2026-02-27,pre_close_cutoff,005930,buy,1000,"반도체 업황 회복 기대와 글로벌 협력 확대 등 내재가치 상승 모멘텀이 있으나, ASML 규제 리스크 등 불확실성도 존재합니다. 전일 대비 주가가 조정되어 저평가 진입 가능성이 열려 있으며, 기본적 분석에 기반해 성장 동력을 우선 평가하여 신규 매수합니다.",1,llm_first_response,not_one_share
RN_COMM_ON_20260917_v2,2026-02-27,1,am,A096,ltb_A096_t000,stb_A096_t001,analysis_A096_t001,decision_A096_t001,,,2026-02-27,2026-02-26,2026-02-26,15:30,2026-02-27,08:59,2026-02-27,pre_close_cutoff,005930,buy,238,"전일 종가 대비 -3.67% 하락한 공시가 (210,000원) 는 페르소나의 '하락 시 매수' 원칙에 부합하는 진입 기회로 판단됩니다. 엔비디아 호실적과 AI 수요 확대 등 섹터 모멘텀은 강하지만, ASML 규제 악재 등으로 인한 단기 조정 국면이므로 기술적 반등 기대감 하에 보유 현금의 최대 한도인 5천만 원 범위 내에서 전량 집중 매수합니다.",1,llm_first_response,not_one_share
RN_COMM_ON_20260917_v2,2026-02-27,1,am,A100,ltb_A100_t000,stb_A100_t001,analysis_A100_t001,decision_A100_t001,,,2026-02-27,2026-02-26,2026-02-26,15:30,2026-02-27,08:59,2026-02-27,pre_close_cutoff,005930,buy,238,"초기 현금 1 억 원으로 삼성전자 단일 종목에 집중 투자하기 위한 첫 진입입니다. 엔비디아 호실적과 AI 수요 확대 등 성장 모멘텀이 강하며, 전일 대비 -3.67% 하락은 기술적 지지선 (MA5) 을 이탈하지 않는 범위 내의 조정으로 판단되어 저평가 구간에서의 매수 기회를 포착합니다. 장기 가치 투자 관점에서 내재가치를 고려한 적정 진입 시점으로 보며, 목표 수익률 (10~20%) 달성을 위해 초기부터 전량 매수하여 포트폴리오를 구성합니다.",1,llm_first_response,not_one_share
RN_COMM_ON_20260917_v2,2026-02-27,2,pm,A008,ltb_A008_t001,stb_A008_t002,analysis_A008_t002,decision_A008_t002,,,2026-02-27,2026-02-27,2026-02-27,09:00,2026-02-27,15:29,2026-02-27,pre_close_cutoff,005930,sell,2380,"외국인 대규모 매도와 메모리칩 수요 둔화 우려로 인한 단기 하방 압력이 명확하며, 현재 가격 (216,500 원) 은 내재가치 상승 기대감으로 적정 수준이나 직접적인 저평가 근거가 부족합니다. 기본적 분석 관점에서 과열 구간은 피하고 조정 시 추가 매수를 고려해야 하지만, 현재는 불확실성이 높고 외국인 이탈이 지속될 경우 손절매 기준 (10% 하락) 을 넘을 위험이 있어 수익 확정보다는 리스크 회피를 우선시합니다.",1,llm_first_response,not_one_share
RN_COMM_ON_20260917_v2,2026-02-27,2,pm,A002,ltb_A002_t001,stb_A002_t002,analysis_A002_t002,decision_A002_t002,,,2026-02-27,2026-02-27,2026-02-27,09:00,2026-02-27,15:29,2026-02-27,pre_close_cutoff,005930,sell,100,"현재 보유 주식은 평균 단가 대비 약 3% 상승하여 이익 구간 진입했으나, 외국인 대규모 매도세와 엔비디아 급락 여파로 인한 단기 변동성 확대 우려가 큼. 기술적 지표상 고소공포증 발생 가능성과 혼조세 지속으로 추가 상승 모멘텀이 불확실하므로, 페르소나의 성향에 따라 수익의 일부 (50%) 를 확정하고 리스크를 줄이는 것이 타당함.",1,llm_first_response,not_one_share
RN_COMM_ON_20260917_v2,2026-02-27,2,pm,A001,ltb_A001_t001,stb_A001_t002,analysis_A001_t002,decision_A001_t002,,,2026-02-27,2026-02-27,2026-02-27,09:00,2026-02-27,15:29,2026-02-27,pre_close_cutoff,005930,buy,10,"PER 10 배 초반의 저평가 상태와 AI 수요 호조라는 기본적 가치에 기반하여 매수 기회를 노립니다. 다만, 외국인 대규모 매도세로 인한 단기 변동성 확대 우려가 있으므로, 페르소나의 분산 투자 원칙과 가격 하락 시 매수 선호 성향을 반영해 소량 (10 주) 으로 제한적으로 추가 매수합니다.",1,llm_first_response,not_one_share
RN_COMM_ON_20260917_v2,2026-02-27,2,pm,A005,ltb_A005_t001,stb_A005_t002,analysis_A005_t002,decision_A005_t002,,,2026-02-27,2026-02-27,2026-02-27,09:00,2026-02-27,15:29,2026-02-27,pre_close_cutoff,005930,buy,10,"외국인 매도와 엔비디아 급락 등 악재로 주가가 조정받으며 (전일 대비 -0.69%), 기술적 분석 원칙에 따라 '과도한 하락 시 반등 기회'를 노리는 저가 매수 전략을 실행합니다. 현재 보유 주식은 평균 단가보다 높지 않아 추가 매수로 평균 단가를 낮추고, 현금 비중이 높아진 포트폴리오의 위험 분산을 꾀합니다.",1,llm_first_response,not_one_share
RN_COMM_ON_20260917_v2,2026-02-27,2,pm,A003,ltb_A003_t001,stb_A003_t002,analysis_A003_t002,decision_A003_t002,,,2026-02-27,2026-02-27,2026-02-27,09:00,2026-02-27,15:29,2026-02-27,pre_close_cutoff,005930,buy,115,"엔비디아 급락과 외국인 매도세로 인한 단기 조정 국면이 형성되어 있어, 기술적 분석상 5일/20일 이동평균선 지지력이 확인된 현재 가격(216,500원)은 페르소나의 성향인 '하락 시 추가 매수' 전략에 부합하는 진입 기회입니다. 삼성전기 목표가 상향 및 이재용 회장 자산 증가 등 내부 호재와 메모리 칩 부족이라는 구조적 수요 호황이 장기적인 상승 모멘텀을 제공할 것으로 판단하여, 보유 현금의 최대 한도 범위 내에서 집중 매수합니다.",1,llm_first_response,not_one_share
RN_COMM_ON_20260917_v2,2026-02-27,2,pm,A006,ltb_A006_t001,stb_A006_t002,analysis_A006_t002,decision_A006_t002,,,2026-02-27,2026-02-27,2026-02-27,09:00,2026-02-27,15:29,2026-02-27,pre_close_cutoff,005930,buy,50,"엔비디아 급락과 외국인 매도세로 인한 단기 조정 국면 (216,500원) 이 '하락 시 매수' 전략에 부합하는 진입 기회로 판단됨. 기술적 지표상 5 일 이동평균선 상회 추세 유지 중이며, 현재가 대비 평균 매수 단가 (210,000 원) 가 낮아 안전마진 확보 가능. 집중 투자 원칙 하에 현금 여력의 일부 (약 1/4) 를 활용하여 포지션 확대.",1,llm_first_response,not_one_share
RN_COMM_ON_20260917_v2,2026-02-27,2,pm,A004,ltb_A004_t001,stb_A004_t002,analysis_A004_t002,decision_A004_t002,,,2026-02-27,2026-02-27,2026-02-27,09:00,2026-02-27,15:29,2026-02-27,pre_close_cutoff,005930,buy,50,"현재 주가 (216,500 원) 가 최근 하락 국면에 진입하여 페르소나의 '떨어질수록 더 사들인다'는 원칙에 부합하며, PER 10 배 초반의 저평가 구간과 기술적 지표 (MA5 상회) 를 근거로 단기 반등 기회를 포착합니다. 엔비디아 급락 등 외부 악재에도 불구하고 개인 투자자들의 매수 심리가 지지력을 형성하고 있어 추가 매수가 유효합니다.",1,llm_first_response,not_one_share
RN_COMM_ON_20260917_v2,2026-02-27,2,pm,A009,ltb_A009_t001,stb_A009_t002,analysis_A009_t002,decision_A009_t002,,,2026-02-27,2026-02-27,2026-02-27,09:00,2026-02-27,15:29,2026-02-27,pre_close_cutoff,005930,sell,100,"외국인의 대규모 매도세 (16 조 원) 와 엔비디아 급락 여파로 인한 글로벌 반도체 섹터 조정 국면이 지속되고 있으며, 당일 -0.69% 하락하며 상승 모멘텀이 약화되었습니다. 페르소나의 원칙인 '최근 가격이 하락하는 국면에서는 신규 매수를 피한다'는 점과 기술적 지표상 혼조세를 고려할 때, 단기 변동성 확대에 대비해 보유 물량의 일부를 매도하여 현금 비중을 확보하고 리스크를 줄이는 것이 타당합니다.",1,llm_first_response,not_one_share
RN_COMM_ON_20260917_v2,2026-02-27,2,pm,A010,ltb_A010_t001,stb_A010_t002,analysis_A010_t002,decision_A010_t002,,,2026-02-27,2026-02-27,2026-02-27,09:00,2026-02-27,15:29,2026-02-27,pre_close_cutoff,005930,buy,100,"엔비디아 급락과 외국인 매도세로 인한 단기 조정 국면 (216,500원) 이 기본적 분석 관점에서 저평가 매수 기회로 판단됨. 이재용 회장 관련 긍정적 신호와 AI 인프라 장기 성장 동력이 존재하며, 현재 보유 주식의 미실현손익이 0 원 수준이라 감정적 손절매 압박은 없음. 복권형 성향에 따라 하락 시점의 신규 매수를 선호함.",1,llm_first_response,not_one_share
RN_COMM_ON_20260917_v2,2026-02-27,2,pm,A011,ltb_A011_t001,stb_A011_t002,analysis_A011_t002,decision_A011_t002,,,2026-02-27,2026-02-27,2026-02-27,09:00,2026-02-27,15:29,2026-02-27,pre_close_cutoff,005930,buy,10,"외국인 대규모 매도와 엔비디아 급락 등 외부 악재로 시장이 하락 압력을 받고 있으나, 삼성전자는 직접적인 악재가 없어 상대적으로 방어적 흐름을 보이고 있음. 페르소나의 원칙인 '기술적 하락 구간 매수'에 따라 현재 가격 (216,500원) 이 과열 구간은 아니므로, 추가 조정 시 매수 기회를 노리기 위해 소량으로 신규 매수를 단행함.",1,llm_first_response,not_one_share
RN_COMM_ON_20260917_v2,2026-02-27,2,pm,A013,ltb_A013_t001,stb_A013_t002,analysis_A013_t002,decision_A013_t002,,,2026-02-27,2026-02-27,2026-02-27,09:00,2026-02-27,15:29,2026-02-27,pre_close_cutoff,005930,buy,100,"엔비디아 급락과 스마트폰 출하량 둔화 우려로 주가가 일시적 조정 (-0.69%) 을 겪고 있으나, AI 슈퍼사이클과 PER 10 배 초반의 저평가 구간이라는 장기적 호재가 존재합니다. '하락 시 매수' 원칙에 따라 현재 가격에서 추가 포지션을 확보하여 반등 시 수익을 확정하려는 전략입니다.",1,llm_first_response,not_one_share
RN_COMM_ON_20260917_v2,2026-02-27,2,pm,A007,ltb_A007_t001,stb_A007_t002,analysis_A007_t002,decision_A007_t002,,,2026-02-27,2026-02-27,2026-02-27,09:00,2026-02-27,15:29,2026-02-27,pre_close_cutoff,005930,buy,100,"엔비디아 급락과 외국인 매도세로 인한 단기 조정 국면 (공시가 216,500 원) 이 기술적 관점에서 매력적인 진입점으로 판단됨. PER 10 배 초반의 저평가 구간이며, 페르소나의 '하락 시 추가 매수' 원칙에 따라 변동성 확대 시점을 포지션 확장에 활용함. 보유 현금 7900 만 원 중 최대 거래 한도인 3950 만 원 범위 내에서 분산 투자 차원에서 100 주를 매수하여 평균 단가를 낮추고 포트폴리오 비중을 조절함.",1,llm_first_response,not_one_share
RN_COMM_ON_20260917_v2,2026-02-27,2,pm,A015,ltb_A015_t001,stb_A015_t002,analysis_A015_t002,decision_A015_t002,,,2026-02-27,2026-02-27,2026-02-27,09:00,2026-02-27,15:29,2026-02-27,pre_close_cutoff,005930,buy,100,"기술적 분석 관점에서 MA5(206,200 원) 부근에서 지지하며 조정 국면이므로 페르소나의 '하락 시 신규 매수' 원칙에 따라 진입합니다. 또한 보유 비중이 낮아 현금 7900 만 원을 활용해 분산 투자 및 물타기 전략을 수행하여 리스크를 관리하고 향후 반등 시 수익을 극대화하고자 합니다.",1,llm_first_response,not_one_share
RN_COMM_ON_20260917_v2,2026-02-27,2,pm,A012,ltb_A012_t001,stb_A012_t002,analysis_A012_t002,decision_A012_t002,,,2026-02-27,2026-02-27,2026-02-27,09:00,2026-02-27,15:29,2026-02-27,pre_close_cutoff,005930,buy,10,"엔비디아 급락과 외국인 매도세로 인한 단기 조정 국면에서, 저평가된 밸류에이션 (PER 10 배 초반) 과 개인 투자자 매수세가 하방을 지지하고 있어 '복권형' 수익을 노리기 위한 진입 기회로 판단합니다. 기술적 지표상 5 일 이동평균선 위에 위치하며, 상승 추세가 단기간 지속될 가능성을 포착하기 위해 제한적으로 추가 매수합니다.",1,llm_first_response,not_one_share
RN_COMM_ON_20260917_v2,2026-02-27,2,pm,A016,ltb_A016_t001,stb_A016_t002,analysis_A016_t002,decision_A016_t002,,,2026-02-27,2026-02-27,2026-02-27,09:00,2026-02-27,15:29,2026-02-27,pre_close_cutoff,005930,buy,100,"외국인 매도와 엔비디아 급락 등 외부 악재로 주가가 조정 국면에 진입했으나, 기술적 분석상 5일 이동평균선(206,200원) 위에 위치하여 하방 지지력이 확인되었습니다. 현재 보유 주식은 손익분기점 부근이며, 현금 비중이 높아 (95M 원) 하락분을 활용한 저가 매수 기회로 판단됩니다. 뉴스에서 언급된 메모리 칩 부족 우려와 관련주 호재는 장기적인 수요 회복 신호로 해석되어, 단기 변동성을 감안하되 분산 투자 원칙에 따라 제한적으로 추가 매수합니다.",1,llm_first_response,not_one_share
RN_COMM_ON_20260917_v2,2026-02-27,2,pm,A019,ltb_A019_t001,stb_A019_t002,analysis_A019_t002,decision_A019_t002,,,2026-02-27,2026-02-27,2026-02-27,09:00,2026-02-27,15:29,2026-02-27,pre_close_cutoff,005930,buy,10,"PER 10 배 초반의 저평가 구간과 메모리 반도체 업황 호전 기대감으로 내재가치 회복 가능성이 높다고 판단합니다. 다만, 외국인 매도세로 인한 단기 하락 국면이므로 페르소나의 원칙인 '최근 가격 상승 국면 선호'를 완전히 충족하지는 못하나, 장기적 밸류에이션 관점에서 분할 매수를 통해 평균 단가를 낮추고 포트폴리오 비중을 확대하는 것이 적절하다고 봅니다.",1,llm_first_response,not_one_share
RN_COMM_ON_20260917_v2,2026-02-27,2,pm,A014,ltb_A014_t001,stb_A014_t002,analysis_A014_t002,decision_A014_t002,,,2026-02-27,2026-02-27,2026-02-27,09:00,2026-02-27,15:29,2026-02-27,pre_close_cutoff,005930,buy,100,"현재 주가 (216,500 원) 가 PER 약 10 배 수준으로 역사적 평균 대비 저평가 구간이며, AI 슈퍼사이클과 메모리 반도체 수요 증가 등 내재가치 상승 모멘텀이 존재합니다. 보유 자산이 10% 이상 상승하지 않아 매도 원칙이 적용되지 않으며, 현금 잔액이 충분하여 가치 투자 원칙에 따라 집중 투자를 실행합니다.",1,llm_first_response,not_one_share
RN_COMM_ON_20260917_v2,2026-02-27,2,pm,A018,ltb_A018_t001,stb_A018_t002,analysis_A018_t002,decision_A018_t002,,,2026-02-27,2026-02-27,2026-02-27,09:00,2026-02-27,15:29,2026-02-27,pre_close_cutoff,005930,buy,100,"외국인 매도세와 메모리칩 수요 둔화 우려로 주가가 일시적으로 조정받았으나, AI 관련 성장 동력과 한·영 협력 호재 등 내재가치 상승 요인이 여전히 유효하다고 판단합니다. 현재 가격은 이동평균선 위에 있으나 외국인 이탈로 인해 밸류에이션 측면에서 저평가 구간으로 진입할 기회로 보이며, 보유 현금 (7900 만 원) 을 활용해 평균 매수 단가를 낮추기 위해 물타기 매수를 실행합니다.",1,llm_first_response,not_one_share
RN_COMM_ON_20260917_v2,2026-02-27,2,pm,A017,ltb_A017_t001,stb_A017_t002,analysis_A017_t002,decision_A017_t002,,,2026-02-27,2026-02-27,2026-02-27,09:00,2026-02-27,15:29,2026-02-27,pre_close_cutoff,005930,sell,10,"외국인 대량 매도와 엔비디아 급락 등 외부 악재로 단기 하락 압력이 강하며, 페르소나의 원칙인 '최근 가격 하락 국면에서는 신규 매수를 피한다'는 조건에 부합하여 추가 매수는 보류합니다. 현재 보유 주식은 평균 단가 대비 손익이 거의 없으나, 기술적 상승 추세가 불확실하고 변동성이 높으므로 이익 확정 (또는 손절) 을 위해 전량 매도하여 현금화하는 것이 리스크 관리상 적절하다고 판단됩니다.",1,llm_first_response,not_one_share
RN_COMM_ON_20260917_v2,2026-02-27,2,pm,A021,ltb_A021_t001,stb_A021_t002,analysis_A021_t002,decision_A021_t002,,,2026-02-27,2026-02-27,2026-02-27,09:00,2026-02-27,15:29,2026-02-27,pre_close_cutoff,005930,sell,238,"엔비디아 급락과 외국인 대규모 매도세로 인한 반도체 섹터 전반의 조정 압력이 강하며, 장중 +3.1% 상승 후 하락 마감한 기술적 패턴은 과열된 추격 매수 세력의 이탈을 시사합니다. 페르소나의 원칙에 따라 보유 자산이 10% 이상 하락할 경우 즉시 손절매를 고려해야 하지만, 현재 수익률은 낮아 손절매 임계치는 도달하지 않았습니다. 그러나 '복권형' 자산 선호 성향과 단기 변동성 확대 리스크, 그리고 뉴스 요약 부재로 인한 불확실성을 고려하여, 추가 하락 위험을 피하기 위해 전체 포지션을 청산하고 현금을 확보하는 것이 합리적입니다.",1,llm_first_response,not_one_share
RN_COMM_ON_20260917_v2,2026-02-27,2,pm,A020,ltb_A020_t001,stb_A020_t002,analysis_A020_t002,decision_A020_t002,,,2026-02-27,2026-02-27,2026-02-27,09:00,2026-02-27,15:29,2026-02-27,pre_close_cutoff,005930,sell,238,"현재 주가 (216,500 원) 가 평균 매수 단가 (210,000 원) 대비 약 3.1% 상승하여 수익 상태이나, 페르소나의 원칙인 '보유 자산이 10% 이상 오르면 매도'를 충족하지는 않음. 그러나 시장 분석에 따르면 최근 5 일 이동평균선을 상회하며 과열 구간 진입 전 단계로 판단되고, 엔비디아 급락과 외국인 대규모 매도세 등 거시적 리스크가 공존하는 혼조 국면임. 또한 페르소나의 성향상 '하락 국면을 선호해 신규 매수'해야 함에도 현재 가격은 하락한 국면이 아니므로 추격 매수는 자제해야 함. 보유 주식의 변동성 확대 위험을 피하고, 향후 더 큰 조정 시 저가 매수를 위한 현금 확보 차원에서 전량 매도하여 포지션을 정리함.",1,llm_first_response,not_one_share
RN_COMM_ON_20260917_v2,2026-02-27,2,pm,A025,ltb_A025_t001,stb_A025_t002,analysis_A025_t002,decision_A025_t002,,,2026-02-27,2026-02-27,2026-02-27,09:00,2026-02-27,15:29,2026-02-27,pre_close_cutoff,005930,buy,1000,"기술적 분석 관점에서 전일 -0.69% 하락한 조정 국면이며, PER 10 배 초반의 역사적 저점 구간으로 판단되어 '하락 시 매수' 원칙에 따라 신규 매수를 실행합니다. 엔비디아 급락 등 섹터 변동성 리스크가 존재하나, 개인 투자자 매수세와 실적 호조 기대감이 하방을 지지할 것으로 보아 포지션을 확대합니다.",1,llm_first_response,not_one_share
RN_COMM_ON_20260917_v2,2026-02-27,2,pm,A024,ltb_A024_t001,stb_A024_t002,analysis_A024_t002,decision_A024_t002,,,2026-02-27,2026-02-27,2026-02-27,09:00,2026-02-27,15:29,2026-02-27,pre_close_cutoff,005930,sell,100,"엔비디아 급락과 외국인 대규모 매도세 등 악재로 인해 단기 하락 압력이 강하며, 기술적 분석 관점에서 MA5 상단에서 과열 구간으로 판단됩니다. 페르소나의 성향인 '보유 자산이 20% 오른 뒤 이익 확정' 원칙에 따라 현재 수익 구간에서 일부 차익 실현을 통해 리스크를 줄이고, 추가 하락 시 저가 매수 기회를 노리기 위해 매도합니다.",1,llm_first_response,not_one_share
RN_COMM_ON_20260917_v2,2026-02-27,2,pm,A028,ltb_A028_t001,stb_A028_t002,analysis_A028_t002,decision_A028_t002,,,2026-02-27,2026-02-27,2026-02-27,09:00,2026-02-27,15:29,2026-02-27,pre_close_cutoff,005930,buy,100,"기술적 분석 관점에서 5 일 이동평균선 (206,200 원) 을 지지하며 상승 추세가 유지되고 있어, 페르소나의 '상승 국면에서 신규 매수' 원칙에 부합합니다. 또한 PER 10 배 초반의 밸류에이션 매력과 AI 슈퍼사이클 기대감을 고려하여, 하락 시 추가 매수 전략을 위한 기초 포지션을 확보합니다.",1,llm_first_response,not_one_share
RN_COMM_ON_20260917_v2,2026-02-27,2,pm,A022,ltb_A022_t001,stb_A022_t002,analysis_A022_t002,decision_A022_t002,,,2026-02-27,2026-02-27,2026-02-27,09:00,2026-02-27,15:29,2026-02-27,pre_close_cutoff,005930,buy,100,"AI 슈퍼사이클과 메모리 반도체 호황으로 내재가치는 우상향할 것으로 판단되나, 외국인 매도세와 규제 리스크로 단기 변동성이 크므로 기본적 가치에 기반해 분산 매수 전략을 적용합니다. 현재 주가는 적정 수준이며, 보유 현금 비중이 높아 추가 매수를 통해 평균 단가를 조정하고 장기 성장 동력을 확보하는 것이 타당합니다.",1,llm_first_response,not_one_share
RN_COMM_ON_20260917_v2,2026-02-27,2,pm,A026,ltb_A026_t001,stb_A026_t002,analysis_A026_t002,decision_A026_t002,,,2026-02-27,2026-02-27,2026-02-27,09:00,2026-02-27,15:29,2026-02-27,pre_close_cutoff,005930,sell,100,"현재 주가는 5일 이동평균선을 상회하며 단기 과열 구간으로 판단되어, 내 원칙인 '하락 후 반등' 전략에 따라 추격 매수를 피해야 합니다. 또한 엔비디아 쇼크로 인한 글로벌 반도체 섹터의 변동성 확대와 외국인 매도세 등 불확실성이 높으므로, 보유 자산이 20% 상승한 뒤 이익을 확정하는 원칙과 손절매 리스크를 관리하기 위해 일부 수익 실현 매도를 단행합니다.",1,llm_first_response,not_one_share
RN_COMM_ON_20260917_v2,2026-02-27,2,pm,A030,ltb_A030_t001,stb_A030_t002,analysis_A030_t002,decision_A030_t002,,,2026-02-27,2026-02-27,2026-02-27,09:00,2026-02-27,15:29,2026-02-27,pre_close_cutoff,005930,buy,10,"외국인 대규모 매도와 메모리칩 수요 둔화 우려로 주가가 하락 압력을 받고 있으나, 이는 내재가치 관점에서 매력적인 진입 구간으로 판단됨. 페르소나의 원칙인 '하락 시 더 사들인다'는 전략에 따라 현재 가격 (216,500원) 에서 제한적으로 추가 매수를 통해 평균 단가를 낮추고 포지션을 강화함.",1,llm_first_response,not_one_share
RN_COMM_ON_20260917_v2,2026-02-27,2,pm,A023,ltb_A023_t001,stb_A023_t002,analysis_A023_t002,decision_A023_t002,,,2026-02-27,2026-02-27,2026-02-27,09:00,2026-02-27,15:29,2026-02-27,pre_close_cutoff,005930,sell,10,"보유 자산이 평균 매수 단가 대비 약 3.1% 상승했으나, 시장 분석에 따르면 현재 주가는 급등세로 인한 과열 우려와 외국인 대규모 매도세 (16조 원) 로 인해 단기 변동성이 극심한 상태입니다. 또한 투자 원칙상 보유 자산이 10% 이상 오르면 이익을 확정하는 것이 핵심이나, 현재 가격 (216,500원) 은 내재가치 관점에서 적정 수준을 상회하며 추가 상승보다는 조정 가능성이 높습니다. 따라서 미실현손익이 발생했거나 손익이 거의 없는 상태라 하더라도, '떨어질수록 더 사들인다'는 원칙은 하락 국면에서 적용되므로, 현재와 같은 불확실성과 과열 국면에서는 수익을 확정하고 현금화하여 리스크를 회피하는 것이 타당합니다.",1,llm_first_response,not_one_share
RN_COMM_ON_20260917_v2,2026-02-27,2,pm,A027,ltb_A027_t001,stb_A027_t002,analysis_A027_t002,decision_A027_t002,,,2026-02-27,2026-02-27,2026-02-27,09:00,2026-02-27,15:29,2026-02-27,pre_close_cutoff,005930,buy,100,"AI 슈퍼사이클과 메모리칩 부족 현상 등 업황 개선 기대와 PER 10 배 초반의 저평가 매력 (current_stb dim_2, dim_3) 을 근거로 매수합니다. 외국인 대량 매도로 인한 단기 조정 (-0.68%) 은 '떨어질수록 사들인다'는 투자 성향에 따라 추가 매수 기회로 판단하며, 기술적 지표 (MA5 상회) 가 장기 상승 흐름을 유지하고 있음을 확인했습니다.",1,llm_first_response,not_one_share
RN_COMM_ON_20260917_v2,2026-02-27,2,pm,A032,ltb_A032_t001,stb_A032_t002,analysis_A032_t002,decision_A032_t002,,,2026-02-27,2026-02-27,2026-02-27,09:00,2026-02-27,15:29,2026-02-27,pre_close_cutoff,005930,sell,166,"외국인 대규모 매도와 엔비디아 급락 등 악재로 단기 하락 압력이 강하며, 기술적 관점에서 과열 구간 조정 가능성이 높습니다. 현재 미실현 수익률 (약 3%) 은 매도 기준 (10%) 에 미치지 못하지만, 하락 추세와 리스크 관리 원칙에 따라 전량 매도하여 손실을 최소화하고 현금으로 전환합니다.",1,llm_first_response,not_one_share
RN_COMM_ON_20260917_v2,2026-02-27,2,pm,A033,ltb_A033_t001,stb_A033_t002,analysis_A033_t002,decision_A033_t002,,,2026-02-27,2026-02-27,2026-02-27,09:00,2026-02-27,15:29,2026-02-27,pre_close_cutoff,005930,sell,100,"엔비디아 급락과 외국인 대규모 매도세로 인한 반도체 섹터 전반의 하락 압력이 존재하며, 기술적 분석 원칙에 따라 최근 가격 상승 국면이 아닌 조정 국면에서는 신규 매수를 피해야 합니다. 현재 보유 주식은 평균 단가 대비 손익분기점 부근이나, 하락 추세에서 추가 리스크를 감수하기보다 현금 비중을 높여 방어적으로 대응하는 것이 타당합니다.",1,llm_first_response,not_one_share
RN_COMM_ON_20260917_v2,2026-02-27,2,pm,A034,ltb_A034_t001,stb_A034_t002,analysis_A034_t002,decision_A034_t002,,,2026-02-27,2026-02-27,2026-02-27,09:00,2026-02-27,15:29,2026-02-27,pre_close_cutoff,005930,buy,100,"내재가치 관점에서 PER 10 배 초반의 저평가 구간으로 판단되며, AI 슈퍼사이클과 메모리 수요 증가 등 장기적 성장 모멘텀이 유효합니다. 외국인 매도로 인한 단기 조정 국면은 '떨어질수록 사들인다'는 가치 투자 원칙에 따라 추가 매수 기회로 해석하며, 보유 현금 여력이 충분하여 포지션을 확대합니다.",1,llm_first_response,not_one_share
RN_COMM_ON_20260917_v2,2026-02-27,2,pm,A031,ltb_A031_t001,stb_A031_t002,analysis_A031_t002,decision_A031_t002,,,2026-02-27,2026-02-27,2026-02-27,09:00,2026-02-27,15:29,2026-02-27,pre_close_cutoff,005930,buy,50,"PER 10 배 초반의 역사적 저평가 구간과 메모리 수요 '쓰나미' 등 내재가치 회복 기대감이 강해 기본적 분석에 기반한 매수를 결정했습니다. 글로벌 반도체 섹터의 변동성과 외국인 매도세 등 단기 리스크는 존재하나, 이는 장기적인 가치 투자 관점에서 오히려 매력적인 진입점으로 판단됩니다.",1,llm_first_response,not_one_share
RN_COMM_ON_20260917_v2,2026-02-27,2,pm,A035,ltb_A035_t001,stb_A035_t002,analysis_A035_t002,decision_A035_t002,,,2026-02-27,2026-02-27,2026-02-27,09:00,2026-02-27,15:29,2026-02-27,pre_close_cutoff,005930,buy,10,"기술적 분석 관점에서 전일 대비 소폭 하락 (-0.69%) 한 국면이며, 5 일 이동평균선 상회로 중기 상승 추세가 유지되고 있어 '떨어질수록 사들인다'는 페르소나의 원칙에 부합하는 진입 기회로 판단합니다. 또한 PER 10 배 초반의 밸류에이션과 AI 슈퍼사이클 기대감은 장기적인 상승 모멘텀을 지지하지만, 외국인 대규모 매도세와 글로벌 반도체주 약세 등 변동성 리스크가 존재하므로 과열 구간에서의 추격 매수를 피하고 소량으로만 포지션을 확대합니다.",1,llm_first_response,not_one_share
RN_COMM_ON_20260917_v2,2026-02-27,2,pm,A039,ltb_A039_t001,stb_A039_t002,analysis_A039_t002,decision_A039_t002,,,2026-02-27,2026-02-27,2026-02-27,09:00,2026-02-27,15:29,2026-02-27,pre_close_cutoff,005930,buy,100,"현재 주가 (216,500 원) 가 MA5(206,200 원) 상단에 위치하여 기술적 지지선 부근에서 반등할 가능성이 높다고 판단됨. 엔비디아 급락 등 외부 악재로 일시적 조정 국면이나, AI 수요와 내부 호재로 하방이 지지되고 있어 하락 국면을 포착한 신규 매수 원칙에 부합함. 보유 수량이 적고 현금 여력이 충분하므로 물타기 및 수익 확대를 위해 추가 매수.",1,llm_first_response,not_one_share
RN_COMM_ON_20260917_v2,2026-02-27,2,pm,A037,ltb_A037_t001,stb_A037_t002,analysis_A037_t002,decision_A037_t002,,,2026-02-27,2026-02-27,2026-02-27,09:00,2026-02-27,15:29,2026-02-27,pre_close_cutoff,005930,buy,100,"현재 주가는 PER 약 10 배 수준으로 밸류에이션 측면에서 저평가 구간이며, AI 슈퍼사이클과 삼성전기의 호황 기대 등 장기적 성장 모멘텀이 존재합니다. 다만 엔비디아 급락 여파와 외국인 매도 등으로 단기 변동성이 크므로, 복권형 자산 선호 성향에도 불구하고 분산 투자 원칙을 준수하여 보유 수량을 2 배로 늘리는 선제적인 물타기 (매수) 를 단행합니다.",1,llm_first_response,not_one_share
RN_COMM_ON_20260917_v2,2026-02-27,2,pm,A036,ltb_A036_t001,stb_A036_t002,analysis_A036_t002,decision_A036_t002,,,2026-02-27,2026-02-27,2026-02-27,09:00,2026-02-27,15:29,2026-02-27,pre_close_cutoff,005930,sell,100,"외국인 매도세 지속과 엔비디아 급락 여파로 인한 단기 조정 국면이 명확하며, 페르소나의 원칙에 따라 '최근 가격이 하락하는 국면'에서는 신규 매수를 피해야 합니다. 현재 보유 수익률이 0% 부근이나, 기술적 상승 추세 내에서도 고점 공포와 외국인 수급 이탈이 심화되어 추가 하락 리스크가 큽니다. 따라서 불확실성을 줄이기 위해 보유 물량의 일부 (약 42%) 를 매도하여 현금 비중을 높이고 손절매 기준선까지의 거리를 확보합니다.",1,llm_first_response,not_one_share
RN_COMM_ON_20260917_v2,2026-02-27,2,pm,A041,ltb_A041_t001,stb_A041_t002,analysis_A041_t002,decision_A041_t002,,,2026-02-27,2026-02-27,2026-02-27,09:00,2026-02-27,15:29,2026-02-27,pre_close_cutoff,005930,buy,100,"AI 슈퍼사이클과 메모리 수요 호조라는 장기적 내재가치 상승 모멘텀이 명확하며, 현재 주가는 외국인 매도세로 인한 단기 조정 (-0.69%) 국면으로 판단된다. 페르소나의 원칙인 '떨어질수록 사들인다'와 저평가 구간 진입 전략에 부합하여, PER 10 배 초반의 매력적인 밸류에이션에서 추가 매수를 단행한다.",1,llm_first_response,not_one_share
RN_COMM_ON_20260917_v2,2026-02-27,2,pm,A042,ltb_A042_t001,stb_A042_t002,analysis_A042_t002,decision_A042_t002,,,2026-02-27,2026-02-27,2026-02-27,09:00,2026-02-27,15:29,2026-02-27,pre_close_cutoff,005930,buy,100,"기술적 분석에 따라 현재가 (216,500 원) 가 5 일선과 20 일선 위에 있으나, 외국인 대규모 매도세와 엔비디아 급락 여파로 단기 변동성이 확대된 혼조세 장입니다. 이전 LTB 에서 언급된 '하락 국면 선호' 원칙을 적용하여, 과열 구간인 추격 매수는 피하고 기술적 지지선을 확인하며 소량으로 진입합니다. 보유 현금 비중이 높고 분산 투자 원칙을 준수하기 위해 최대 가능 수량의 일부만 매수합니다.",1,llm_first_response,not_one_share
RN_COMM_ON_20260917_v2,2026-02-27,2,pm,A038,ltb_A038_t001,stb_A038_t002,analysis_A038_t002,decision_A038_t002,,,2026-02-27,2026-02-27,2026-02-27,09:00,2026-02-27,15:29,2026-02-27,pre_close_cutoff,005930,buy,100,"현재 주가 (216,500 원) 가 PER 10 배 초반으로 내재가치 대비 저평가 구간이며, 메모리 수요 증가와 AI 슈퍼사이클 등 장기적 성장 모멘텀이 유효하다고 판단합니다. 외국인 매도세로 인한 단기 조정 가능성은 있으나, 기본적 분석에 기반한 가치 투자 원칙에 따라 분산 매수를 통해 진입합니다.",1,llm_first_response,not_one_share
RN_COMM_ON_20260917_v2,2026-02-27,2,pm,A029,ltb_A029_t001,stb_A029_t002,analysis_A029_t002,decision_A029_t002,,,2026-02-27,2026-02-27,2026-02-27,09:00,2026-02-27,15:29,2026-02-27,pre_close_cutoff,005930,buy,115,"엔비디아 급락으로 인한 단기 조정 국면에서 주가가 MA5 위에 지지되며 개인 투자자 유입이 지속되고 있어 '떨어질수록 사들인다'는 페르소나의 전략에 따라 추가 매수 기회를 포착함. 또한 밸류에이션이 적정선 (PER 10 배 내외) 에 위치하고 AI 슈퍼사이클 기대감이 하방 경직성을 제공하므로, 보유 현금의 절반 이상을 활용하여 포지션을 확대함.",1,llm_first_response,not_one_share
RN_COMM_ON_20260917_v2,2026-02-27,2,pm,A043,ltb_A043_t001,stb_A043_t002,analysis_A043_t002,decision_A043_t002,,,2026-02-27,2026-02-27,2026-02-27,09:00,2026-02-27,15:29,2026-02-27,pre_close_cutoff,005930,buy,100,"엔비디아 급락과 외국인 대규모 매도로 인한 단기 조정 국면이 '복권형' 투자 성향에 따른 저가 매수 기회로 판단됨. 기술적 지표상 5일 이동평균선 상회 및 거래량 증가로 반등 모멘텀이 공존하며, 현재 보유 수량 대비 추가 물타기를 통해 평균 단가를 낮추고 상승 시 수익 극대화를 노림.",1,llm_first_response,not_one_share
RN_COMM_ON_20260917_v2,2026-02-27,2,pm,A040,ltb_A040_t001,stb_A040_t002,analysis_A040_t002,decision_A040_t002,,,2026-02-27,2026-02-27,2026-02-27,09:00,2026-02-27,15:29,2026-02-27,pre_close_cutoff,005930,buy,90,"PER 10 배 초반의 저평가 구간과 AI 슈퍼사이클에 따른 실적 개선 기대감이 내재가치 상승을 뒷받침한다고 판단하여 매수합니다. 현재 보유분은 3% 수익 상태로 손절매 기준(10% 하락) 에는 미치지 않았으나, 집중 투자 성향에 따라 현금 여력을 활용해 평균 단가를 낮추고 포트폴리오 비중을 확대하는 것이 적절하다고 봅니다.",1,llm_first_response,not_one_share
RN_COMM_ON_20260917_v2,2026-02-27,2,pm,A046,ltb_A046_t001,stb_A046_t002,analysis_A046_t002,decision_A046_t002,,,2026-02-27,2026-02-27,2026-02-27,09:00,2026-02-27,15:29,2026-02-27,pre_close_cutoff,005930,sell,1500,"현재 주가는 전일 대비 소폭 하락했으나 장중에는 3.1% 급등하여 과열 구간으로 판단됩니다. 페르소나의 원칙인 '보유 자산이 20% 오른 뒤 이익 확정'과 '최근 가격 상승 시 추격 매수 피하기'에 따라, 단기 변동성 확대와 외국인 대규모 매도세 리스크를 고려해 보유 물량을 모두 매도하고 현금을 확보하는 것이 합리적입니다.",1,llm_first_response,not_one_share
RN_COMM_ON_20260917_v2,2026-02-27,2,pm,A045,ltb_A045_t001,stb_A045_t002,analysis_A045_t002,decision_A045_t002,,,2026-02-27,2026-02-27,2026-02-27,09:00,2026-02-27,15:29,2026-02-27,pre_close_cutoff,005930,buy,100,"PER 10 배 초반의 저평가 구간과 MA5 지지 등 기술적 하방 경직성을 확인했으나, 외국인 매도세와 엔비디아 급락 여파로 인한 단기 변동성 리스크가 존재합니다. 이에 따라 보유 현금의 약 23% 수준인 100 주를 추가 매수하여 평균 단가를 낮추고 분산 투자 원칙을 유지하며, 추격 매수는 피하고 신중한 물타기 전략을 적용합니다.",1,llm_first_response,not_one_share
RN_COMM_ON_20260917_v2,2026-02-27,2,pm,A050,ltb_A050_t001,stb_A050_t002,analysis_A050_t002,decision_A050_t002,,,2026-02-27,2026-02-27,2026-02-27,09:00,2026-02-27,15:29,2026-02-27,pre_close_cutoff,005930,buy,100,"PER 10 배 초반의 저평가 구간과 AI 슈퍼사이클이라는 기본적 가치에 주목하여 매수합니다. 현재 보유 주식은 평균 단가 대비 수익이 미미하나, 외국인 대규모 매도세로 인한 단기 조정 압력이 존재함에도 불구하고 내재가치 회복을 기대하며 물타기 매수를 진행합니다.",1,llm_first_response,not_one_share
RN_COMM_ON_20260917_v2,2026-02-27,2,pm,A048,ltb_A048_t001,stb_A048_t002,analysis_A048_t002,decision_A048_t002,,,2026-02-27,2026-02-27,2026-02-27,09:00,2026-02-27,15:29,2026-02-27,pre_close_cutoff,005930,sell,1500,"엔비디아 급락과 외국인 대규모 매도 등 글로벌 반도체 섹터의 부정적 신호가 우세하여 단기 조정 압력이 높다고 판단됩니다. 기술적 지표상 MA5 위에 위치해 있으나, 복권형 투자 성향에 따라 위험이 크고 불확실성이 높은 상황에서는 이익을 확정하거나 손실을 방어하는 것이 우선입니다. 현재 보유 주식은 평균 매수 단가와 비슷하나, 외부 악재로 인한 추가 하락 리스크를 피하기 위해 전량 매도하여 현금화합니다.",1,llm_first_response,not_one_share
RN_COMM_ON_20260917_v2,2026-02-27,2,pm,A047,ltb_A047_t001,stb_A047_t002,analysis_A047_t002,decision_A047_t002,,,2026-02-27,2026-02-27,2026-02-27,09:00,2026-02-27,15:29,2026-02-27,pre_close_cutoff,005930,buy,100,"현재 주가는 PER 저평가 구간이며 AI 슈퍼사이클과 메모리 수요 증가라는 장기적 성장 모멘텀이 유효하다고 판단합니다. 외국인의 대규모 매도세와 엔비디아 급락 여파로 인한 단기 변동성은 존재하나, 이는 기본적 가치 평가에 따른 저평가 기회로 해석됩니다. 복권형 자산 선호 성향과 집중 투자 원칙에 따라 하락 시 물타기를 통해 평균 단가를 낮추고 향후 상승 시 큰 수익을 확보하기 위해 제한적으로 추가 매수합니다.",1,llm_first_response,not_one_share
RN_COMM_ON_20260917_v2,2026-02-27,2,pm,A052,ltb_A052_t001,stb_A052_t002,analysis_A052_t002,decision_A052_t002,,,2026-02-27,2026-02-27,2026-02-27,09:00,2026-02-27,15:29,2026-02-27,pre_close_cutoff,005930,buy,100,"엔비디아 쇼크와 외국인 매도세로 인한 단기 하락은 내재가치 측면에서 매력적인 매수 기회로 판단됩니다. 기본적 분석에 기반하여 저평가 구간을 공시가로 매수하고, '복권형' 성향과 달리 추격 매수는 피하며 현금 비중이 높아 추가 매수 여력이 충분합니다.",1,llm_first_response,not_one_share
RN_COMM_ON_20260917_v2,2026-02-27,2,pm,A049,ltb_A049_t001,stb_A049_t002,analysis_A049_t002,decision_A049_t002,,,2026-02-27,2026-02-27,2026-02-27,09:00,2026-02-27,15:29,2026-02-27,pre_close_cutoff,005930,sell,100,"엔비디아 급락과 외국인 대규모 매도세로 인한 단기 조정 우려가 강하며, 상승 추세 추종 성향에 따라 하락 국면에서는 신규 매수를 피해야 한다. 현재 보유 수익률이 0% 부근이나, 기술적 지표상 거래량 증가와 가격 하락이 동반된 '매도 압력' 신호를 확인했으므로, 위험을 줄이기 위해 일부 물량을 선제적으로 매도하여 현금 비중을 확보하고 추가 하락 시 대응 여력을 남겨둔다.",1,llm_first_response,not_one_share
RN_COMM_ON_20260917_v2,2026-02-27,2,pm,A054,ltb_A054_t001,stb_A054_t002,analysis_A054_t002,decision_A054_t002,,,2026-02-27,2026-02-27,2026-02-27,09:00,2026-02-27,15:29,2026-02-27,pre_close_cutoff,005930,sell,238,"현재 보유 주식의 평균 매수 단가(210,000 원) 대비 현재가(216,500 원) 상승률이 약 3.1%로, 페르소나의 핵심 원칙인 '보유 자산이 10% 넘게 오르면 곧바로 팔아 이익을 확정한다'는 조건은 아직 충족되지 않았으나, 기술적 분석 원칙에 따라 '최근 가격이 하락하는 국면 (전일 종가 대비 -0.69%) 에는 신규 매수를 피해야 한다'는 규칙과 외국인 대규모 매도세, 엔비디아 급락 여파 등 단기 변동성 리스크가 공존하는 불확실한 시장 환경을 고려하여, 수익이 발생한 포지션을 방어하고 현금화하는 것이 우선이다. 또한 포트폴리오 분산 위험을 낮추기 위해 현재 보유 전량을 매도하여 현금 비중을 높이는 전략을 선택한다.",1,llm_first_response,not_one_share
RN_COMM_ON_20260917_v2,2026-02-27,2,pm,A044,ltb_A044_t001,stb_A044_t002,analysis_A044_t002,decision_A044_t002,,,2026-02-27,2026-02-27,2026-02-27,09:00,2026-02-27,15:29,2026-02-27,pre_close_cutoff,005930,buy,1000,"현재 주가가 PER 약 10 배 수준으로 역사적 평균 대비 저평가 구간이며, 오늘 종가 하락 (-0.69%) 이 발생하여 페르소나의 '가격 하락 선호' 원칙에 부합합니다. AI 슈퍼사이클과 메모리 수요 증가라는 구조적 호재는 유지되나, 외국인의 대규모 매도와 개인 투자자의 과열 매수 등 단기 수급 불안정성이 존재하므로, 보유 현금의 일부 (약 21 억 원) 만을 투입하여 평균 단가를 낮추고 리스크를 분산하는 전략을 취합니다.",1,llm_first_response,not_one_share
RN_COMM_ON_20260917_v2,2026-02-27,2,pm,A051,ltb_A051_t001,stb_A051_t002,analysis_A051_t002,decision_A051_t002,,,2026-02-27,2026-02-27,2026-02-27,09:00,2026-02-27,15:29,2026-02-27,pre_close_cutoff,005930,buy,1501,"현재 주가는 전일 대비 소폭 하락 (-0.69%) 하며 조정 국면에 접어들어 기본적 가치 투자 관점에서 매력적인 진입점으로 판단됩니다. AI 슈퍼사이클과 메모리 수요 증가 등 업황 호조와 목표주가 상향 소식은 내재가치 상승을 시사하며, 외국인의 매도세로 인한 단기 변동성은 오히려 저평가 매수 기회를 제공합니다. 보유 현금의 약 50% 한도 내에서 집중 투자를 통해 수익 극대화를 도모합니다.",1,llm_first_response,not_one_share
RN_COMM_ON_20260917_v2,2026-02-27,2,pm,A053,ltb_A053_t001,stb_A053_t002,analysis_A053_t002,decision_A053_t002,,,2026-02-27,2026-02-27,2026-02-27,09:00,2026-02-27,15:29,2026-02-27,pre_close_cutoff,005930,sell,100,"현재 보유 자산이 평균 매수 단가 대비 약 3% 상승하여 페르소나의 핵심 원칙인 '보유 자산이 10% 넘게 오르면 곧바로 팔아 이익을 확정'하는 기준에 근접했습니다. 또한 기술적 지표상 MA5 상회 후 전일 대비 하락하며 차익 실현 매물이 유입되었고, 엔비디아 급락 여파와 스마트폰 수요 둔화 등 단기 변동성 리스크가 공존하여 과열 우려가 있습니다. 따라서 미실현 수익을 확정하고 현금 비중을 높이는 것이 타당합니다.",1,llm_first_response,not_one_share
RN_COMM_ON_20260917_v2,2026-02-27,2,pm,A056,ltb_A056_t001,stb_A056_t002,analysis_A056_t002,decision_A056_t002,,,2026-02-27,2026-02-27,2026-02-27,09:00,2026-02-27,15:29,2026-02-27,pre_close_cutoff,005930,sell,100,"현재 보유 주식의 평균 매수 단가 (210,000원) 대비 공시가 (216,500원) 가 약 3.1% 상승하여 이익이 발생했으나, 페르소나의 핵심 원칙인 '보유 자산이 10% 넘게 오르면 곧바로 팔아 이익을 확정한다'는 규정을 준수하기 위해 모든 주식을 매도합니다. 또한, Short-Term Belief와 시장 분석에 따르면 외국인 대규모 매도세와 밸류에이션 과열 우려로 단기 조정 리스크가 존재하므로, 추가 상승 시 이익 확정을 우선시하는 것이 합리적입니다.",1,llm_first_response,not_one_share
RN_COMM_ON_20260917_v2,2026-02-27,2,pm,A057,ltb_A057_t001,stb_A057_t002,analysis_A057_t002,decision_A057_t002,,,2026-02-27,2026-02-27,2026-02-27,09:00,2026-02-27,15:29,2026-02-27,pre_close_cutoff,005930,buy,10,"외국인 매도세와 엔비디아 급락 등 외부 악재로 시장이 하락세이나, 삼성전자는 밸류에이션 측면에서 저평가 구간으로 판단됩니다. 페르소나의 성향에 따라 하락 시 추가 매수를 통해 평균 단가를 낮추는 전략을 적용하며, 기술적 지표가 하방 안정을 확인한 후 방어적 매수 관점에서 소량 진입합니다.",1,llm_first_response,not_one_share
RN_COMM_ON_20260917_v2,2026-02-27,2,pm,A060,ltb_A060_t001,stb_A060_t002,analysis_A060_t002,decision_A060_t002,,,2026-02-27,2026-02-27,2026-02-27,09:00,2026-02-27,15:29,2026-02-27,pre_close_cutoff,005930,sell,100,"엔비디아 급락과 외국인 대규모 매도 등 악재 뉴스가 지배적이며, 기술적 분석상 추가 조정 국면 진입이 예상되어 단기 손절 및 현금화를 선택합니다. 보유 자산이 평균 매수 단가 (210,000 원) 대비 현재 공시가 (216,500 원) 로 상승했으나, 하락 시 추가 매수하는 페르소나 특성상 현재는 '과도한 하락' 구간이 아니므로 방어적 매도가 타당하다고 판단했습니다.",1,llm_first_response,not_one_share
RN_COMM_ON_20260917_v2,2026-02-27,2,pm,A055,ltb_A055_t001,stb_A055_t002,analysis_A055_t002,decision_A055_t002,,,2026-02-27,2026-02-27,2026-02-27,09:00,2026-02-27,15:29,2026-02-27,pre_close_cutoff,005930,buy,500,"PER 10 배 초반의 저평가 구간과 AI 슈퍼사이클 장기 모멘텀을 고려하여 매수 원칙에 따라 신규 진입합니다. 다만, 외국인 대규모 매도세와 스마트폰 수요 둔화 등 단기 변동성 리스크가 존재하므로, 보유 현금의 약 23% 수준인 제한적 수량 (500 주) 으로 물타기하며 위험을 분산합니다.",1,llm_first_response,not_one_share
RN_COMM_ON_20260917_v2,2026-02-27,2,pm,A062,ltb_A062_t001,stb_A062_t002,analysis_A062_t002,decision_A062_t002,,,2026-02-27,2026-02-27,2026-02-27,09:00,2026-02-27,15:29,2026-02-27,pre_close_cutoff,005930,buy,100,"외국인 매도세와 엔비디아 급락 등 악재로 주가가 일시 하락했으나, 장중 반등과 삼성전기 호재로 인한 섹터 심리 개선이 확인되어 기술적 반등 기회로 판단합니다. 저가 매수 원칙에 따라 현재 가격에서 추가 포지션을 확보하고, '복권형' 투자 성향에 부합하는 고변동성 기회를 노립니다.",1,llm_first_response,not_one_share
RN_COMM_ON_20260917_v2,2026-02-27,2,pm,A061,ltb_A061_t001,stb_A061_t002,analysis_A061_t002,decision_A061_t002,,,2026-02-27,2026-02-27,2026-02-27,09:00,2026-02-27,15:29,2026-02-27,pre_close_cutoff,005930,sell,100,"외국인 대규모 매도 (16 조 원) 와 엔비디아 급락 등 외부 리스크가 단기 변동성을 극대화하고 있으며, 개인 투자자의 과열 매수로 인한 수급 불균형이 심화되고 있습니다. 기술적 지표상 상승 추세는 유지되나, 현재 주가는 밸류에이션 측면에서 단기간 조정 가능성이 높고, 보유 수익률 (약 3%) 이 20% 목표에는 미치지 못하지만, 손절매 기준 (10% 하락) 을 피하기 위해 현 시점에서 이익을 확정하고 현금화하여 방어적 포지션을 취하는 것이 합리적입니다.",1,llm_first_response,not_one_share
RN_COMM_ON_20260917_v2,2026-02-27,2,pm,A063,ltb_A063_t001,stb_A063_t002,analysis_A063_t002,decision_A063_t002,,,2026-02-27,2026-02-27,2026-02-27,09:00,2026-02-27,15:29,2026-02-27,pre_close_cutoff,005930,sell,1000,"보유 자산이 평균 매수 단가 대비 약 3.1% 상승했으나, 목표주가 상향 뉴스가 이미 주가에 선반영되어 현재 가격 (216,500원) 이 내재가치 관점에서 적정 수준에 근접했다고 판단됩니다. 또한 외국인 대규모 매도세와 엔비디아 등 해외 변수로 인한 단기 변동성 리스크가 존재하며, 본 페르소나의 원칙인 '20% 상승 시 이익 확정'의 전제 조건은 아니지만, 저평가 구간 탈출과 불확실성 회피를 위해 수익을 확정하고 현금화하는 것이 합리적입니다.",1,llm_first_response,not_one_share
RN_COMM_ON_20260917_v2,2026-02-27,2,pm,A058,ltb_A058_t001,stb_A058_t002,analysis_A058_t002,decision_A058_t002,,,2026-02-27,2026-02-27,2026-02-27,09:00,2026-02-27,15:29,2026-02-27,pre_close_cutoff,005930,sell,100,"현재 보유 물량이 평균 매수 단가 대비 소폭 수익 상태이나, Short-Term Belief와 시장 분석에 따르면 외국인 대규모 매도세 (16 조 원) 와 엔비디아 급락 등 외부 변동성으로 인한 단기 조정 압력이 강합니다. 또한 최근 급등으로 인해 기술적 과열 우려가 있고, 개인 투자자와 기관 간 수급 불일치가 극심하여 방향성을 명확히 잡기 어렵습니다. 본 페르소나의 원칙인 '보유 자산이 10% 이상 오르면 매도를 고려'하고, 특히 20% 오르면 전량 정리하는 전략에 따라 현재 수익 구간에서 이익을 확정하고 현금화하여 리스크를 회피하는 것이 타당합니다.",1,llm_first_response,not_one_share
RN_COMM_ON_20260917_v2,2026-02-27,2,pm,A059,ltb_A059_t001,stb_A059_t002,analysis_A059_t002,decision_A059_t002,,,2026-02-27,2026-02-27,2026-02-27,09:00,2026-02-27,15:29,2026-02-27,pre_close_cutoff,005930,sell,100,"기술적 분석 원칙에 따라 최근 하락세 (-0.69%) 와 엔비디아 급락 등 외부 충격으로 상승 추세가 단절되었으므로 신규 매수를 피해야 합니다. 또한 보유 자산이 평균 매수 단가 (210,000 원) 에 근접하여 미실현손익이 거의 없는 상태이나, 페르소나의 성향상 '하락 시 추가 매수'를 지양하고 단기 변동성 확대 리스크를 고려해 일부 수익을 확정하거나 손실을 방어하기 위해 매도합니다.",1,llm_first_response,not_one_share
RN_COMM_ON_20260917_v2,2026-02-27,2,pm,A068,ltb_A068_t001,stb_A068_t002,analysis_A068_t002,decision_A068_t002,,,2026-02-27,2026-02-27,2026-02-27,09:00,2026-02-27,15:29,2026-02-27,pre_close_cutoff,005930,sell,1000,"외국인 대규모 매도세와 메모리칩 수요 둔화 우려로 단기 하락 압력이 강하며, 시장 심리가 극도로 양극화되어 변동성이 확대될 전망이다. 기본적 분석 관점에서 내재가치 판단이 모호하고 구체적인 실적 데이터 부재로 저평가 여부를 단정하기 어렵다. 보유 자산이 약 3% 조정 중이나, 불확실성 확대 국면에서 원칙에 따라 수익을 확정하고 현금화를 통해 리스크를 회피하는 것이 타당하다.",1,llm_first_response,not_one_share
RN_COMM_ON_20260917_v2,2026-02-27,2,pm,A070,ltb_A070_t001,stb_A070_t002,analysis_A070_t002,decision_A070_t002,,,2026-02-27,2026-02-27,2026-02-27,09:00,2026-02-27,15:29,2026-02-27,pre_close_cutoff,005930,buy,10,"엔비디아 급락 등 외부 악재로 인한 단기 조정 국면 (216,500 원) 이 페르소나의 '가격 하락 시 매수' 원칙과 부합하며, 기술적 지표상 5 일선 위에 위치해 중장기 상승 추세 유지가 예상됨. 또한 보유 현금 여력이 충분하여 평균 단가를 낮추고 포지션을 확대할 기회로 판단.",1,llm_first_response,not_one_share
RN_COMM_ON_20260917_v2,2026-02-27,2,pm,A067,ltb_A067_t001,stb_A067_t002,analysis_A067_t002,decision_A067_t002,,,2026-02-27,2026-02-27,2026-02-27,09:00,2026-02-27,15:29,2026-02-27,pre_close_cutoff,005930,buy,100,"현재 주가는 5일 및 20일 이동평균선 위에 있어 중기 상승 추세는 유지되나, 외국인 매도세와 엔비디아 급락으로 단기 조정 국면입니다. '복권형' 투자 성향에 따라 변동성 속에서 반등 모멘텀을 노리지만, 추격 매수 원칙에 따라 기업 가치와 뉴스(삼성전기 호재 등)를 종합적으로 고려해 제한적으로 물타기를 진행합니다.",1,llm_first_response,not_one_share
RN_COMM_ON_20260917_v2,2026-02-27,2,pm,A064,ltb_A064_t001,stb_A064_t002,analysis_A064_t002,decision_A064_t002,,,2026-02-27,2026-02-27,2026-02-27,09:00,2026-02-27,15:29,2026-02-27,pre_close_cutoff,005930,sell,500,"현재 주가 (216,500 원) 가 평균 매수 단가 (210,000 원) 대비 약 3.1% 상승하여 목표 수익률인 20%에는 미치지 못했으나, Short-Term Belief와 시장 분석에 따르면 외국인 대규모 매도세 (16 조 원) 와 거시적 금리 리스크로 인해 단기 등락이 반복될 가능성이 높습니다. 특히 최근 급등세로 인한 과열 징후와 밸류에이션 부담으로 추격 매수는 피해야 하므로, 보유 수량의 일부를 매도하여 현금 비중을 늘리고 변동성 리스크를 선제적으로 관리하는 것이 타당합니다.",1,llm_first_response,not_one_share
RN_COMM_ON_20260917_v2,2026-02-27,2,pm,A069,ltb_A069_t001,stb_A069_t002,analysis_A069_t002,decision_A069_t002,,,2026-02-27,2026-02-27,2026-02-27,09:00,2026-02-27,15:29,2026-02-27,pre_close_cutoff,005930,sell,500,"보유 자산이 평균 매수 단가 대비 약 3% 상승했으나, Short-Term Belief와 시장 분석에 따르면 현재 주가는 PER 10 배 초반의 저평가 구간임에도 불구하고 최근 급등세로 인해 '과열' 및 '고소공포증' 상태입니다. 특히 엔비디아 급락 여파와 외국인 대규모 매도 물량으로 인한 단기 조정 리스크가 높으며, 기본적 가치 투자 원칙상 고평가 구간에서의 추가 상승 기대보다는 차익 실현을 우선시해야 합니다. 따라서 보유 주식의 일부 (약 33%) 를 매도하여 수익을 확정하고 현금 비중을 높여 향후 추가 하락 시 매수 기회를 확보합니다.",1,llm_first_response,not_one_share
RN_COMM_ON_20260917_v2,2026-02-27,2,pm,A065,ltb_A065_t001,stb_A065_t002,analysis_A065_t002,decision_A065_t002,,,2026-02-27,2026-02-27,2026-02-27,09:00,2026-02-27,15:29,2026-02-27,pre_close_cutoff,005930,buy,100,"PER 10 배 초반의 저평가 구간과 메모리 칩 수요 회복 기대감 등 기본적 가치 투자 관점에서 매수 기회를 포착했습니다. 현재 종가(216,500 원) 는 전일 대비 하락하여 가격 하락 국면을 선호하는 페르소나의 원칙에 부합하며, 현금 비중이 높아 추가 매수 여력이 충분합니다. 다만 외국인 대규모 매도세와 시장 변동성으로 인해 추격 매수를 피하기 위해 총 자산의 약 4% 수준인 소량으로 제한적으로 진입합니다.",1,llm_first_response,not_one_share
RN_COMM_ON_20260917_v2,2026-02-27,2,pm,A074,ltb_A074_t001,stb_A074_t002,analysis_A074_t002,decision_A074_t002,,,2026-02-27,2026-02-27,2026-02-27,09:00,2026-02-27,15:29,2026-02-27,pre_close_cutoff,005930,buy,100,"외국인 매도세와 엔비디아 급락 등 외부 악재로 주가가 일시 조정받았으나, AI 수요 확대와 반도체 업황 회복이라는 장기적 성장 동력은 여전히 유효합니다. 현재 주가는 내재가치 대비 저평가 구간은 아니나, 외국인 매도로 인한 과도한 하락이 발생하여 기본적 분석 관점에서 추가 매수 기회가 마련된 것으로 판단됩니다. 보유 현금 비중이 높으므로 분산 투자 원칙에 따라 제한적으로 물량을 늘려 평균 단가를 관리하고 수익 실현을 위한 여유를 확보합니다.",1,llm_first_response,not_one_share
RN_COMM_ON_20260917_v2,2026-02-27,2,pm,A072,ltb_A072_t001,stb_A072_t002,analysis_A072_t002,decision_A072_t002,,,2026-02-27,2026-02-27,2026-02-27,09:00,2026-02-27,15:29,2026-02-27,pre_close_cutoff,005930,buy,100,"외국인 매도와 엔비디아 급락 등 외부 악재로 주가가 일시적 조정 국면에 있으나, 이재용 회장 자산 규모 확대 등 지배구조 안정성 신호와 메모리칩 부족 전망 등 내재가치 회복 가능성을 저평가 구간으로 판단하여 신중하게 추가 매수합니다. 최근 장중 3% 이상 상승했으나 종가는 소폭 하락하여 과열 국면은 아니라고 보며, 기본적 분석 원칙에 따라 장기 가치 투자를 위해 포지션을 확대합니다.",1,llm_first_response,not_one_share
RN_COMM_ON_20260917_v2,2026-02-27,2,pm,A075,ltb_A075_t001,stb_A075_t002,analysis_A075_t002,decision_A075_t002,,,2026-02-27,2026-02-27,2026-02-27,09:00,2026-02-27,15:29,2026-02-27,pre_close_cutoff,005930,sell,83,"기술적 분석 관점에서 현재가 (216,500 원) 는 최근 급등한 과열 구간으로 판단되며, 외국인 대규모 매도세와 엔비디아 하락 여파로 단기 변동성 확대가 예상되어 추격 매수는 피해야 합니다. 보유 자산이 평균 매수 단가 대비 수익 상태이나, '복권형' 자산 선호 성향과 이익 확정 원칙에 따라 상승 모멘텀이 약화되기 전에 일부 수익을 실현하고 현금 비중을 높이는 것이 적절합니다.",1,llm_first_response,not_one_share
RN_COMM_ON_20260917_v2,2026-02-27,2,pm,A066,ltb_A066_t001,stb_A066_t002,analysis_A066_t002,decision_A066_t002,,,2026-02-27,2026-02-27,2026-02-27,09:00,2026-02-27,15:29,2026-02-27,pre_close_cutoff,005930,buy,100,"현재 보유 주식은 평균 매수 단가 대비 수익 실현 기준 (10%) 에 도달하지 않아 매도 압박이 없으며, 기술적 지표상 MA5/MA20 위에 위치해 장기 상승 흐름은 유효함. 다만 외국인 대규모 매도세와 엔비디아 급락 여파로 단기 변동성이 확대되어 있어, 저평가 구간 (PER 10 배대) 을 활용한 분산 매수를 통해 하락 시 추가 포지션을 확보하는 전략을 적용함.",1,llm_first_response,not_one_share
RN_COMM_ON_20260917_v2,2026-02-27,2,pm,A071,ltb_A071_t001,stb_A071_t002,analysis_A071_t002,decision_A071_t002,,,2026-02-27,2026-02-27,2026-02-27,09:00,2026-02-27,15:29,2026-02-27,pre_close_cutoff,005930,sell,238,"보유 주식의 평균 매수 단가 (210,000 원) 대비 현재 공시가 (216,500 원) 가 약 3.1% 상승하여 수익이 발생 중이나, 기술적 분석 관점에서 MA20 대비 21% 이상 급등하여 과열 구간으로 판단된다. 또한 외국인 매도세와 엔비디아 주가 하락 파급 등 불확실성이 커진 혼조세 장에서, 페르소나의 핵심 원칙인 '보유 자산이 10% 넘게 오르면 곧바로 팔아 이익을 확정한다'는 규정을 준수하기 위해 수익 실현을 우선시한다. 단기 변동성 확대 우려로 포지션을 청산하고 현금을 확보하는 것이 안전하다.",1,llm_first_response,not_one_share
RN_COMM_ON_20260917_v2,2026-02-27,2,pm,A077,ltb_A077_t001,stb_A077_t002,analysis_A077_t002,decision_A077_t002,,,2026-02-27,2026-02-27,2026-02-27,09:00,2026-02-27,15:29,2026-02-27,pre_close_cutoff,005930,buy,100,"PER 10 배 초반의 저평가 구간과 메모리 슈퍼사이클 기대감 등 기업 본질적 가치가 우세하다고 판단하여 매수합니다. 다만, 외국인 대규모 매도세와 글로벌 변동성으로 인해 단행할 수 있는 최대 금액 (3950 만 원) 의 절반 수준인 약 2165 만 원 (100 주) 을 분산 매수하여 리스크를 관리합니다.",1,llm_first_response,not_one_share
RN_COMM_ON_20260917_v2,2026-02-27,2,pm,A078,ltb_A078_t001,stb_A078_t002,analysis_A078_t002,decision_A078_t002,,,2026-02-27,2026-02-27,2026-02-27,09:00,2026-02-27,15:29,2026-02-27,pre_close_cutoff,005930,buy,100,"외국인 대규모 매도와 업황 불확실성으로 주가가 내재가치 대비 저평가 구간으로 진입했다고 판단됩니다. 기본적 분석 관점에서 가격 하락 국면은 신규 매수 기회이며, 현재 보유 주식의 평균 단가와 유사한 수준에서 추가 포지션을 확대하여 장기적인 가치 실현을 노립니다.",1,llm_first_response,not_one_share
RN_COMM_ON_20260917_v2,2026-02-27,2,pm,A073,ltb_A073_t001,stb_A073_t002,analysis_A073_t002,decision_A073_t002,,,2026-02-27,2026-02-27,2026-02-27,09:00,2026-02-27,15:29,2026-02-27,pre_close_cutoff,005930,sell,100,"기술적 분석 관점에서 주가가 5 일 및 20 일 이동평균선 위에 있으나, 오늘 외국인 대규모 매도세와 엔비디아 급락으로 인한 단기 변동성 확대가 확인되었습니다. 페르소나의 성향인 '최근 하락 국면에서는 신규 매수 피하기'와 '10% 이상 하락 시 손절매 판단' 원칙에 따라, 상승 모멘텀이 약화되고 있는 현재 시점에서 수익을 일부 확정하고 리스크를 줄이는 방어적 매도가 필요합니다.",1,llm_first_response,not_one_share
RN_COMM_ON_20260917_v2,2026-02-27,2,pm,A080,ltb_A080_t001,stb_A080_t002,analysis_A080_t002,decision_A080_t002,,,2026-02-27,2026-02-27,2026-02-27,09:00,2026-02-27,15:29,2026-02-27,pre_close_cutoff,005930,buy,100,"PER 10 배 초반의 저평가 구간과 메모리 반도체 공급 부족 기대감 등 기업 가치와 이용 가능한 정보가 매수 판단을 뒷받침한다고 판단합니다. 외국인 대량 매도세로 인한 단기 변동성은 존재하나, 페르소나의 성향에 따라 하락 시 추가 매수를 통해 평균 단가를 낮추고 유망 자산에 집중 투자하는 전략을 적용합니다.",1,llm_first_response,not_one_share
RN_COMM_ON_20260917_v2,2026-02-27,2,pm,A081,ltb_A081_t001,stb_A081_t002,analysis_A081_t002,decision_A081_t002,,,2026-02-27,2026-02-27,2026-02-27,09:00,2026-02-27,15:29,2026-02-27,pre_close_cutoff,005930,buy,1500,"엔비디아 급락과 외국인 대규모 매도로 인한 단기 하락 압력이 있으나, 장중 +3.1% 상승 후 조정된 형태와 관련주 호재로 기술적 반등 가능성이 높다고 판단합니다. 페르소나의 성향인 '가격 하락 시 신규 매수' 원칙에 부합하며, 현재 주가는 MA5 위에 있어 과열되지 않은 진입점으로 봅니다.",1,llm_first_response,not_one_share
RN_COMM_ON_20260917_v2,2026-02-27,2,pm,A082,ltb_A082_t001,stb_A082_t002,analysis_A082_t002,decision_A082_t002,,,2026-02-27,2026-02-27,2026-02-27,09:00,2026-02-27,15:29,2026-02-27,pre_close_cutoff,005930,buy,162,"외국인 매도와 엔비디아 급락 등 외부 악재로 주가가 조정받았으나, 기술적 분석 관점에서 MA5(206,200원) 상회 및 현재가 (216,500원) 가 과매도 구간 가능성을 시사한다. 페르소나의 성향에 따라 하락 시 더 사들이는 전략을 적용하며, 보유 현금充裕 상태에서 최대 한도 내에서 집중 투자하여 저가 매수 기회를 포착한다.",1,llm_first_response,not_one_share
RN_COMM_ON_20260917_v2,2026-02-27,2,pm,A079,ltb_A079_t001,stb_A079_t002,analysis_A079_t002,decision_A079_t002,,,2026-02-27,2026-02-27,2026-02-27,09:00,2026-02-27,15:29,2026-02-27,pre_close_cutoff,005930,sell,10,"외국인 대규모 매도 (16 조 원) 와 엔비디아 급락 여파로 인한 단기 조정 국면이 명확히 발생했습니다. 페르소나의 원칙인 '최근 가격이 하락하는 국면에서는 신규 매수를 피한다'는 점과, 기술적 분석 관점에서 상승 추세가 일시적으로 중단되고 변동성이 확대된 점을 고려하여 차익 실현을 위해 전량 매도합니다.",1,llm_first_response,not_one_share
RN_COMM_ON_20260917_v2,2026-02-27,2,pm,A076,ltb_A076_t001,stb_A076_t002,analysis_A076_t002,decision_A076_t002,,,2026-02-27,2026-02-27,2026-02-27,09:00,2026-02-27,15:29,2026-02-27,pre_close_cutoff,005930,buy,500,"내재가치 관점에서 PER 10 배 초반의 저평가 구간이 유지되고 있으나, 최근 급등세로 인해 과열 징후가 있어 추격 매수는 피합니다. 대신 외국인 대규모 매도세로 인한 단기 변동성 확대 우려를 고려하여, 현금 비중을 높게 유지하면서 제한적으로 (최대 가능 수량의 약 27%) 추가 매수를 진행하여 평균 단가를 낮추고 위험을 분산합니다.",1,llm_first_response,not_one_share
RN_COMM_ON_20260917_v2,2026-02-27,2,pm,A084,ltb_A084_t001,stb_A084_t002,analysis_A084_t002,decision_A084_t002,,,2026-02-27,2026-02-27,2026-02-27,09:00,2026-02-27,15:29,2026-02-27,pre_close_cutoff,005930,sell,100,"외국인 대규모 매도세와 엔비디아 급락 여파로 단기 변동성이 확대되고 있으며, 최근 3% 상승한 국면에서 과열 우려가 있어 추격 매수보다는 차익 실현이 우선시됩니다. 또한 보유 자산이 평균 단가 대비 약 3% 수익 상태이나, 기술적 저항선 부근과 외국인 이탈 심리로 인해 추가 상승 모멘텀이 불확실하므로 일부 매도를 통해 리스크를 줄이고 현금 비중을 확보합니다.",1,llm_first_response,not_one_share
RN_COMM_ON_20260917_v2,2026-02-27,2,pm,A086,ltb_A086_t001,stb_A086_t002,analysis_A086_t002,decision_A086_t002,,,2026-02-27,2026-02-27,2026-02-27,09:00,2026-02-27,15:29,2026-02-27,pre_close_cutoff,005930,sell,238,"현재 주가 (216,500 원) 가 평균 매수 단가 (210,000 원) 대비 약 3.1% 상승했으나, 기술적 분석과 시장 심리 (외국인 대량 매도, 엔비디아 급락 여파) 로 인해 단기 과열 및 조정 가능성이 높다고 판단됩니다. 또한 '복권형' 자산 선호 성향과 10% 이상 오르면 매도 원칙에 따라 현재 시점에서 이익을 확정하고 현금화하여 다음 기회에 저점 매수를 노리는 것이 적절해 보입니다.",1,llm_first_response,not_one_share
RN_COMM_ON_20260917_v2,2026-02-27,2,pm,A083,ltb_A083_t001,stb_A083_t002,analysis_A083_t002,decision_A083_t002,,,2026-02-27,2026-02-27,2026-02-27,09:00,2026-02-27,15:29,2026-02-27,pre_close_cutoff,005930,buy,100,"PER 10 배 초반의 저평가 구간과 AI 슈퍼사이클 장기 성장성에 기반하여, 현재 가격대 (-0.69% 하락) 가 과도한 조정 국면으로 판단되어 신규 매수합니다. 외국인 매도세와 단기 변동성 리스크가 존재하나, 기본적 분석 관점에서 내재가치 대비 매력적인 진입점으로 보고 분산 투자 원칙 하에 제한적으로 물량을 확보합니다.",1,llm_first_response,not_one_share
RN_COMM_ON_20260917_v2,2026-02-27,2,pm,A088,ltb_A088_t001,stb_A088_t002,analysis_A088_t002,decision_A088_t002,,,2026-02-27,2026-02-27,2026-02-27,09:00,2026-02-27,15:29,2026-02-27,pre_close_cutoff,005930,sell,100,"현재 보유 주식 100주의 평균 매수 단가 (210,000원) 가 공시가 (216,500원) 보다 낮아 약 3.1%의 수익이 발생했습니다. 페르소나의 원칙인 '보유 자산이 10% 넘게 오르면 곧바로 팔아 이익을 확정한다'는 조건은 충족하지 않았으나, 기술적 분석 관점에서 최근 하락 국면 (-0.69%) 과 외국인 대규모 매도 물량 (current_stb dim_4), 엔비디아 급락 여파 등 단기 하락 압력이 강하게 작용하고 있습니다. 또한 상승 추세가 불분명해지고 있어 추가 상승 기대보다는 현재 시점의 미실현 이익을 확정하고 현금화하여 리스크를 회피하는 것이 합리적입니다.",1,llm_first_response,not_one_share
RN_COMM_ON_20260917_v2,2026-02-27,2,pm,A089,ltb_A089_t001,stb_A089_t002,analysis_A089_t002,decision_A089_t002,,,2026-02-27,2026-02-27,2026-02-27,09:00,2026-02-27,15:29,2026-02-27,pre_close_cutoff,005930,buy,500,"PER 10 배 초반의 저평가 구간과 메모리 반도체 수요 호황이라는 기본적 배경이 존재하나, 외국인 대규모 매도세와 엔비디아 주가 하락 여파로 단기 변동성이 확대된 혼조세입니다. 기술적 지표상 5 일선 지지 확인 시 가치 매수 기회로 판단되나, 추격 매수를 자제하고 현금 비중을 유지하며 제한적으로 물량을 확보합니다.",1,llm_first_response,not_one_share
RN_COMM_ON_20260917_v2,2026-02-27,2,pm,A087,ltb_A087_t001,stb_A087_t002,analysis_A087_t002,decision_A087_t002,,,2026-02-27,2026-02-27,2026-02-27,09:00,2026-02-27,15:29,2026-02-27,pre_close_cutoff,005930,sell,100,"보유 자산이 평균 매수 단가 (210,000 원) 대비 약 3.1% 상승하여 목표 수익률 (10%) 에 근접했으나, 외국인 대규모 매도세 (16 조 원) 와 엔비디아 급락 여파로 인한 단기 조정 압력이 강해지고 있음. 페르소나의 원칙인 '10% 이상 오르면 매도 고려, 20% 오르면 전량 정리'에 따라 현재는 확실한 이익을 확정하고 현금화하는 것이 안전함. 또한 기술적 관점에서 최근 급등 후 과열 구간 진입 우려가 있어 추격 매수를 자제하고 손익 분기점 근처에서 리스크를 회피해야 함.",1,llm_first_response,not_one_share
RN_COMM_ON_20260917_v2,2026-02-27,2,pm,A085,ltb_A085_t001,stb_A085_t002,analysis_A085_t002,decision_A085_t002,,,2026-02-27,2026-02-27,2026-02-27,09:00,2026-02-27,15:29,2026-02-27,pre_close_cutoff,005930,buy,100,"현재 PER 약 10 배 수준은 역사적 저점 구간으로 내재가치 대비 저평가 상태이며, AI 슈퍼사이클과 메모리 수요 급증 등 업황 호조 요인이 존재합니다. 외국인 매도세로 인한 단기 변동성은 있으나, 가치 투자 원칙에 따라 저점에서의 분산 매수를 통해 장기 수익률을 극대화할 기회로 판단됩니다.",1,llm_first_response,not_one_share
RN_COMM_ON_20260917_v2,2026-02-27,2,pm,A093,ltb_A093_t001,stb_A093_t002,analysis_A093_t002,decision_A093_t002,,,2026-02-27,2026-02-27,2026-02-27,09:00,2026-02-27,15:29,2026-02-27,pre_close_cutoff,005930,buy,1824,"현재 주가가 PER 약 10 배 수준으로 내재가치 대비 저평가된 구간이며, AI 슈퍼사이클과 메모리 수요 증가라는 장기 성장 동력이 명확합니다. 기술적 지표보다는 기업의 가치와 이용 가능한 정보를 우선 검토하는 투자 성향에 부합하며, 보유 현금 여력이 충분하여 추가 매수를 통해 포트폴리오를 분산하고 위험을 낮추는 것이 적절하다고 판단됩니다.",1,llm_first_response,not_one_share
RN_COMM_ON_20260917_v2,2026-02-27,2,pm,A091,ltb_A091_t001,stb_A091_t002,analysis_A091_t002,decision_A091_t002,,,2026-02-27,2026-02-27,2026-02-27,09:00,2026-02-27,15:29,2026-02-27,pre_close_cutoff,005930,buy,1600,"PER 10 배 초반의 저평가 상태와 AI 슈퍼사이클 기대감 등 장기적 가치 요인이 존재하나, 외국인 대규모 매도와 엔비디아 급락 여파로 인한 단기 변동성 리스크가 공존함. '복권형' 성향으로 높은 잠재 수익을 노리되, 최근 급등세에 대한 추격 매수 원칙을 준수하여 현재 가격에서 기업 가치를 확인하는 범위 내에서 제한적으로 추가 매수 (보유 수량 대비 약 112% 증가) 를 단행한다.",1,llm_first_response,not_one_share
RN_COMM_ON_20260917_v2,2026-02-27,2,pm,A092,ltb_A092_t001,stb_A092_t002,analysis_A092_t002,decision_A092_t002,,,2026-02-27,2026-02-27,2026-02-27,09:00,2026-02-27,15:29,2026-02-27,pre_close_cutoff,005930,buy,100,"PER 10 배 초반의 저평가 구간과 AI 슈퍼사이클 기대감이라는 가치 투자 근거가 존재하며, 현재 보유 수량 (100 주) 이 적어 포트폴리오 집중도를 높일 필요가 있습니다. 외국인 매도세로 인한 단기 변동성은 있으나, 기술적 지표상 5 일 이동평균선을 상회하고 있어 조정 후 반등 가능성을 열어두고 추가 매수합니다.",1,llm_first_response,not_one_share
RN_COMM_ON_20260917_v2,2026-02-27,2,pm,A094,ltb_A094_t001,stb_A094_t002,analysis_A094_t002,decision_A094_t002,,,2026-02-27,2026-02-27,2026-02-27,09:00,2026-02-27,15:29,2026-02-27,pre_close_cutoff,005930,buy,50,"PER 10 배 초반의 저평가 상태와 AI 슈퍼사이클에 따른 실적 개선 기대감이 내재가치를 뒷받침한다고 판단하여 매수합니다. 다만, 외국인 매도세와 엔비디아 급락 등 외부 변동성 리스크가 존재하므로, 집중 투자 원칙을 유지하되 현금 잔여액을 확보하기 위해 최대 가능 수량의 절반 수준인 50 주로 제한적으로 추가 매수합니다.",1,llm_first_response,not_one_share
RN_COMM_ON_20260917_v2,2026-02-27,2,pm,A090,ltb_A090_t001,stb_A090_t002,analysis_A090_t002,decision_A090_t002,,,2026-02-27,2026-02-27,2026-02-27,09:00,2026-02-27,15:29,2026-02-27,pre_close_cutoff,005930,buy,100,"PER 약 10 배 수준으로 내재가치 대비 저평가 구간이며, AI 슈퍼사이클과 메모리 수요 증가 등 구조적 호재가 존재함. 외국인 매도세로 인한 단기 변동성은 있으나, 기본적 분석에 기반한 장기 투자 관점에서 현재 공시가 (216,500 원) 에 추가 매수하여 평균 단가를 조정하고 포트폴리오 방어력을 강화함.",1,llm_first_response,not_one_share
RN_COMM_ON_20260917_v2,2026-02-27,2,pm,A095,ltb_A095_t001,stb_A095_t002,analysis_A095_t002,decision_A095_t002,,,2026-02-27,2026-02-27,2026-02-27,09:00,2026-02-27,15:29,2026-02-27,pre_close_cutoff,005930,buy,50,"현재 주가는 PER 약 10 배로 저평가 구간이며, AI 슈퍼사이클과 목표주가 상향 등 장기적 성장 동력은 유효함. 페르소나의 성향상 하락 시 추가 매수를 선호하는 '복권형' 접근에 따라, 엔비디아 급락 등 외부 악재로 인한 단기 조정 국면을 기회로 삼아 현금 여력을 활용해 포지션을 확대함.",1,llm_first_response,not_one_share
RN_COMM_ON_20260917_v2,2026-02-27,2,pm,A097,ltb_A097_t001,stb_A097_t002,analysis_A097_t002,decision_A097_t002,,,2026-02-27,2026-02-27,2026-02-27,09:00,2026-02-27,15:29,2026-02-27,pre_close_cutoff,005930,sell,1000,"현재 주가 (216,500 원) 가 평균 매수 단가 (210,000 원) 대비 약 3.1% 상승하여 수익 구간이나, 기본적 분석 관점에서 AI 수요 확대와 메모리 호조 기대감이 이미 선반영되어 적정~약간 고평가 구간으로 판단됩니다. 또한 엔비디아 급락 등 글로벌 변동성 리스크와 외국인 매도세가 지속되는 상황에서, 추격 매수를 피하고 이익을 확정하는 것이 원칙에 부합합니다.",1,llm_first_response,not_one_share
RN_COMM_ON_20260917_v2,2026-02-27,2,pm,A098,ltb_A098_t001,stb_A098_t002,analysis_A098_t002,decision_A098_t002,,,2026-02-27,2026-02-27,2026-02-27,09:00,2026-02-27,15:29,2026-02-27,pre_close_cutoff,005930,buy,50,"PER 10 배 초반의 저평가 상태와 AI 슈퍼사이클에 따른 근본적 성장 동력이 존재하나, 외국인 대규모 매도세로 인한 단기 변동성 확대로 인해 전량 매수보다는 제한적으로 물타기를 진행합니다. 보유 자산이 10% 이상 상승하지 않았으므로 이익 확정 매도는 시기가 아니며, 현재 하락 국면에서도 내재가치 측면에서 매력적인 진입점으로 판단하여 신규 매수를 결정합니다.",1,llm_first_response,not_one_share
RN_COMM_ON_20260917_v2,2026-02-27,2,pm,A099,ltb_A099_t001,stb_A099_t002,analysis_A099_t002,decision_A099_t002,,,2026-02-27,2026-02-27,2026-02-27,09:00,2026-02-27,15:29,2026-02-27,pre_close_cutoff,005930,buy,100,"외국인 대규모 매도와 엔비디아 급락으로 인한 단기 조정 국면에서, 메모리칩 부족과 AI 수요 확대라는 장기 성장 동력은 유효합니다. 현재 주가는 내재가치 대비 일시적인 할인 요인이 작용할 가능성이 있어, 기본적 가치 투자 원칙에 따라 저평가 구간을 노려 제한적으로 추가 매수합니다.",1,llm_first_response,not_one_share
RN_COMM_ON_20260917_v2,2026-02-27,2,pm,A100,ltb_A100_t001,stb_A100_t002,analysis_A100_t002,decision_A100_t002,,,2026-02-27,2026-02-27,2026-02-27,09:00,2026-02-27,15:29,2026-02-27,pre_close_cutoff,005930,sell,119,"현재 보유 수익률이 약 3% 수준으로 10% 매도 임계점에는 도달하지 않았으나, 시장 분석에 따르면 최근 급등세로 인한 과열 우려와 외국인 대규모 매도세 등 단기 변동성 리스크가 높습니다. 페르소나의 원칙인 '보유 자산이 하락 시 즉시 분석하여 물타기 또는 손절매 판단'과 '급등한 국면은 추격 매수를 피한다'는 논리에 따라, 상승 모멘텀이 일시적으로 둔화될 가능성을 대비해 보유 수량의 절반을 일부 실현하여 현금 비중을 늘리고 리스크를 관리하는 것이 적절하다고 판단합니다.",1,llm_first_response,not_one_share
RN_COMM_ON_20260917_v2,2026-02-27,2,pm,A096,ltb_A096_t001,stb_A096_t002,analysis_A096_t002,decision_A096_t002,,,2026-02-27,2026-02-27,2026-02-27,09:00,2026-02-27,15:29,2026-02-27,pre_close_cutoff,005930,sell,238,"현재 보유 자산의 평균 매수 단가(210,000원) 대비 현재가(216,500원) 상승률이 약 3.1%로, 페르소나의 핵심 원칙인 '보유 자산이 10% 넘게 오르면 곧바로 팔아 이익을 확정한다'는 조건은 충족하지 않았으나, 시장 분석에서 '최근 가격이 크게 상승한 국면 (장중 +3.1%) 에 진입했으므로 과열된 구간일 수 있음'이라는 경고와 함께 외국인 대규모 매도세 등 하락 압력이 공존하는 혼조 장세를 고려함. 또한 기술적 분석 관점에서 MA5 이상 지지 여부와 단기 변동성 확대 우려를 감안할 때, 불확실성이 높은 상황에서 수익을 확정하고 현금화하여 다음 하락 국면을 기다리는 것이 합리적임.",1,llm_first_response,not_one_share
