run_id,date,turn,agent_id,post_id,source_ltb_id,source_fill_id,source_decision_id,post_type,title,content
advisor_repeat_offline_e2e_20261002,2026-05-06,92,A001,3151,ltb_A001_t092,fill_A001_t092,decision_A001_t092,impression,오늘 삼성전자 흐름 메모,가격 흐름과 뉴스가 엇갈려 보입니다. 무리하지 않고 수량을 제한해 대응하겠습니다.
advisor_repeat_offline_e2e_20261002,2026-05-06,92,A002,3152,ltb_A002_t092,fill_A002_t092,decision_A002_t092,impression,오늘 삼성전자 흐름 메모,가격 흐름과 뉴스가 엇갈려 보입니다. 무리하지 않고 수량을 제한해 대응하겠습니다.
advisor_repeat_offline_e2e_20261002,2026-05-06,92,A004,3153,ltb_A004_t092,fill_A004_t092,decision_A004_t092,impression,오늘 삼성전자 흐름 메모,가격 흐름과 뉴스가 엇갈려 보입니다. 무리하지 않고 수량을 제한해 대응하겠습니다.
advisor_repeat_offline_e2e_20261002,2026-05-06,92,A006,3154,ltb_A006_t092,fill_A006_t092,decision_A006_t092,impression,오늘 삼성전자 흐름 메모,가격 흐름과 뉴스가 엇갈려 보입니다. 무리하지 않고 수량을 제한해 대응하겠습니다.
advisor_repeat_offline_e2e_20261002,2026-05-06,92,A007,3155,ltb_A007_t092,fill_A007_t092,decision_A007_t092,impression,오늘 삼성전자 흐름 메모,가격 흐름과 뉴스가 엇갈려 보입니다. 무리하지 않고 수량을 제한해 대응하겠습니다.
advisor_repeat_offline_e2e_20261002,2026-05-06,92,A009,3156,ltb_A009_t092,fill_A009_t092,decision_A009_t092,impression,오늘 삼성전자 흐름 메모,가격 흐름과 뉴스가 엇갈려 보입니다. 무리하지 않고 수량을 제한해 대응하겠습니다.
advisor_repeat_offline_e2e_20261002,2026-05-06,92,A012,3157,ltb_A012_t092,fill_A012_t092,decision_A012_t092,impression,오늘 삼성전자 흐름 메모,가격 흐름과 뉴스가 엇갈려 보입니다. 무리하지 않고 수량을 제한해 대응하겠습니다.
advisor_repeat_offline_e2e_20261002,2026-05-06,92,A013,3158,ltb_A013_t092,fill_A013_t092,decision_A013_t092,impression,오늘 삼성전자 흐름 메모,가격 흐름과 뉴스가 엇갈려 보입니다. 무리하지 않고 수량을 제한해 대응하겠습니다.
advisor_repeat_offline_e2e_20261002,2026-05-06,92,A014,3159,ltb_A014_t092,fill_A014_t092,decision_A014_t092,impression,오늘 삼성전자 흐름 메모,가격 흐름과 뉴스가 엇갈려 보입니다. 무리하지 않고 수량을 제한해 대응하겠습니다.
advisor_repeat_offline_e2e_20261002,2026-05-06,92,A015,3160,ltb_A015_t092,fill_A015_t092,decision_A015_t092,impression,오늘 삼성전자 흐름 메모,가격 흐름과 뉴스가 엇갈려 보입니다. 무리하지 않고 수량을 제한해 대응하겠습니다.
advisor_repeat_offline_e2e_20261002,2026-05-06,92,A019,3161,ltb_A019_t092,fill_A019_t092,decision_A019_t092,impression,오늘 삼성전자 흐름 메모,가격 흐름과 뉴스가 엇갈려 보입니다. 무리하지 않고 수량을 제한해 대응하겠습니다.
advisor_repeat_offline_e2e_20261002,2026-05-06,92,A020,3162,ltb_A020_t092,fill_A020_t092,decision_A020_t092,impression,오늘 삼성전자 흐름 메모,가격 흐름과 뉴스가 엇갈려 보입니다. 무리하지 않고 수량을 제한해 대응하겠습니다.
advisor_repeat_offline_e2e_20261002,2026-05-06,92,A022,3163,ltb_A022_t092,fill_A022_t092,decision_A022_t092,impression,오늘 삼성전자 흐름 메모,가격 흐름과 뉴스가 엇갈려 보입니다. 무리하지 않고 수량을 제한해 대응하겠습니다.
advisor_repeat_offline_e2e_20261002,2026-05-06,92,A023,3164,ltb_A023_t092,fill_A023_t092,decision_A023_t092,impression,오늘 삼성전자 흐름 메모,가격 흐름과 뉴스가 엇갈려 보입니다. 무리하지 않고 수량을 제한해 대응하겠습니다.
advisor_repeat_offline_e2e_20261002,2026-05-06,92,A025,3165,ltb_A025_t092,fill_A025_t092,decision_A025_t092,impression,오늘 삼성전자 흐름 메모,가격 흐름과 뉴스가 엇갈려 보입니다. 무리하지 않고 수량을 제한해 대응하겠습니다.
advisor_repeat_offline_e2e_20261002,2026-05-06,92,A026,3166,ltb_A026_t092,fill_A026_t092,decision_A026_t092,impression,오늘 삼성전자 흐름 메모,가격 흐름과 뉴스가 엇갈려 보입니다. 무리하지 않고 수량을 제한해 대응하겠습니다.
advisor_repeat_offline_e2e_20261002,2026-05-06,92,A027,3167,ltb_A027_t092,fill_A027_t092,decision_A027_t092,impression,오늘 삼성전자 흐름 메모,가격 흐름과 뉴스가 엇갈려 보입니다. 무리하지 않고 수량을 제한해 대응하겠습니다.
advisor_repeat_offline_e2e_20261002,2026-05-06,92,A028,3168,ltb_A028_t092,fill_A028_t092,decision_A028_t092,impression,오늘 삼성전자 흐름 메모,가격 흐름과 뉴스가 엇갈려 보입니다. 무리하지 않고 수량을 제한해 대응하겠습니다.
advisor_repeat_offline_e2e_20261002,2026-05-06,92,A029,3169,ltb_A029_t092,fill_A029_t092,decision_A029_t092,impression,오늘 삼성전자 흐름 메모,가격 흐름과 뉴스가 엇갈려 보입니다. 무리하지 않고 수량을 제한해 대응하겠습니다.
advisor_repeat_offline_e2e_20261002,2026-05-06,92,A031,3170,ltb_A031_t092,fill_A031_t092,decision_A031_t092,impression,오늘 삼성전자 흐름 메모,가격 흐름과 뉴스가 엇갈려 보입니다. 무리하지 않고 수량을 제한해 대응하겠습니다.
advisor_repeat_offline_e2e_20261002,2026-05-06,92,A034,3171,ltb_A034_t092,fill_A034_t092,decision_A034_t092,impression,오늘 삼성전자 흐름 메모,가격 흐름과 뉴스가 엇갈려 보입니다. 무리하지 않고 수량을 제한해 대응하겠습니다.
advisor_repeat_offline_e2e_20261002,2026-05-06,92,A035,3172,ltb_A035_t092,fill_A035_t092,decision_A035_t092,impression,오늘 삼성전자 흐름 메모,가격 흐름과 뉴스가 엇갈려 보입니다. 무리하지 않고 수량을 제한해 대응하겠습니다.
advisor_repeat_offline_e2e_20261002,2026-05-06,92,A036,3173,ltb_A036_t092,fill_A036_t092,decision_A036_t092,impression,오늘 삼성전자 흐름 메모,가격 흐름과 뉴스가 엇갈려 보입니다. 무리하지 않고 수량을 제한해 대응하겠습니다.
advisor_repeat_offline_e2e_20261002,2026-05-06,92,A037,3174,ltb_A037_t092,fill_A037_t092,decision_A037_t092,impression,오늘 삼성전자 흐름 메모,가격 흐름과 뉴스가 엇갈려 보입니다. 무리하지 않고 수량을 제한해 대응하겠습니다.
advisor_repeat_offline_e2e_20261002,2026-05-06,92,A038,3175,ltb_A038_t092,fill_A038_t092,decision_A038_t092,impression,오늘 삼성전자 흐름 메모,가격 흐름과 뉴스가 엇갈려 보입니다. 무리하지 않고 수량을 제한해 대응하겠습니다.
advisor_repeat_offline_e2e_20261002,2026-05-06,92,A040,3176,ltb_A040_t092,fill_A040_t092,decision_A040_t092,impression,오늘 삼성전자 흐름 메모,가격 흐름과 뉴스가 엇갈려 보입니다. 무리하지 않고 수량을 제한해 대응하겠습니다.
advisor_repeat_offline_e2e_20261002,2026-05-06,92,A041,3177,ltb_A041_t092,fill_A041_t092,decision_A041_t092,impression,오늘 삼성전자 흐름 메모,가격 흐름과 뉴스가 엇갈려 보입니다. 무리하지 않고 수량을 제한해 대응하겠습니다.
advisor_repeat_offline_e2e_20261002,2026-05-06,92,A042,3178,ltb_A042_t092,fill_A042_t092,decision_A042_t092,impression,오늘 삼성전자 흐름 메모,가격 흐름과 뉴스가 엇갈려 보입니다. 무리하지 않고 수량을 제한해 대응하겠습니다.
advisor_repeat_offline_e2e_20261002,2026-05-06,92,A044,3179,ltb_A044_t092,fill_A044_t092,decision_A044_t092,impression,오늘 삼성전자 흐름 메모,가격 흐름과 뉴스가 엇갈려 보입니다. 무리하지 않고 수량을 제한해 대응하겠습니다.
advisor_repeat_offline_e2e_20261002,2026-05-06,92,A045,3180,ltb_A045_t092,fill_A045_t092,decision_A045_t092,impression,오늘 삼성전자 흐름 메모,가격 흐름과 뉴스가 엇갈려 보입니다. 무리하지 않고 수량을 제한해 대응하겠습니다.
advisor_repeat_offline_e2e_20261002,2026-05-06,92,A046,3181,ltb_A046_t092,fill_A046_t092,decision_A046_t092,impression,오늘 삼성전자 흐름 메모,가격 흐름과 뉴스가 엇갈려 보입니다. 무리하지 않고 수량을 제한해 대응하겠습니다.
advisor_repeat_offline_e2e_20261002,2026-05-06,92,A047,3182,ltb_A047_t092,fill_A047_t092,decision_A047_t092,impression,오늘 삼성전자 흐름 메모,가격 흐름과 뉴스가 엇갈려 보입니다. 무리하지 않고 수량을 제한해 대응하겠습니다.
advisor_repeat_offline_e2e_20261002,2026-05-06,92,A050,3183,ltb_A050_t092,fill_A050_t092,decision_A050_t092,impression,오늘 삼성전자 흐름 메모,가격 흐름과 뉴스가 엇갈려 보입니다. 무리하지 않고 수량을 제한해 대응하겠습니다.
advisor_repeat_offline_e2e_20261002,2026-05-06,92,A051,3184,ltb_A051_t092,fill_A051_t092,decision_A051_t092,impression,오늘 삼성전자 흐름 메모,가격 흐름과 뉴스가 엇갈려 보입니다. 무리하지 않고 수량을 제한해 대응하겠습니다.
advisor_repeat_offline_e2e_20261002,2026-05-06,92,A053,3185,ltb_A053_t092,fill_A053_t092,decision_A053_t092,impression,오늘 삼성전자 흐름 메모,가격 흐름과 뉴스가 엇갈려 보입니다. 무리하지 않고 수량을 제한해 대응하겠습니다.
advisor_repeat_offline_e2e_20261002,2026-05-06,92,A054,3186,ltb_A054_t092,fill_A054_t092,decision_A054_t092,impression,오늘 삼성전자 흐름 메모,가격 흐름과 뉴스가 엇갈려 보입니다. 무리하지 않고 수량을 제한해 대응하겠습니다.
advisor_repeat_offline_e2e_20261002,2026-05-06,92,A055,3187,ltb_A055_t092,fill_A055_t092,decision_A055_t092,impression,오늘 삼성전자 흐름 메모,가격 흐름과 뉴스가 엇갈려 보입니다. 무리하지 않고 수량을 제한해 대응하겠습니다.
advisor_repeat_offline_e2e_20261002,2026-05-06,92,A056,3188,ltb_A056_t092,fill_A056_t092,decision_A056_t092,impression,오늘 삼성전자 흐름 메모,가격 흐름과 뉴스가 엇갈려 보입니다. 무리하지 않고 수량을 제한해 대응하겠습니다.
advisor_repeat_offline_e2e_20261002,2026-05-06,92,A058,3189,ltb_A058_t092,fill_A058_t092,decision_A058_t092,impression,오늘 삼성전자 흐름 메모,가격 흐름과 뉴스가 엇갈려 보입니다. 무리하지 않고 수량을 제한해 대응하겠습니다.
advisor_repeat_offline_e2e_20261002,2026-05-06,92,A059,3190,ltb_A059_t092,fill_A059_t092,decision_A059_t092,impression,오늘 삼성전자 흐름 메모,가격 흐름과 뉴스가 엇갈려 보입니다. 무리하지 않고 수량을 제한해 대응하겠습니다.
advisor_repeat_offline_e2e_20261002,2026-05-06,92,A061,3191,ltb_A061_t092,fill_A061_t092,decision_A061_t092,impression,오늘 삼성전자 흐름 메모,가격 흐름과 뉴스가 엇갈려 보입니다. 무리하지 않고 수량을 제한해 대응하겠습니다.
advisor_repeat_offline_e2e_20261002,2026-05-06,92,A063,3192,ltb_A063_t092,fill_A063_t092,decision_A063_t092,impression,오늘 삼성전자 흐름 메모,가격 흐름과 뉴스가 엇갈려 보입니다. 무리하지 않고 수량을 제한해 대응하겠습니다.
advisor_repeat_offline_e2e_20261002,2026-05-06,92,A064,3193,ltb_A064_t092,fill_A064_t092,decision_A064_t092,impression,오늘 삼성전자 흐름 메모,가격 흐름과 뉴스가 엇갈려 보입니다. 무리하지 않고 수량을 제한해 대응하겠습니다.
advisor_repeat_offline_e2e_20261002,2026-05-06,92,A065,3194,ltb_A065_t092,fill_A065_t092,decision_A065_t092,impression,오늘 삼성전자 흐름 메모,가격 흐름과 뉴스가 엇갈려 보입니다. 무리하지 않고 수량을 제한해 대응하겠습니다.
advisor_repeat_offline_e2e_20261002,2026-05-06,92,A066,3195,ltb_A066_t092,fill_A066_t092,decision_A066_t092,impression,오늘 삼성전자 흐름 메모,가격 흐름과 뉴스가 엇갈려 보입니다. 무리하지 않고 수량을 제한해 대응하겠습니다.
advisor_repeat_offline_e2e_20261002,2026-05-06,92,A069,3196,ltb_A069_t092,fill_A069_t092,decision_A069_t092,impression,오늘 삼성전자 흐름 메모,가격 흐름과 뉴스가 엇갈려 보입니다. 무리하지 않고 수량을 제한해 대응하겠습니다.
advisor_repeat_offline_e2e_20261002,2026-05-06,92,A070,3197,ltb_A070_t092,fill_A070_t092,decision_A070_t092,impression,오늘 삼성전자 흐름 메모,가격 흐름과 뉴스가 엇갈려 보입니다. 무리하지 않고 수량을 제한해 대응하겠습니다.
advisor_repeat_offline_e2e_20261002,2026-05-06,92,A071,3198,ltb_A071_t092,fill_A071_t092,decision_A071_t092,impression,오늘 삼성전자 흐름 메모,가격 흐름과 뉴스가 엇갈려 보입니다. 무리하지 않고 수량을 제한해 대응하겠습니다.
advisor_repeat_offline_e2e_20261002,2026-05-06,92,A073,3199,ltb_A073_t092,fill_A073_t092,decision_A073_t092,impression,오늘 삼성전자 흐름 메모,가격 흐름과 뉴스가 엇갈려 보입니다. 무리하지 않고 수량을 제한해 대응하겠습니다.
advisor_repeat_offline_e2e_20261002,2026-05-06,92,A075,3200,ltb_A075_t092,fill_A075_t092,decision_A075_t092,impression,오늘 삼성전자 흐름 메모,가격 흐름과 뉴스가 엇갈려 보입니다. 무리하지 않고 수량을 제한해 대응하겠습니다.
advisor_repeat_offline_e2e_20261002,2026-05-06,92,A076,3201,ltb_A076_t092,fill_A076_t092,decision_A076_t092,impression,오늘 삼성전자 흐름 메모,가격 흐름과 뉴스가 엇갈려 보입니다. 무리하지 않고 수량을 제한해 대응하겠습니다.
advisor_repeat_offline_e2e_20261002,2026-05-06,92,A077,3202,ltb_A077_t092,fill_A077_t092,decision_A077_t092,impression,오늘 삼성전자 흐름 메모,가격 흐름과 뉴스가 엇갈려 보입니다. 무리하지 않고 수량을 제한해 대응하겠습니다.
advisor_repeat_offline_e2e_20261002,2026-05-06,92,A079,3203,ltb_A079_t092,fill_A079_t092,decision_A079_t092,impression,오늘 삼성전자 흐름 메모,가격 흐름과 뉴스가 엇갈려 보입니다. 무리하지 않고 수량을 제한해 대응하겠습니다.
advisor_repeat_offline_e2e_20261002,2026-05-06,92,A080,3204,ltb_A080_t092,fill_A080_t092,decision_A080_t092,impression,오늘 삼성전자 흐름 메모,가격 흐름과 뉴스가 엇갈려 보입니다. 무리하지 않고 수량을 제한해 대응하겠습니다.
advisor_repeat_offline_e2e_20261002,2026-05-06,92,A083,3205,ltb_A083_t092,fill_A083_t092,decision_A083_t092,impression,오늘 삼성전자 흐름 메모,가격 흐름과 뉴스가 엇갈려 보입니다. 무리하지 않고 수량을 제한해 대응하겠습니다.
advisor_repeat_offline_e2e_20261002,2026-05-06,92,A084,3206,ltb_A084_t092,fill_A084_t092,decision_A084_t092,impression,오늘 삼성전자 흐름 메모,가격 흐름과 뉴스가 엇갈려 보입니다. 무리하지 않고 수량을 제한해 대응하겠습니다.
advisor_repeat_offline_e2e_20261002,2026-05-06,92,A085,3207,ltb_A085_t092,fill_A085_t092,decision_A085_t092,impression,오늘 삼성전자 흐름 메모,가격 흐름과 뉴스가 엇갈려 보입니다. 무리하지 않고 수량을 제한해 대응하겠습니다.
advisor_repeat_offline_e2e_20261002,2026-05-06,92,A086,3208,ltb_A086_t092,fill_A086_t092,decision_A086_t092,impression,오늘 삼성전자 흐름 메모,가격 흐름과 뉴스가 엇갈려 보입니다. 무리하지 않고 수량을 제한해 대응하겠습니다.
advisor_repeat_offline_e2e_20261002,2026-05-06,92,A087,3209,ltb_A087_t092,fill_A087_t092,decision_A087_t092,impression,오늘 삼성전자 흐름 메모,가격 흐름과 뉴스가 엇갈려 보입니다. 무리하지 않고 수량을 제한해 대응하겠습니다.
advisor_repeat_offline_e2e_20261002,2026-05-06,92,A089,3210,ltb_A089_t092,fill_A089_t092,decision_A089_t092,impression,오늘 삼성전자 흐름 메모,가격 흐름과 뉴스가 엇갈려 보입니다. 무리하지 않고 수량을 제한해 대응하겠습니다.
advisor_repeat_offline_e2e_20261002,2026-05-06,92,A090,3211,ltb_A090_t092,fill_A090_t092,decision_A090_t092,impression,오늘 삼성전자 흐름 메모,가격 흐름과 뉴스가 엇갈려 보입니다. 무리하지 않고 수량을 제한해 대응하겠습니다.
advisor_repeat_offline_e2e_20261002,2026-05-06,92,A091,3212,ltb_A091_t092,fill_A091_t092,decision_A091_t092,impression,오늘 삼성전자 흐름 메모,가격 흐름과 뉴스가 엇갈려 보입니다. 무리하지 않고 수량을 제한해 대응하겠습니다.
advisor_repeat_offline_e2e_20261002,2026-05-06,92,A092,3213,ltb_A092_t092,fill_A092_t092,decision_A092_t092,impression,오늘 삼성전자 흐름 메모,가격 흐름과 뉴스가 엇갈려 보입니다. 무리하지 않고 수량을 제한해 대응하겠습니다.
advisor_repeat_offline_e2e_20261002,2026-05-06,92,A093,3214,ltb_A093_t092,fill_A093_t092,decision_A093_t092,impression,오늘 삼성전자 흐름 메모,가격 흐름과 뉴스가 엇갈려 보입니다. 무리하지 않고 수량을 제한해 대응하겠습니다.
advisor_repeat_offline_e2e_20261002,2026-05-06,92,A094,3215,ltb_A094_t092,fill_A094_t092,decision_A094_t092,impression,오늘 삼성전자 흐름 메모,가격 흐름과 뉴스가 엇갈려 보입니다. 무리하지 않고 수량을 제한해 대응하겠습니다.
advisor_repeat_offline_e2e_20261002,2026-05-06,92,A095,3216,ltb_A095_t092,fill_A095_t092,decision_A095_t092,impression,오늘 삼성전자 흐름 메모,가격 흐름과 뉴스가 엇갈려 보입니다. 무리하지 않고 수량을 제한해 대응하겠습니다.
advisor_repeat_offline_e2e_20261002,2026-05-06,92,A096,3217,ltb_A096_t092,fill_A096_t092,decision_A096_t092,impression,오늘 삼성전자 흐름 메모,가격 흐름과 뉴스가 엇갈려 보입니다. 무리하지 않고 수량을 제한해 대응하겠습니다.
advisor_repeat_offline_e2e_20261002,2026-05-06,92,A097,3218,ltb_A097_t092,fill_A097_t092,decision_A097_t092,impression,오늘 삼성전자 흐름 메모,가격 흐름과 뉴스가 엇갈려 보입니다. 무리하지 않고 수량을 제한해 대응하겠습니다.
advisor_repeat_offline_e2e_20261002,2026-05-06,92,A098,3219,ltb_A098_t092,fill_A098_t092,decision_A098_t092,impression,오늘 삼성전자 흐름 메모,가격 흐름과 뉴스가 엇갈려 보입니다. 무리하지 않고 수량을 제한해 대응하겠습니다.
advisor_repeat_offline_e2e_20261002,2026-05-06,92,A100,3220,ltb_A100_t092,fill_A100_t092,decision_A100_t092,impression,오늘 삼성전자 흐름 메모,가격 흐름과 뉴스가 엇갈려 보입니다. 무리하지 않고 수량을 제한해 대응하겠습니다.
