agent_id,turn,state_id,total_value,cash,stb_id,stb_sha256,decision_id,decision_sha256,fill_id,fill_sha256,ltb_id,ltb_sha256
A001,177,ps_A001_t177,107270000.0,101560000.0,stb_A001_t177,2ec641a75e3ab6c787defc587c6d3f23367d5bbd0ba8066e69a39ddaaa9bd3a6,decision_A001_t177,b250440ce7038cd5f245fa8839ac95333726b915afe323ddb25098ad213df96b,fill_A001_t177,848602ae5fd1d40399bf10d3ecbd930ac1ebfc66597ed7b7072db3a985a5167f,ltb_A001_t177,b1822840a9b2349c3edf97d068d9579fd84b94d621f679aa8d65bdb6783c4f56
A002,177,ps_A002_t177,120369000.0,120369000.0,stb_A002_t177,88a0d302886d8f4b013019d800aaef46f4d2d985b3f7b9e5d52f05bfb2b53e59,decision_A002_t177,ea8a4e8263bff4b615d4f7be190bcf0680e60cbd39e8217e13d1cfe82a7f321f,fill_A002_t177,7fdef07ce999fdd88401986223274b5359b824f37eb98b5bbf9f27859a15647c,ltb_A002_t177,25b2bbde87ed237f315adcd94c40f1aa4a78e56c62b13b8492a297e0cf7beb39
A003,177,ps_A003_t177,111774500.0,108919500.0,stb_A003_t177,c1f571ab726cd557dc9615af8254556f566b90a02d451e0f7099055b604796d1,decision_A003_t177,bff4a9b013b6a4a00731c5b1fc0fbc33c323bdf1bd88c93bfa03249e37ddb34f,fill_A003_t177,cbf71c6662cc9cd3014c92242f26d99a384cf9b012e0e213737f5a2f39e4d5ce,ltb_A003_t177,555193e659517f825ce50121063abc33f0e72b1e8a1cef95061fdb367a619d02
A004,177,ps_A004_t177,129872200.0,36513700.0,stb_A004_t177,0b6362dd3f3f33f017ae004c25f1e40ea573f70887ae232b8fc60a20507d5e6c,decision_A004_t177,16bfa82678f1433b4b0dd94f946b8a19ef5ab63462d62ec0f786de11d6d5ec5f,fill_A004_t177,eeca82efca859b3aaf1c0496d1a23a68ce6f709d7bbe14bc459ef89a817e80c5,ltb_A004_t177,84ce82952f0d3bfb27a21be0aae97ba47e21dd47711869d05cb0f1f2027bc477
A005,177,ps_A005_t177,117975000.0,117975000.0,stb_A005_t177,ee7d901cd6680401de1b51de6b55769b904b8f0823508a6d70946f01723ff4c0,decision_A005_t177,4658e5872163da707be1a419cbb1321dae8175c1cf3043e7be5dff922ce76634,fill_A005_t177,ee0010ebf0f92b39c3fbdc28f87dde0ee8d0edaf2df31836501d0ac3d082acff,ltb_A005_t177,2e18110c6e36114695bea7ab9b3383b2cdc3fee31adcd9295e4904265c9eed72
A006,177,ps_A006_t177,118589600.0,118589600.0,stb_A006_t177,a0cd3f222e43bbb76d401c0c9719a8074594f4c470ac3a5cfd35dca3a1c5e51c,decision_A006_t177,992a6bbd18f4c2d0c70f609783cc25e0bdeb376cb8d75aff3cdbaf10367215bb,fill_A006_t177,5f6ae7c4b9a38eea63eea3436aeb1449bb369d8171b0ea09c53f60734a643e67,ltb_A006_t177,06c3cd9f44a821525945a1d798de87d4cf592dd69e16c3a5b3a2f75acad0d45a
A007,177,ps_A007_t177,114607600.0,114607600.0,stb_A007_t177,dc4d46beaa0f872ad317f6bcad51953b8f8dff6629167e7df4ca78b366dcc967,decision_A007_t177,0d24444662849eb33a03a190581877058ece42428e426db0ea5bbfb8d2047c63,fill_A007_t177,89e14ae0c338c96e883745263304bb0655454d03d93b7ce81746004b353fb7c4,ltb_A007_t177,48e2ce2426c2732b43112c37a2ddf3a2b2840038cca1d641587f1720c9e66938
A008,177,ps_A008_t177,1474544300.0,331687800.0,stb_A008_t177,9d4179bf27a04bd30140a90d185814ecdfb88b13b5646017975d1193de867615,decision_A008_t177,bd4d393d87b1a696d3d5912f7caf9744d3f92f66c18611647de1b4a4536187b0,fill_A008_t177,f7c265e4c6b5c4139601e360e512ca56b02056e432ed30a0459eb61120142808,ltb_A008_t177,63627b560cb1f3eba65b63c53741c9803526cc1f0a346308f0b791b254b2c150
A009,177,ps_A009_t177,112462000.0,112462000.0,stb_A009_t177,77fcf911fce8139c1c0f12e8b4de1d232029e77742269193994eac9ad8cb231e,decision_A009_t177,3b1594513eef489e8ca1ca4eb577f5773b083b25f9ac3d60986a44cf88af0f14,fill_A009_t177,b7a781c1a58514132cd7818a60779b323f3d16f74367af60da5f770258cae053,ltb_A009_t177,b197467011466223ee320930e3fd44ac94449ff46c4de2286eebd23fd926527b
A010,177,ps_A010_t177,104518900.0,104518900.0,stb_A010_t177,fe5738c573101ab4a49218f44d7f0b54667dece58ad9a149ad2a8c9d5af1fb86,decision_A010_t177,254e2caf3688431ba389e2496899d1f2c37906e92a22086e0a3f687b48e83ac3,fill_A010_t177,1901409677364f270dd05a12f96d35c37c0ec139a562af2061fa5f0fd20870b5,ltb_A010_t177,3ef68ba2903e7f3cb41a03f7c8332921d1a74373efc628cbe74a018a42ea7f3d
A011,177,ps_A011_t177,100653600.0,100653600.0,stb_A011_t177,aac77e5d827a1d7902e496d52586a90a674f1d60d6b8ceb45a09e8f92f836e7b,decision_A011_t177,7bc303b46efb4802880148bb7a3a207effa4ee45a26c3ee7e3c191d264866bca,fill_A011_t177,9179f8f2c2ac0fa8533e983dfa01ce371bfa9e529b0996821bb0fa45305299d1,ltb_A011_t177,5da005e21581335b3f16d71e0c843e94f4f5aa40c5943a1278683b3afcc4355f
A012,177,ps_A012_t177,133553200.0,130698200.0,stb_A012_t177,38506c18df1023bac956c0465742eea5482f3ec740d772b358d77827be1a36dc,decision_A012_t177,d95cbb2752dce168d5ec440db89ff74fe0de0e485836c9aa350e8b35afdb1e17,fill_A012_t177,ba1e2c9bfd29b01e0cf2653cc782695dff44ed9ecb233e58dd9af8eec3bf55aa,ltb_A012_t177,fa36178a3d4947f4bd0e331d345793a666a5de6e7158e2e6e5bd71ee78e82d77
A013,177,ps_A013_t177,101228600.0,98373600.0,stb_A013_t177,c42474402b31fbcdb4b9a37ebf4d7015706a8af25126c44c328295445938b72b,decision_A013_t177,55237a0f9c397e8015119f3c3416d89338bff4d069df048a1d4305751bbd719c,fill_A013_t177,506d1af7dfd090b209026ed272a0e4b7e08360f971a8043459194cffef9bb951,ltb_A013_t177,aca8e96729e4ffae8486a1030103cd77d605328f31458e802abbd80625d5331b
A014,177,ps_A014_t177,110510800.0,110510800.0,stb_A014_t177,711f647cd593aa109da806392b2e3bea5eb3db3e9287d7b71e88a106f9e17d7b,decision_A014_t177,d3141947f67302c1ce406f6be3512ebf39d1250c40c55d23f2b7afdaaa67d0b9,fill_A014_t177,33f0eb2ba53ef587df057676a451cf4001674f0d22d8188cd9a699826fe67afb,ltb_A014_t177,3bb4c12537ae7d6d26cc035fe833bcbb0fa617402921f36a0c7aec6191186291
A015,177,ps_A015_t177,122220700.0,93670700.0,stb_A015_t177,d8395f4367b2daf9d9d0f634ef7ba4bf733aaa9bf89e615530c0454ad50b5592,decision_A015_t177,23a839e2ef487e068aa3b56ff9ce7655d3227e950026e03cbf1ed935b5297266,fill_A015_t177,b013aaf66b74ac88c433d5fe72355d69c42b431a74bcefd81cd19e11258d0296,ltb_A015_t177,27af6b0e5a82517d9fc98e67d3776fc8c5a9804cf10b49692ad0aa461c71ecaf
A016,177,ps_A016_t177,93065800.0,78790800.0,stb_A016_t177,bc374ce1f3b404f2421288411534c05a56e5faa12f01bcc6750209f43ff26460,decision_A016_t177,74a6d75d1da70b865950210f7e8d65a73143b2ad1c66968ca313cd414d639437,fill_A016_t177,d5f65dd92c4ede659084ca69dce5fad4cf9aa2075ec84c8320c3e4564d30c19c,ltb_A016_t177,3ca544dea0e04bf3f370f5ead2d143defadfeed6667ee993adbb2edf7f2af742
A017,177,ps_A017_t177,99940700.0,97085700.0,stb_A017_t177,8fadaf0022e3cacfc3dfce738c3a15c81e989a825988b40c3dddab3b4ca9b34d,decision_A017_t177,64d74a4e983a30a779416115e3392ea4ea07c37245f652e223308fa57eeefe20,fill_A017_t177,72eeb79255bd6fa8d44b60e4a20a583c47ac54123dda360a5dfc44a01cb8e34a,ltb_A017_t177,171262b7ce114081d2d21a4ef7d3c0098c189dfb47f2bb2ebebbf793e67d8cde
A018,177,ps_A018_t177,89047100.0,35944100.0,stb_A018_t177,7987d342d573fbbf64613c062aedf82be7df30ad0619b8ad69ffa2b730242a24,decision_A018_t177,ea1b13548838801b893f7847400975e31e8102e492c32fc8507fea81cc81a994,fill_A018_t177,6614c08940ae84922d43a0274815706cf1842c3997dd3467964127a68e375e37,ltb_A018_t177,e1422d60a4eefc862b8ba5c0664b98bc4d697b15fcf2531834b6676372d47c10
A019,177,ps_A019_t177,100328900.0,100043400.0,stb_A019_t177,d32488dcfab4c9dc179d939d034ca38de9ca14542f8d4cdadf5723f0902204eb,decision_A019_t177,ce956395ece3d2eb89c096b82545c3221385e9acf46a14a9946518ef734687bf,fill_A019_t177,45ef36146446ff701dff82b8b5095130cbe85c863c8c505254bdb5a4bcdf9c6f,ltb_A019_t177,3555ce32b95ca0ba10e28074b61a9ea8498c31648da44dc81a5d48cad9a0abb5
A020,177,ps_A020_t177,106156400.0,106156400.0,stb_A020_t177,bc50023b9027447acd511c72eece78e62afc3ba91af8880429e635bdc8aefba5,decision_A020_t177,f6140d45b270a9f82983640b023dce77a19adf890602437c799b2667020cacf0,fill_A020_t177,75d0f3d4a913c8a627ca7c5a6c81739f13209d50c89991c8b3d8a7f796988b42,ltb_A020_t177,638508e321702b403b346ced0936e0a726ed6e6db5dcdfa9c45e6aace9d79a07
A021,177,ps_A021_t177,120296400.0,114586400.0,stb_A021_t177,91812d70f11112ce7b4522e927ed345c43c8ce37b0193a8804728ee3ee6fac50,decision_A021_t177,f5bb28ab1ddf9d5d50a5690975b1a406c9a9dfea6bdbf996c3ae6f8828b00d73,fill_A021_t177,887bdf50337234f5cc2313bee7d8a024b3b60325d18fd4de297248f85b62c84d,ltb_A021_t177,945663289c0a817276aeb1af5a4b7cdbac4b57cf35fce7f6416cc3cc9a71527b
A022,177,ps_A022_t177,109223000.0,101514500.0,stb_A022_t177,25cf18efbc9441239e663e0227960724d704827fbf824ee2b97f1f7c64164f2d,decision_A022_t177,4ef526b8125ee90ddfb72b6bc663fceab6b68ec9a803a17860016df67953d8dd,fill_A022_t177,c29c2dc9325339acdce6cad440617d2b419b8bbe57d57a0f0b96778e4f05931b,ltb_A022_t177,7d6151386845cd4041b00b3e395ab0c0c577b343707ffc7f45492c15de0e1005
A023,177,ps_A023_t177,109845800.0,66735300.0,stb_A023_t177,c6aaacdf0faaf9dc1ef6153b7de22b517b8ee0e7094b10932152df430d6430f0,decision_A023_t177,85de0201c6e0486f1dd768256c2f61edee064455ea10e36c86a1936aca70ac33,fill_A023_t177,7869bacd124831646ce5f5a56e86e79d50993d066277ac12f4b6ae1b0b6bf524,ltb_A023_t177,db2ea68f6825ea7908a43a3ea7b7ec764a072c17b7b961a03386f1cf85192cd2
A024,177,ps_A024_t177,122409700.0,93859700.0,stb_A024_t177,6179768c36d417e6f3f6692506e63b19b49f4462cd39a6b393322401fab4818f,decision_A024_t177,d95b327f37b2e90d55d64465e3b35f6f5f704352b03b7d9722fc199f267b6cc3,fill_A024_t177,4fe4817f70c2c4b14106e4aacbcb4665f52f4a988461c6a46e469a51e96cb680,ltb_A024_t177,48fab8a38f5651d4d15200ccccf8d476cb7a325790f1bfebf1e142a211ee7825
A025,177,ps_A025_t177,1183423300.0,1183423300.0,stb_A025_t177,563aa60ca67569d45b4ac589cc57863522a378b2ed7022602f87d048bd39b8bc,decision_A025_t177,71864ae0e0642773fc22cca607d4228cd94c95b508d672760015389285719b97,fill_A025_t177,799a67879f19e39cb0e77d10024ad39ef6a4064565b4228c2a9f5890995f5d27,ltb_A025_t177,6986d04c4b4c4925ae612a930a2617123eb43d89a251740275dca1807ec419c6
A026,177,ps_A026_t177,108444200.0,108444200.0,stb_A026_t177,300b272ca90d119c6386a28957cc3b3d1757252a78a36f713344df563755f6b4,decision_A026_t177,097b5202bb2d4b9733ab767c7bc56af806010ab4aff33b26438619152806ff1e,fill_A026_t177,d7b809ba41871d5034a3c1e1917e348b75da9c33dfb4edac70b90d7813d57342,ltb_A026_t177,a5cb37b8763292b1df62fda741591f9bcc7f7c5bd894f83eab0171f318ea7a5d
A027,177,ps_A027_t177,120605000.0,110612500.0,stb_A027_t177,ad27e1df0be7bf78010cb768faaa9aa9de4c0ed8979c3b53e851bc2bf7cbc118,decision_A027_t177,0fb7047ef549116f63b1f41807f00719ffd0c0a89bc406f55b48dcc672b838a3,fill_A027_t177,ec2fe79452e79d47b4b3b28e2b1795644eca711a6b40f5019457cdd8f63f6fd2,ltb_A027_t177,355f89b615bbf4f00aa605422b2e23f632994a1fee1be4fdeee109ceb2a18a9c
A028,177,ps_A028_t177,115581800.0,115296300.0,stb_A028_t177,00893109e726cb92894d825308a8d92191b098c4096063f483a07ebc013cddfd,decision_A028_t177,5b46ef22373ae0ba39acd389973cac08cd67f107f40f48a2d4785f7b940f9e3e,fill_A028_t177,e86a87e3f87d35a21850101aca02a8a5c97b2fb2445e584e8f5358bd18671a20,ltb_A028_t177,e29e6daaf6c65fd5a8a094657a425addf8ea0ea457e189b648556427238bf594
A029,177,ps_A029_t177,131257600.0,74157600.0,stb_A029_t177,63e3db048a90400697c638b6887ba27878ed5870293ceb88a5f992289161e399,decision_A029_t177,e9a60d1c69bef42145669899f73967d9cf21aaae546ea59946d1bc5b61b59480,fill_A029_t177,0506cc7e1ae679f057b57ad6d9f82ffbcdb3422b0cbacb2888b758c5d143894a,ltb_A029_t177,6a96aa97de6cd7738ee266668bff16399c2e942f05377a302eef0591bd569e64
A030,177,ps_A030_t177,104254900.0,104254900.0,stb_A030_t177,29703e26ac8a0a07b1f6da4be1bb245c8ae4696588d91f492baec39dc958721b,decision_A030_t177,907bd01c0637f1582579645ce16eabdde512e00fdd46692f0973c69e99307620,fill_A030_t177,041b751dcfb53edcb74819f21fee75a2f8c014b8707f3487f4f09ed867c799f9,ltb_A030_t177,a3796595cdc8680f9418fde4795a5a687108c1d6b698ffd3c36fe048102d0938
A031,177,ps_A031_t177,122383100.0,93833100.0,stb_A031_t177,914ff460ed95bb0d98e5ec3c50a46381b7c142604bf4e16b72f3aa0b89f8d7f7,decision_A031_t177,b99f125b467c95cf606fd56746e5c7a6b57f9b8777133208d0364f9c49b85ae5,fill_A031_t177,76acd87a00e3b2f469bc357fc07d1d4965b75311bc069652e8c66c915674421e,ltb_A031_t177,eb05092dfe2bda093037a67991406298b9e92e7ea7a03a88dee4bdaddc27ab5d
A032,177,ps_A032_t177,98333000.0,95478000.0,stb_A032_t177,ff626d327eab048431488468b226e0533cd5ae7a8cf142a4cd470ba21f6bdd0a,decision_A032_t177,ff6403ae0ee3f940bb2417da9ae01392fe008bd38d503e16afcb2dae9696a5cb,fill_A032_t177,d6fa04a3516d95b8c9fe58458888ad44889632bf4d27f7b0f756be3fa50a498a,ltb_A032_t177,0428d433963f62074c4145339017a0f5a0d2c9aacd8b1c3976ee7fcfb1d582bc
A033,177,ps_A033_t177,108001700.0,108001700.0,stb_A033_t177,4daf41ad30680fba01dfdae45ef8d53059125e1d9629950361e1021075472c85,decision_A033_t177,1697005dcf3231fa8503fac1b7a62b51dc75020908a38abb5b6f2ebdaa4a243f,fill_A033_t177,ef5bdc39577026d22af7a67e11ab94cf4fcbf7c347daf355ee7d1bc41b2a9c04,ltb_A033_t177,cc65348ccb526fae335d0411d15fb4d86444439d77ba1bb752f53c7f9573858d
A034,177,ps_A034_t177,130000400.0,47205400.0,stb_A034_t177,ecd8010fad2e03e06215adbd11ae674a6ec55147572b1ca4dccfc5c817ef22e6,decision_A034_t177,879372ab77cb12ccf41370cdf5858990f2c15d33b1aab7127cdfda02f848a896,fill_A034_t177,fd2aa836b4da3f40c677655a8a0a3e3e5b591ebe5b808c50415dc3845fd58797,ltb_A034_t177,fb91e1c5d0de91e09d73c60a085439fcfc19086b243684cb20806b053b5e571c
A035,177,ps_A035_t177,142140500.0,18804500.0,stb_A035_t177,9b7a6ad281867eb48a86509f90c9bd7bb370684498c0fd766af2e496fbdff1b6,decision_A035_t177,029ce4322039f2e579bb2087fa8e3244f9fdcbc1454a52ff2705cf278248fc59,fill_A035_t177,01e873b7ffa0a2f301bb913fceb6714249d4d450d2d29f5ff3f0588a0666eefd,ltb_A035_t177,11bbd7a93a1e573d37a2f4de59d9f94c9f2ce2307e35ca44baa78468314f2070
A036,177,ps_A036_t177,118982400.0,116127400.0,stb_A036_t177,691425321f6c502ca82eca9f987cb60fcfd69cffcfca4830f74b48ba261b7bcc,decision_A036_t177,4c13a6ff198c570e7bdf889dbf33b91e46834debba6546377f0fef2ef1796b4b,fill_A036_t177,7d219931edc19d1f704802d20c241202a440ea6d58454b8a8404a031ab208d1c,ltb_A036_t177,8ff7e741210be6483e1858b70591219a647bafd952250c1d4af7312e1ac2aa78
A037,177,ps_A037_t177,87833900.0,87833900.0,stb_A037_t177,f2a6f1c1bb5230df16a37245a7bbb8241c9c28dedfff08037060a983523b586f,decision_A037_t177,ace4078a55663e1aad6d05997118e01a9b9d25f50ecf8aabbce88bd4d2352665,fill_A037_t177,dd6bcbbe36e4d5788dfa55a13f212fe313f088aab53accfd6f5ad2d0f085be7b,ltb_A037_t177,fec236536a2a8f17c7dc53ffe8eba10ee80adb5ee20022861c8ee2b4c1db9535
A038,177,ps_A038_t177,1155869600.0,1070219600.0,stb_A038_t177,9c87677b8db90ab5d3a4295cfa83720b880790729ed44cf90e8a838fa49bdbf9,decision_A038_t177,3765b778ef41b5dfd4cbf3d3900442a33ed9354befa891ab5e7e185794450842,fill_A038_t177,5636355b9a4766d9690b745a38c11a1fa2e3cf66d9448130f4eaf3d31d6e7ffc,ltb_A038_t177,df9a0e2c21317173a583f2c1686d479214ddbb2506ba250dd1751c2ad4cf9f3e
A039,177,ps_A039_t177,92829700.0,89974700.0,stb_A039_t177,1d5eb4bd7c296c3db61f41fa6e504c3c8df64278984878158448fef83b412a2e,decision_A039_t177,d59e4cbdd370cc97584bd2bb8a86b18478beb2ffcb3022888db434d365f52aff,fill_A039_t177,de15224c0a4bb04842e7845049d545f36c2f34b9683d50f0d4069ea2711c5ef6,ltb_A039_t177,9a3dd0f21be1efcc964d021c6c43acecc54f3df91b34a2a70d3c5ac272d3a2a4
A040,177,ps_A040_t177,111750800.0,103185800.0,stb_A040_t177,7e2f6dbe1c38061be07c62c3eb1a865f5c5f0a32b6a0ddf703568492d30d6c85,decision_A040_t177,4224696a1ce61bab3d8aebae8e12693b85c8af99897e03a59c544e2c00352dbe,fill_A040_t177,d2463aaf0319993563706049925daf444c4eab611973139a79776aca16824863,ltb_A040_t177,5faa1edd177c4b40091341364c328c5336df6931887ce7e30bc4b13dc114926a
A041,177,ps_A041_t177,131216200.0,42711200.0,stb_A041_t177,251f1f448332cca863b71475d51f3429352e6495088777e034dd93bf18476e8d,decision_A041_t177,96b6c3af6935fb5b665415cafe65f6a513a953027d7e1ac9177cd8d0564cf0d2,fill_A041_t177,51b06d4dca5d60a05091bcc2fd396638384a1be6eec53becb6f16f5005762d02,ltb_A041_t177,0fce5bfcb25420fa2325dea5e75ab23796f9cfd9ecd4984a9947bb7d3ce1dba9
A042,177,ps_A042_t177,842429200.0,813879200.0,stb_A042_t177,efd6bd18865738e474c5e686fb9e999aee5a58c47b759d487816eaeca301147c,decision_A042_t177,2d9b507ca7e03d5fc786f94afc6e0e39f621b2fbc3f860ee3533f428a93c6c25,fill_A042_t177,ab9310a9cb319784cf6fe3b7800cb9aa35fa52edaa6806fa1119b95d425ce879,ltb_A042_t177,8ec03dcedfd60970610db2831e045a9ea1e002d48644dbd6c0a8eee0c0ed1160
A043,177,ps_A043_t177,97470800.0,94615800.0,stb_A043_t177,f9a4d77c221e231db7fc0697424b1edbb8be6f8fc9a039dea848e06c70d584f1,decision_A043_t177,508a3b51de10b8c2dae3cf0219b2cf26b1a65c873e912a0be88cfb8750af0646,fill_A043_t177,c965966f6262a6add68b223104fd9450f1cf17abf094d7f2c0d9fa759364f94c,ltb_A043_t177,c4dffddf8c9e14f16397fae4cbd92ccf7f320734f3b5c133fc0c07995d30c256
A044,177,ps_A044_t177,1306652500.0,1021152500.0,stb_A044_t177,0f0099835054a7857a4c78e9ae3e54ff81e8e6eec87d4962335d3761772ba1b0,decision_A044_t177,a75ea3c0191fc62e5c8575bc1fce7c98124d3d931d1fb132ebfb418533c3a151,fill_A044_t177,14a1d40c6318a4c3cd0478df6e6b504785a8621ec5b2cafe08ef5b52c394dc67,ltb_A044_t177,7d580eb35aededd88347d7facbebfea975f045df4d53934f0410223dc5b99333
A045,177,ps_A045_t177,104834500.0,101979500.0,stb_A045_t177,22b91d261339cc9537986fc097e10fe5a9b6bc37ba9ba705f52d694a77f9f206,decision_A045_t177,1915dcf0c8007f4962c1712bf81a4e3c157021c8498ed166150b6bc5c70e62ed,fill_A045_t177,70339ff4ac5caf87741fd840c7fd604070a88bc093129d170d8a850d43813800,ltb_A045_t177,241296af1e51ece1a05c8afad8462cc47334114c0e46d5e8c4801233b90b2fca
A046,177,ps_A046_t177,1144365500.0,1144365500.0,stb_A046_t177,43c881c79f7b9a934a483d6e327d094ef99d227c8ba70a66ce29e373575c7ee1,decision_A046_t177,92becc034050800612d84b9d9ede296270bce360fe006e155c489bcfbb09432d,fill_A046_t177,bbef8ee738f42b2abf8dba69933ea3c18bae3dd1ed4f37cb9c8b64df87fee494,ltb_A046_t177,bb9ca963800cbd86a34a3d9ae0dd5ae143d8e0b669bf9362ccd80c01254b16f6
A047,177,ps_A047_t177,129974300.0,129974300.0,stb_A047_t177,70fe670cf03217e4acb258f195257cf93427adc48aea73014b61ba6df7871f2e,decision_A047_t177,cfde14290cd1cd2a3bbfa161bda854ac4b430f33bc74287368300115fc2cf8d4,fill_A047_t177,395818f3d9959918197885fbfee6040fbb97dc26dd85d8dd59b287c747a37c66,ltb_A047_t177,7d940aed76c81aa2ac1498a39d593947f3fcad6980e1c1d348244bb88113d5e1
A048,177,ps_A048_t177,928650100.0,700250100.0,stb_A048_t177,3c184dd14ca9e62f1518ce993f991fdb7f115fc275ace9cffbdd1683e8f255f1,decision_A048_t177,430f3587b8b84d8e9fc1818a05d6b83cd4a84daecdc5055977f14f0d13a4d50d,fill_A048_t177,e3be310a9fc3b593687c53654a7408ab10a9d8be1c524a460f5bafa8e29c66c8,ltb_A048_t177,414d6b642c7cc7371c16134c4b40731c26532ee7439a4e566b963bd394d47f9e
A049,177,ps_A049_t177,122512100.0,122512100.0,stb_A049_t177,38d75c141c9c6588ffe970ad543d2459ee1bc04d8a2bb7c17c88acbf18d134be,decision_A049_t177,90e1da823e77568743ba0ec49da20ad768cb8dc0c77f0231a2e88726d60ce9fb,fill_A049_t177,1a40191e1e6994c32e777c89cbbf2f46ee2e93e30738c1e406eca4e2f15655bb,ltb_A049_t177,11cad63a438123e3db6b54d349dd4d004fab08c411439786ce17e4085974beff
A050,177,ps_A050_t177,129675700.0,44025700.0,stb_A050_t177,8821ab79e1bd2264229cb8bd36e2e46aca7355a39bc4be34f0f2b06c6eb524f2,decision_A050_t177,0dd1e676864d8bba3261a3666714700e92e1fd157929edd5de6fb18754df86bb,fill_A050_t177,e49e5904cbf8d59c284421a61082705ec88cb7a0c4555e1a5d34bea1d1022336,ltb_A050_t177,ad296be98013970729714c927373383ee8e30307614b62e0966239d4c9cd0159
A051,177,ps_A051_t177,1055177100.0,1026627100.0,stb_A051_t177,8c3e85e2673655f168ec29f316b0db1c9bfcdfd012c3b5be4ac310210e4ef677,decision_A051_t177,0ff875f04aa74cac22dec6d112a6681879650915c48e0319f870657c48712782,fill_A051_t177,105feda863710d942f358419c9b7ea51d065ee72f7bee729c969765dda46524f,ltb_A051_t177,1a85a992ff54a63092a2263db3bfec07dfa0d6c4669773a093d2a15c13f475cc
A052,177,ps_A052_t177,1132894100.0,1132894100.0,stb_A052_t177,effa7a6494a9f31b7e2d8bd1a9a52f915bf94f3f0ba3b83c387bb266d1e7417d,decision_A052_t177,4cde93e534673dbde5b9dc61468e102961c1957ab588a63a62851ecbb5e0cbd4,fill_A052_t177,b13dcc4372d8556fcaa661d6bd15e6d61fe8074beeb85a088f13323f90b23a99,ltb_A052_t177,089119b7732a83b5d21e3541e5ae3c8f7afda104c3d4c10df9e8544d8f59de61
A053,177,ps_A053_t177,120608400.0,120608400.0,stb_A053_t177,ce40672d0ea27cdc57766ac9c1d8b4022c1a10b7b1c0e58a38d6b5732ade311e,decision_A053_t177,f449eacdd77f26b8869b82fd28492bbc25f03cdf6b9a6c4391a827104e7b2b9a,fill_A053_t177,0f54e6c8b6179aa1831237677ecf8f8f14d65f11dbada022b704fed856ac870b,ltb_A053_t177,7fd2e23b80bd28b2feba3f4834cf9e7bee073dcdacb754e048a5ebca4bab869c
A054,177,ps_A054_t177,110832400.0,107977400.0,stb_A054_t177,50ca589212670093b39268df053a83d2d415700553f3d1f28bcee744c0bc64ee,decision_A054_t177,e74956cfee280c78d56c643acd3080eba3b0bcd39c07f1eb8f1eb3275edb3b3b,fill_A054_t177,414a1bc0bb7eb33fdc73f740c9ec72e42f6126f886abeafa090c76e8e41937b3,ltb_A054_t177,83d726fac689c5640bf168f8590c06fea4035efaf96cb3086c1d03b6458bd1d5
A055,177,ps_A055_t177,1112433300.0,427233300.0,stb_A055_t177,4a3344de7e703899f4a6aba9b0c1dc31d7115538bf652bee24283005344af339,decision_A055_t177,c7c4c9c10a25e69b3aa050fb0660af7e7693f8694a44d719db22dc45c314ebb1,fill_A055_t177,5c043ff7919a06c1ca4dfb3cbe2eafbafe5948bb049335e32b233525a7f22ad4,ltb_A055_t177,f0e6571ef70ecc3a04bc1a6993baa1895ccd87de4cebad672981ffa0558a1bd2
A056,177,ps_A056_t177,106933200.0,89803200.0,stb_A056_t177,d4e6ef607ffd7bdb388d189675c636bfab33305dbc1808e6194abc3cfb80e0d2,decision_A056_t177,f983636710937ce604779502f52b50dd32f424025d4f989f14ec53ce0ab06ca1,fill_A056_t177,e19cf681d1d5ee7c1f9dd96c4975f70405136d5ddcf930fac11f4e7a888a1896,ltb_A056_t177,abe6e5bf26e1c4c32890968c79148330d06acc83b9062a35438d75d3daf4c152
A057,177,ps_A057_t177,110388600.0,107533600.0,stb_A057_t177,d3514a06fcd09119d32c8b5266173bfe1291dc92cf90fb30eef26d3293e8956d,decision_A057_t177,5ddbb1bd6291d447641243d80b913850187fb195367cf733ab56b864442b0714,fill_A057_t177,59567549b15a5f4e63f3aaeaf40410c45539cee7fc80e9101a4cb71cb2f4b4df,ltb_A057_t177,9ab6b6abd9c648752d37c9d70c21716b7ce10f204b721110ab1a22276f0a12f6
A058,177,ps_A058_t177,1210940400.0,639940400.0,stb_A058_t177,056e589c47c4cf4975cd526873d54d0e827f3e826c9220e4450f09cbdf5f4b72,decision_A058_t177,2dddd6f020d373edcd51177bc156d62dae7a781f84735fd6a13195b1fde84e7a,fill_A058_t177,838b9a50753feae92ae3de358b7a3079ad8d82220b38f92d06e21a297f0f25b7,ltb_A058_t177,786904514b463df3593d702ecad681a83b8c1718111c5efd27c935e93c1c8684
A059,177,ps_A059_t177,116781100.0,116781100.0,stb_A059_t177,b09e7fe35997617fe9872c859e3f6cb061eb690ef17bed417741152fcb2b2e7b,decision_A059_t177,68a878f1f5610649a18e397e9c3b10658201107ecae13cb04d799ba0cd7a0e59,fill_A059_t177,c93cf77f76067608bc3212eafb7164b8a579d89f61ddd49f7f532b8f7c7a8774,ltb_A059_t177,3ebd1ae0b5d7228f3fbcf80ffc234c8bfa76ff00821be6efcc68e82a961443e0
A060,177,ps_A060_t177,145122600.0,116572600.0,stb_A060_t177,cf1f47d2de23f5c9741754638cb055062f69ad7e7631678c0c11aa1d6c51d671,decision_A060_t177,a3747f942c108438ac30682fd858122824a8af9a6b804f8f12e558dc92d22652,fill_A060_t177,644aa44f27c0f22019646bbcf71b3c1ccf38d9652fc2928fb36a62480b187d46,ltb_A060_t177,c926a7cad91ecf5b7c9fa430dba247098028bc687047bf6ee005ceffc11636ee
A061,177,ps_A061_t177,76461400.0,76461400.0,stb_A061_t177,aa3594e2586da84b82e6874f5e6eeefdd4a0dd0be3605baf28ae5ddea030f677,decision_A061_t177,561ff4241eb69a3c52a1c882a3967f8a464a1d7280b17767c4ac62a2b2a0cce4,fill_A061_t177,b7aa286dbec7b4b90ac7b4825571ac6bf45284c9c203dd76b64ccf5871e0ffcf,ltb_A061_t177,52c4ff78c225041c3de4f5952c34e75401858cb6bd672d1c84b31a4882e42d5e
A062,177,ps_A062_t177,133337400.0,130482400.0,stb_A062_t177,4f4bc0bf3fd158b1f85173bc04ba5f65aebf23d509fe7567d4c444a07ea820b1,decision_A062_t177,0ee06e7e49e37db00fdbb9afae5f562a1486219480cbfceeae49eca80494b159,fill_A062_t177,f022c2ec84f3a63cd982f94ee5684100c4d3ea7e284f13ba0e572d2b3529df34,ltb_A062_t177,c8d32557289786d7b37b94df27f7c99ab34afba93a7cc1b89fa0d0ad799f609c
A063,177,ps_A063_t177,1211194400.0,405227900.0,stb_A063_t177,58c18360fb2816ac272205f7d590e0cc02b3299bf28ed0b14a11fbdab19ffdbb,decision_A063_t177,f98c1789c419e06e7d84004dd6981031c811042be2a3eb95b1a4ea8e5653a4d9,fill_A063_t177,788400deac075f0e42113b715fc14c6cebd0ba72740724ce35ecde423f45c784,ltb_A063_t177,2f1c7ada55feebbe60b0bd661af5c98c29c2fb6e927cbaf9fac0a902f136fdd1
A064,177,ps_A064_t177,870216000.0,784566000.0,stb_A064_t177,d7acf31e333f5e15f724350fd92eae3fcfa385c6035b4a165063825f1982705c,decision_A064_t177,df117ab6c3c7e5f6fdda5dec44e0488f10667f0eac695eb5b2f5d7dd7a62aa3f,fill_A064_t177,f77d5a2136872a69c49b978229240491c8b51d9d8bc45794f337dfe865aca1ec,ltb_A064_t177,e84ada1e9c620ea64fe03997fa03d38ce5f23c6f7cb10e55e8d2f1ce45bc1c9f
A065,177,ps_A065_t177,102864400.0,60039400.0,stb_A065_t177,37f06309c317c84ccf9862a14e0c3134dd78ab4bce4c42e8e9f653104cc66670,decision_A065_t177,2f0318b9a2ca3e09075e923623eee1214f2fd930d768dc94c40bba60ee8226d8,fill_A065_t177,157b0b065d3abf248e0111c103db0d4fa8d8bc954e5e19429a2ee99c6d4d3f56,ltb_A065_t177,d4fdebf78a236cc76a4a7fd25f6b8c840c62a912cecd7e174978e14ecf0b111b
A066,177,ps_A066_t177,1282792200.0,1254242200.0,stb_A066_t177,c3b3b1d44bec4d29d337717f49728d340858982cd8ed0518445e61c85fcd1fff,decision_A066_t177,85b24fee0e2bd56be99b9e73c81cb7deda61dd202ace0ea01f0e251368c4063d,fill_A066_t177,d79d63db79606f235b56af2da3688f43c32697a61bf64329bc1cc10b05ae3620,ltb_A066_t177,b2b2ad4142838702b4b1d8a19cdcae40fb62e59f646949cc9d535fdfb08b1332
A067,177,ps_A067_t177,106026800.0,103171800.0,stb_A067_t177,0838fe02f547928bd33e56e3a8507d0b178c53b6ed16fa45f43616749cf9c7f2,decision_A067_t177,b7fca4c4b74693cfb2702e2e240ec43487cfddc011dc6740f590ef5164871e61,fill_A067_t177,52bfc52d41b5c51e9c2784eb91dbf99e596f64e7bf61173710adfacf5e2e4113,ltb_A067_t177,198c40c7db042c71ff352333b7f00b999262b06d916f396b15630fc83d568a91
A068,177,ps_A068_t177,1239866600.0,1154216600.0,stb_A068_t177,c6c586250daa258b1b7614ecbe3fee72bfa0d9cc31986a9b9fafbcfa36f718ac,decision_A068_t177,59f52e145a8abf8c0958de6e067edc97ed83ec80b390f7db381413ee592b5003,fill_A068_t177,31458c8e34b2976548d749911caac5e2a62242c920dd44d5cd07e004be4b89c6,ltb_A068_t177,1c8181510612b4166873f5506fc9c6edf573d36d18d104f2b3e72aa34943190a
A069,177,ps_A069_t177,1002979200.0,273241200.0,stb_A069_t177,0f5029ab0e6a0b772005618bd00ac745851cdcc85dde3febc9f194d3873df712,decision_A069_t177,851d1796e41ac3f7dd03ecdbf07ac5503f9f8f4d46c0b7996177e875465bf6bb,fill_A069_t177,905dc1907730ed6d69004d837ff0d91401b4c7de6bb5478cb7214457c3992649,ltb_A069_t177,dbd89df0a9e54ea466bf0e59f6f26a7ba74f94cf49bd0faca52807ebfd9c8fbe
A070,177,ps_A070_t177,110734400.0,110734400.0,stb_A070_t177,465bdf6f06322070f31dfaf105040011c15dba29849d2dc57cc3f24c96842f92,decision_A070_t177,271b9eda3aecfd529ba22c3b372fc2063db9facc381e3802d98a90ea31b79c83,fill_A070_t177,3f40057e803673cf9e7676a347e30819c4a012bb2b8dca52cb5bed6e2f74cb49,ltb_A070_t177,4fcb71d4d214abf2cbe7141f1137357185ea40c0111c044d1ecbc68e62e9ad6b
A071,177,ps_A071_t177,134370700.0,76414200.0,stb_A071_t177,106b50a836043c567f327a9623e3b905d683e81bb7a5bb4dc4d2906481170b17,decision_A071_t177,bd66d27b7dfd7ddef4db39b5b1c93b619bf8e4a1d90903469b0c0fbcc142fbec,fill_A071_t177,c585e4457797aa0eb477586fa7505fbc723725bdb3dfed970155c5ea1bff84af,ltb_A071_t177,0a1fa5b698061719ac1d2f9ac1e79f957887b6cc986d4b2f1fe11d6abe91c8fc
A072,177,ps_A072_t177,994214600.0,280464600.0,stb_A072_t177,983758fdb5f632007e14e01d1bb0a8e772187c74e5a52576ae59de925659e12e,decision_A072_t177,e3fc96e959b361192d13f94e8907fa70feb812069bda0ac1cbd31f5ab9ba03c6,fill_A072_t177,abc15e14e108badb4de2cf5c4b6b5790a928d97352c35cc711a2c5322cafa5d5,ltb_A072_t177,0478322ffad3c6bbd636ab386c270a3c3a5f37fbabc4b5691d87bdef2d7be111
A073,177,ps_A073_t177,109319600.0,109034100.0,stb_A073_t177,46c5f6304b3ef24f6620b3a274d7950814284fb9e87ee1a4a1f9e0ea6293c6be,decision_A073_t177,ee9356789e798472f8a417f0bc690a09f7df0790a1f788a7d8866068a6f19ee8,fill_A073_t177,7ad7c65481fd83d9ac44905f1b7ab0f25534fa857ecfb51a1691480316706c9b,ltb_A073_t177,557882c3842ed495bfa6dc830fa01875594de69b08ce7d42251f7a16a35988eb
A074,177,ps_A074_t177,94536700.0,94536700.0,stb_A074_t177,0c3c0c51314ecca0af08173798b75b48b20c1f133626f35acd3eed9d260022ab,decision_A074_t177,bd8b92a9534454734057a7ac3e820370a58e9e3af48275f7e419b599b4442463,fill_A074_t177,4343f79864905790ab91e6fa220a0f1b51731f5d1376c276e634f0406477d1e5,ltb_A074_t177,775fe59b01a6191208c42bb8fc9d60d954c3b2bc773e83e662151f4cd5701322
A075,177,ps_A075_t177,101217100.0,101217100.0,stb_A075_t177,5b99a7304de3b01b41e2ca0e50bc5c4f953b64242c7ed1199b03c30c2a5d08b9,decision_A075_t177,7a9c76c399881ff16f3036a21df9dea1eeb9afb40d5c2cce2b38787d48e7d2f7,fill_A075_t177,832ad1cf96fd156845acb0b5a15838e1a5cfcf619747fe6bacb86f149d0dd7be,ltb_A075_t177,87d402d92de89d502cfa07ff9288f04c3d16e29358e77b8cc41a325ea46af998
A076,177,ps_A076_t177,1255037900.0,396253900.0,stb_A076_t177,9d64b830d86fe43a1c401c796b197843957561a4ea3cdd7e28bf6d0b890ddb6e,decision_A076_t177,e21070fdc85f242dcfc1bd3067c08f5a864915058cf0c6b5b0b270c670e0c41f,fill_A076_t177,950c71904afd5d3ce74ab8713fe70be191e14532691b58deca9c598f37530963,ltb_A076_t177,3562808e0e747f83f719c998aae9c9fcd8b2e932fa481f9e41beabdeb250eebd
A077,177,ps_A077_t177,115932700.0,115932700.0,stb_A077_t177,d4a524dff24445043010db50748112f550aafd4ea55f9cbd5e34b450a2b7b1fc,decision_A077_t177,b47e64b431a2bb3618a528606ee7f5b971a35a7b77bf7dd0e16fae643168144a,fill_A077_t177,a3fd0ece03b84eaa504bee8e796ee69dcb2479e2cf5fd5c8ad7b90eaca0ed4b2,ltb_A077_t177,59d4b6be172f012330d6a2be7d81280bac6ae4fc3e4ba2e48b1ce39804a3b04e
A078,177,ps_A078_t177,992708400.0,935608400.0,stb_A078_t177,1789f9430ad508745bec3b09dbeeca733b18efd722f6058d91983629d5f0b21b,decision_A078_t177,4be9e9e776f639e561c753a00bc3e6fae608384daca5773e1e459e318afad69a,fill_A078_t177,72d1e7603019555b68757a363e91d6e0119db781d6a8e0a4e9d8252cf0ac201d,ltb_A078_t177,a18f0e3dd3305bb85e212b3fce2df38fcabc1603312ca9f1f2574a0d35505d45
A079,177,ps_A079_t177,103709300.0,103423800.0,stb_A079_t177,8cbabc8d012b0e4a37a1421945d7dc86469901a27c26c7ff234f9df442c3cd02,decision_A079_t177,0fcfc275c34f4eb427850ffe3513d186ae608979113aa574d5649930ad64ea26,fill_A079_t177,1a26581e828af51706f4980131817fd929b10e5ce824cd02517a6600bc8c7639,ltb_A079_t177,ee9d1dcc6645174bb8903f247abb307c5031f564326b4bca2aa824463b183542
A080,177,ps_A080_t177,1103046100.0,289371100.0,stb_A080_t177,e1519de4e3c84edfd3e2c6e1e412f56012b0f2b5186e991287cdc7864ccb0bc7,decision_A080_t177,538cfeb23016231d299d972b60315c690821dffe7982dd1f46f41a431b2d8fcc,fill_A080_t177,b343ea6eb46ae4a52dd970e8d2fd159b6f36ba1b26f15695795a0c5285435a2b,ltb_A080_t177,a49d678d43314fda6200872d58ef5fa8b26f36edba198e831b0d33c829f4197f
A081,177,ps_A081_t177,1137888500.0,1137888500.0,stb_A081_t177,b668208330f9f692815ff94b5687540f2827a96bebd56b56e601e50662b25f60,decision_A081_t177,aeb50b963471c29c18067975c53dc5045a7caa508fd93162172a61626a601bce,fill_A081_t177,4b9e875ea62e38cc5cefa8ace859b4f705d590a8981ab175d70bf09285046d08,ltb_A081_t177,2c13ed832bc665bd37a3efa5b56d7e81380a04b25144cf08aada14542fc8fefa
A082,177,ps_A082_t177,100422100.0,100136600.0,stb_A082_t177,b06ad705a959cc6d14ed15bcd460099c24717d07b3f55b350ed1d083419ddbed,decision_A082_t177,afb3a36acee62923132aac7c6ce8c02e2fae89163d7a3ef87c050680a09e6a40,fill_A082_t177,4e0ea2b7ae112deca4de119a79533e8fc5c82c41c9dc3399d6d729cc0adf44a4,ltb_A082_t177,78383744a25de22c6c53c6cf73e8a1b9478ad78307589a16d0f7caabf73315db
A083,177,ps_A083_t177,131565400.0,68755400.0,stb_A083_t177,997c88b7cd639f87f1b7ff98ea8abe43090a99f5b7ccf0f754d08d279be37b93,decision_A083_t177,e12bb71a51cfc3bbb3e9ed38df89d80197f34d389db76b14b5c6d57621149f3a,fill_A083_t177,3bc7d5d5c3f2b108438a6191ad2a19659367c131eee06b466c8748e7f76f2531,ltb_A083_t177,8ad173527eadfa5d1c417a68498b6613b49a83bc24458dbfe2b56ead71085e04
A084,177,ps_A084_t177,121697100.0,104567100.0,stb_A084_t177,540c8cb89321446632a2d913049aff4215616578f68eb3138a22e7fdd912a2bb,decision_A084_t177,73727b48e98bb58e4103f96e2f39c80c6c87ed94fa818b59cc7614465fead3a5,fill_A084_t177,425c2d3862667c1f1a5337b116e059f3546e1666a22b02d985109a6f30a0fb98,ltb_A084_t177,206e14a7dc89689084ba80e734b93dc9b3a778f5ce6546da900ea65026c9098d
A085,177,ps_A085_t177,139551900.0,139551900.0,stb_A085_t177,2786d7f7fc03200bcb0fbf52864eb1d20630f26c0e91ad317bc346bda0435e85,decision_A085_t177,1df1a7213eeb22274e942c25f9bb68cff34d0d2a4f74c6694acbb72074cd0003,fill_A085_t177,8e3673998aea64c6e5a9aacbc92e4d0eba05fe9eebd2ed338fee5e1fa78787d6,ltb_A085_t177,de8d2dc24b324ed342dd51dda08a8d64cf450dbbf82c2541286734bc02f27787
A086,177,ps_A086_t177,114452100.0,114452100.0,stb_A086_t177,f781841928b8656754c16bccdf5fa31a75954157ba6aacb2ae71e09a892a96e8,decision_A086_t177,5f8db4d6a6f52d760b6e82ae3d7070137ab7854b41de4f3b331dcd7112208492,fill_A086_t177,dcef5a03ae4e0788ca5c2813f4e7d1e0b1a37feeaab6b59c25f8507f35521036,ltb_A086_t177,98ffe82f856f4769b4781aa086800da0d602f3baa5ae37e7b4efa67a7050cad1
A087,177,ps_A087_t177,101298400.0,62470400.0,stb_A087_t177,d0b15a0369299f269c65d104f578f38d53cd87b43976d9ea84ac7c62a86e38d9,decision_A087_t177,253f2e021db029809756e72b2afc8b40fa1b631522557e9e318c6b5baf22d973,fill_A087_t177,2886f4dcd64a4350f4538176240457c05ddaffc670c94473c3f39c5b8c695a7c,ltb_A087_t177,b23d975b2b825695f1242c94a10d07afa0aa71eb6f4241ea581e98b60a6ae68f
A088,177,ps_A088_t177,107002000.0,104147000.0,stb_A088_t177,7dbf74ee6498b6319e898752b34048f01409ab13cd2af0fada301aa34d2d7e86,decision_A088_t177,a66f8e2e42f93915c7c9e8600139364998afa5f12ea6bf7c47a17e3c80185551,fill_A088_t177,bc56c83bb917d8b56fe8c5a9a7623c09c9565e381af50d523c28874c3e1fcb71,ltb_A088_t177,d353f2591fbc9108ef801a803a9deda41a1b421f65db3a8c7c83660f95ae9e69
A089,177,ps_A089_t177,1029266000.0,1029266000.0,stb_A089_t177,fffd02f7e35e74bf88e99f405e82bf7c09a1b5e7a92250edf9a2a26209aa1b1e,decision_A089_t177,8a3d76aeca46f9647cced69cb19b42e86047168ad235ae836d8acd96f26a98e9,fill_A089_t177,2bbadf2c3648f22344d71fb078b684c4db78e0a2cfcd45176dae07e0591eb253,ltb_A089_t177,80bff736e1409c3ea1d16ee27a4a2f3b8cdeb62937b1b044697b5a65a43dca72
A090,177,ps_A090_t177,1086922800.0,1086922800.0,stb_A090_t177,57fe993101c2079b495b25378c451631657695e1feb24ddbe307dd2c52cf3e86,decision_A090_t177,2a31ee1b9a0c1ac111e801268c593cd6ddc8d61a7f72ea3f3a4c3dbdaaff62b8,fill_A090_t177,c57016ddd7814155ba0d5731b8f54c6443ed21e1b90164fc797904d26f3546fd,ltb_A090_t177,7cf5c62e0057db7abab98c8ff4ea2d6e2c5606d7dff87fa99b2954ca8589f86b
A091,177,ps_A091_t177,1279679700.0,1251129700.0,stb_A091_t177,6c0719c128af996f1cb3590dfa8274119bd13e3c86eb3641e7c49df607308588,decision_A091_t177,a011177af0245db9ccaeb74b9bb4114542b08bfcb56c0babc9dc6b2370149915,fill_A091_t177,f23bceeec775737f0bc54e663384055855438d26618e8f2c5600fdaf35d476be,ltb_A091_t177,6caac7ee12e9137265ded266a8b5b455246a589441b85a0064f1eae1fb8996fb
A092,177,ps_A092_t177,110350200.0,104640200.0,stb_A092_t177,2054c718ddb70762530c533c122f268ab6b51e873124fa784d94914fc8e0bf7a,decision_A092_t177,c06ea26533beb7a0a50b48fd673857f338f083cdb8e93e9ff92f376ae1e03c7f,fill_A092_t177,f1cc89cf057259f322384a4ce30bd8ad4f130930f5771a05a4f1f99b25030191,ltb_A092_t177,d984cda490a34d0281b81eb76acba8cc65ec289c771e61dc4ae0143ce34a7b6b
A093,177,ps_A093_t177,1135988900.0,162433900.0,stb_A093_t177,0c5d1a3e3e93c96d93a7ab2a09e28ee854a41a20ed2c121f037fdc3bc7ca69c9,decision_A093_t177,bf1e0c16d24d57c569353926b8f0e6378924048177423f2711663d5039cae63c,fill_A093_t177,e326d0f74f5ae71a1d59a368a0393d323c41df8a8a211e4019bbcf4c95aa46cd,ltb_A093_t177,544af2190c76a9d423634c5f3d633ac762333d1533c1d0bf31b0ce37284914cb
A094,177,ps_A094_t177,109426800.0,109426800.0,stb_A094_t177,aed1dcb747b038ee971c6fe3f20b779efea7b57fb53485c0263cd7f1ae3e4db6,decision_A094_t177,0749cdf4c30c65d8c9de03fed0965b6c89031099fb72bace57bf45ea0a83d265,fill_A094_t177,da5df153927c19496896a40942ab2f601fc12030c4a5c2f74573be006cac9068,ltb_A094_t177,3685511a315814666b2767b70416b6cfd2d64007c39964f4c0c2df7ec2d50964
A095,177,ps_A095_t177,115913400.0,107348400.0,stb_A095_t177,bf15d7906cdbf171906f788c7035358d0ec475dcfb0357f75768aa67842065f4,decision_A095_t177,aac00f12ae489dc12ef1c6a23017bb426636aa2720d98481f8c450be5057187c,fill_A095_t177,f62fd24088e6714f5791648ca6afdd7b6eeaa695ab9c420749b93e559bf3f6df,ltb_A095_t177,a360cddf84572f70ba91f3b792987d1a1659009c8a4992b68f82a2927b5a051f
A096,177,ps_A096_t177,106754600.0,106754600.0,stb_A096_t177,de4b8721c06f8457a18f7f9e791f8124c2885bd35206ea0e72579777ad4fdabd,decision_A096_t177,efac2709b89c1911c0bd59b1f04d49b35297ed0ab921567815fab814be39ae68,fill_A096_t177,e88038f8cea912cad14b3f08a65aeee024cff76d162e4127e4b7b35e58b6e0e0,ltb_A096_t177,69bcdaf13aca703dd376f164543596a1811de48245eca8a2f90272648817237b
A097,177,ps_A097_t177,1045442400.0,1044585900.0,stb_A097_t177,7608e5bf301245211c6a09b3b1a37a1c33746ae3903b603164b39c56f0508a32,decision_A097_t177,25acf2298b4563fb5b24cecd83b9b15d3b1ea6f32ea07945be3ae8acbf18b8b6,fill_A097_t177,5e74b07b9c26ac781d71e23e73fc3ed04ec8c3ca2aba0feac007b89aebbf2ad3,ltb_A097_t177,b850f28b160d63c57fc4fb95efa39dbafc2db111073600d507d8d4bb45dd58c7
A098,177,ps_A098_t177,118745200.0,107325200.0,stb_A098_t177,c3208b5f6c1eddbcc08574a1689e7714f49c52e2573f2baee153c3aa4544cfaf,decision_A098_t177,cd0f0686e459853feaef19cfd5d05329a28fe43f15d3444de0027e3d95dab316,fill_A098_t177,393776372ab2a5d3bc04ac2639418b5795bb8872668b1ce012c9c68200b4006c,ltb_A098_t177,543ccd1c42b6d0c5b3a6aaac2bcc178960689074d9c69aad943a32d4ac068f97
A099,177,ps_A099_t177,964250900.0,821500900.0,stb_A099_t177,3d713488253f5cbb7391c40942e5f2f948c05183a6754c4be329e9b8c665a17c,decision_A099_t177,a82695cebe778afd1d413c50e949f0c221a5a69b2fda8d445fc32b015c7cfab9,fill_A099_t177,97222018da33c6555e8b39bb601194acd2a929e5c782a295ad6c84f45b63eeaf,ltb_A099_t177,eda41863c4f04fdd37947281676ceda1f60e6c0518589348c9c1af644c5ab791
A100,177,ps_A100_t177,103702400.0,42605400.0,stb_A100_t177,edae9023a366fd882f77e10547deb73b98c51b4b9e5e149fb7c66ebbd86fd36b,decision_A100_t177,612c7db1630fd0ba266f1626b6302a8d990950449e8cfe7d8a2f44783d015ee1,fill_A100_t177,a86378ced3f3ac5749c4601efc4968956fd2e773e9b01990ae156d9a9b90fed8,ltb_A100_t177,95d43e475128e03998f169d042ccaca3e3690929669b9abf40474934e12b9ec7
