state_id,agent_id,turn,date,cash,positions,total_value,realized_pnl,total_return_rate,updated_at
ps_A001_t177,A001,177,2026-07-08,101560000.0,"[{""stock_code"": ""005930"", ""quantity"": 20, ""avg_cost"": 290750.0, ""current_price"": 285500.0, ""unrealized_pnl"": -105000.0, ""unrealized_pnl_rate"": -0.018056749785038694}]",107270000.0,7374999.999999984,0.0727,2026-10-03 18:54:58
ps_A002_t177,A002,177,2026-07-08,120369000.0,[],120369000.0,20368999.999999993,0.20369,2026-10-03 18:54:58
ps_A003_t177,A003,177,2026-07-08,108919500.0,"[{""stock_code"": ""005930"", ""quantity"": 10, ""avg_cost"": 285500.0, ""current_price"": 285500.0, ""unrealized_pnl"": 0.0, ""unrealized_pnl_rate"": 0.0}]",111774500.0,11774500.000000013,0.117745,2026-10-03 18:54:58
ps_A004_t177,A004,177,2026-07-08,36513700.0,"[{""stock_code"": ""005930"", ""quantity"": 327, ""avg_cost"": 295285.9327217125, ""current_price"": 285500.0, ""unrealized_pnl"": -3199999.9999999907, ""unrealized_pnl_rate"": -0.03314053138770788}]",129872200.0,33072199.999999993,0.298722,2026-10-03 18:54:58
ps_A005_t177,A005,177,2026-07-08,117975000.0,[],117975000.0,17974999.999999974,0.17975,2026-10-03 18:54:58
ps_A006_t177,A006,177,2026-07-08,118589600.0,[],118589600.0,18589599.999999974,0.185896,2026-10-03 18:54:58
ps_A007_t177,A007,177,2026-07-08,114607600.0,[],114607600.0,14607600.000000013,0.146076,2026-10-03 18:54:58
ps_A008_t177,A008,177,2026-07-08,331687800.0,"[{""stock_code"": ""005930"", ""quantity"": 4003, ""avg_cost"": 307405.0874818203, ""current_price"": 285500.0, ""unrealized_pnl"": -87686065.18972673, ""unrealized_pnl_rate"": -0.07125805126148331}]",1474544300.0,562230365.1897266,0.4745443,2026-10-03 18:54:58
ps_A009_t177,A009,177,2026-07-08,112462000.0,[],112462000.0,12461999.999999981,0.12462,2026-10-03 18:54:58
ps_A010_t177,A010,177,2026-07-08,104518900.0,[],104518900.0,4518900.000000013,0.045189,2026-10-03 18:54:58
ps_A011_t177,A011,177,2026-07-08,100653600.0,[],100653600.0,653600.0000000065,0.006536,2026-10-03 18:54:58
ps_A012_t177,A012,177,2026-07-08,130698200.0,"[{""stock_code"": ""005930"", ""quantity"": 10, ""avg_cost"": 285500.0, ""current_price"": 285500.0, ""unrealized_pnl"": 0.0, ""unrealized_pnl_rate"": 0.0}]",133553200.0,33553200.000000026,0.335532,2026-10-03 18:54:58
ps_A013_t177,A013,177,2026-07-08,98373600.0,"[{""stock_code"": ""005930"", ""quantity"": 10, ""avg_cost"": 285500.0, ""current_price"": 285500.0, ""unrealized_pnl"": 0.0, ""unrealized_pnl_rate"": 0.0}]",101228600.0,1228599.9999999749,0.012286,2026-10-03 18:54:58
ps_A014_t177,A014,177,2026-07-08,110510800.0,[],110510800.0,10510800.0,0.105108,2026-10-03 18:54:58
ps_A015_t177,A015,177,2026-07-08,93670700.0,"[{""stock_code"": ""005930"", ""quantity"": 100, ""avg_cost"": 285500.0, ""current_price"": 285500.0, ""unrealized_pnl"": 0.0, ""unrealized_pnl_rate"": 0.0}]",122220700.0,22220700.000000015,0.222207,2026-10-03 18:54:58
ps_A016_t177,A016,177,2026-07-08,78790800.0,"[{""stock_code"": ""005930"", ""quantity"": 50, ""avg_cost"": 285500.0, ""current_price"": 285500.0, ""unrealized_pnl"": 0.0, ""unrealized_pnl_rate"": 0.0}]",93065800.0,-6934200.0,-0.069342,2026-10-03 18:54:58
ps_A017_t177,A017,177,2026-07-08,97085700.0,"[{""stock_code"": ""005930"", ""quantity"": 10, ""avg_cost"": 285500.0, ""current_price"": 285500.0, ""unrealized_pnl"": 0.0, ""unrealized_pnl_rate"": 0.0}]",99940700.0,-59299.99999999069,-0.000593,2026-10-03 18:54:58
ps_A018_t177,A018,177,2026-07-08,35944100.0,"[{""stock_code"": ""005930"", ""quantity"": 186, ""avg_cost"": 305096.77419354836, ""current_price"": 285500.0, ""unrealized_pnl"": -3644999.999999996, ""unrealized_pnl_rate"": -0.06423133854937613}]",89047100.0,-7307900.000000004,-0.109529,2026-10-03 18:54:58
ps_A019_t177,A019,177,2026-07-08,100043400.0,"[{""stock_code"": ""005930"", ""quantity"": 1, ""avg_cost"": 285500.0, ""current_price"": 285500.0, ""unrealized_pnl"": 0.0, ""unrealized_pnl_rate"": 0.0}]",100328900.0,328900.0000000072,0.003289,2026-10-03 18:54:58
ps_A020_t177,A020,177,2026-07-08,106156400.0,[],106156400.0,6156400.000000013,0.061564,2026-10-03 18:54:58
ps_A021_t177,A021,177,2026-07-08,114586400.0,"[{""stock_code"": ""005930"", ""quantity"": 20, ""avg_cost"": 290750.0, ""current_price"": 285500.0, ""unrealized_pnl"": -105000.0, ""unrealized_pnl_rate"": -0.018056749785038694}]",120296400.0,20401399.999999996,0.202964,2026-10-03 18:54:58
ps_A022_t177,A022,177,2026-07-08,101514500.0,"[{""stock_code"": ""005930"", ""quantity"": 27, ""avg_cost"": 297814.81481481483, ""current_price"": 285500.0, ""unrealized_pnl"": -332500.00000000047, ""unrealized_pnl_rate"": -0.04135057828628286}]",109223000.0,9555500.000000007,0.09223,2026-10-03 18:54:58
ps_A023_t177,A023,177,2026-07-08,66735300.0,"[{""stock_code"": ""005930"", ""quantity"": 151, ""avg_cost"": 299152.3178807947, ""current_price"": 285500.0, ""unrealized_pnl"": -2061499.9999999993, ""unrealized_pnl_rate"": -0.04563667758788629}]",109845800.0,11907300.00000003,0.098458,2026-10-03 18:54:58
ps_A024_t177,A024,177,2026-07-08,93859700.0,"[{""stock_code"": ""005930"", ""quantity"": 100, ""avg_cost"": 285500.0, ""current_price"": 285500.0, ""unrealized_pnl"": 0.0, ""unrealized_pnl_rate"": 0.0}]",122409700.0,22409699.999999993,0.224097,2026-10-03 18:54:58
ps_A025_t177,A025,177,2026-07-08,1183423300.0,[],1183423300.0,183423299.9999999,0.1834233,2026-10-03 18:54:58
ps_A026_t177,A026,177,2026-07-08,108444200.0,[],108444200.0,8444199.999999996,0.084442,2026-10-03 18:54:58
ps_A027_t177,A027,177,2026-07-08,110612500.0,"[{""stock_code"": ""005930"", ""quantity"": 35, ""avg_cost"": 296142.85714285716, ""current_price"": 285500.0, ""unrealized_pnl"": -372500.0000000006, ""unrealized_pnl_rate"": -0.03593825373854323}]",120605000.0,20977499.999999996,0.20605,2026-10-03 18:54:58
ps_A028_t177,A028,177,2026-07-08,115296300.0,"[{""stock_code"": ""005930"", ""quantity"": 1, ""avg_cost"": 285500.0, ""current_price"": 285500.0, ""unrealized_pnl"": 0.0, ""unrealized_pnl_rate"": 0.0}]",115581800.0,15581799.999999996,0.155818,2026-10-03 18:54:58
ps_A029_t177,A029,177,2026-07-08,74157600.0,"[{""stock_code"": ""005930"", ""quantity"": 200, ""avg_cost"": 290750.0, ""current_price"": 285500.0, ""unrealized_pnl"": -1050000.0, ""unrealized_pnl_rate"": -0.018056749785038694}]",131257600.0,32307600.0,0.312576,2026-10-03 18:54:58
ps_A030_t177,A030,177,2026-07-08,104254900.0,[],104254900.0,4254899.999999985,0.042549,2026-10-03 18:54:58
ps_A031_t177,A031,177,2026-07-08,93833100.0,"[{""stock_code"": ""005930"", ""quantity"": 100, ""avg_cost"": 285500.0, ""current_price"": 285500.0, ""unrealized_pnl"": 0.0, ""unrealized_pnl_rate"": 0.0}]",122383100.0,22383100.000000004,0.223831,2026-10-03 18:54:58
ps_A032_t177,A032,177,2026-07-08,95478000.0,"[{""stock_code"": ""005930"", ""quantity"": 10, ""avg_cost"": 285500.0, ""current_price"": 285500.0, ""unrealized_pnl"": 0.0, ""unrealized_pnl_rate"": 0.0}]",98333000.0,-1667000.0000000077,-0.01667,2026-10-03 18:54:58
ps_A033_t177,A033,177,2026-07-08,108001700.0,[],108001700.0,8001699.999999996,0.080017,2026-10-03 18:54:58
ps_A034_t177,A034,177,2026-07-08,47205400.0,"[{""stock_code"": ""005930"", ""quantity"": 290, ""avg_cost"": 298370.6896551724, ""current_price"": 285500.0, ""unrealized_pnl"": -3732499.9999999977, ""unrealized_pnl_rate"": -0.04313657507728754}]",130000400.0,33732900.000000015,0.300004,2026-10-03 18:54:58
ps_A035_t177,A035,177,2026-07-08,18804500.0,"[{""stock_code"": ""005930"", ""quantity"": 432, ""avg_cost"": 300582.1759259259, ""current_price"": 285500.0, ""unrealized_pnl"": -6515499.999999988, ""unrealized_pnl_rate"": -0.05017654782578552}]",142140500.0,48655999.99999999,0.421405,2026-10-03 18:54:58
ps_A036_t177,A036,177,2026-07-08,116127400.0,"[{""stock_code"": ""005930"", ""quantity"": 10, ""avg_cost"": 285500.0, ""current_price"": 285500.0, ""unrealized_pnl"": 0.0, ""unrealized_pnl_rate"": 0.0}]",118982400.0,18982399.999999993,0.189824,2026-10-03 18:54:58
ps_A037_t177,A037,177,2026-07-08,87833900.0,[],87833900.0,-12166100.00000001,-0.121661,2026-10-03 18:54:58
ps_A038_t177,A038,177,2026-07-08,1070219600.0,"[{""stock_code"": ""005930"", ""quantity"": 300, ""avg_cost"": 296166.6666666667, ""current_price"": 285500.0, ""unrealized_pnl"": -3200000.0000000056, ""unrealized_pnl_rate"": -0.03601575689364103}]",1155869600.0,159069600.00000003,0.1558696,2026-10-03 18:54:58
ps_A039_t177,A039,177,2026-07-08,89974700.0,"[{""stock_code"": ""005930"", ""quantity"": 10, ""avg_cost"": 285500.0, ""current_price"": 285500.0, ""unrealized_pnl"": 0.0, ""unrealized_pnl_rate"": 0.0}]",92829700.0,-7170299.999999995,-0.071703,2026-10-03 18:54:58
ps_A040_t177,A040,177,2026-07-08,103185800.0,"[{""stock_code"": ""005930"", ""quantity"": 30, ""avg_cost"": 296166.6666666667, ""current_price"": 285500.0, ""unrealized_pnl"": -320000.0000000006, ""unrealized_pnl_rate"": -0.03601575689364103}]",111750800.0,12070799.999999996,0.117508,2026-10-03 18:54:58
ps_A041_t177,A041,177,2026-07-08,42711200.0,"[{""stock_code"": ""005930"", ""quantity"": 310, ""avg_cost"": 304951.6129032258, ""current_price"": 285500.0, ""unrealized_pnl"": -6030000.000000004, ""unrealized_pnl_rate"": -0.0637858994023378}]",131216200.0,37246200.00000001,0.312162,2026-10-03 18:54:58
ps_A042_t177,A042,177,2026-07-08,813879200.0,"[{""stock_code"": ""005930"", ""quantity"": 100, ""avg_cost"": 285500.0, ""current_price"": 285500.0, ""unrealized_pnl"": 0.0, ""unrealized_pnl_rate"": 0.0}]",842429200.0,-157570800.0,-0.1575708,2026-10-03 18:54:58
ps_A043_t177,A043,177,2026-07-08,94615800.0,"[{""stock_code"": ""005930"", ""quantity"": 10, ""avg_cost"": 285500.0, ""current_price"": 285500.0, ""unrealized_pnl"": 0.0, ""unrealized_pnl_rate"": 0.0}]",97470800.0,-2529199.9999999925,-0.025292,2026-10-03 18:54:58
ps_A044_t177,A044,177,2026-07-08,1021152500.0,"[{""stock_code"": ""005930"", ""quantity"": 1000, ""avg_cost"": 296000.0, ""current_price"": 285500.0, ""unrealized_pnl"": -10500000.0, ""unrealized_pnl_rate"": -0.03547297297297297}]",1306652500.0,317152499.9999997,0.3066525,2026-10-03 18:54:58
ps_A045_t177,A045,177,2026-07-08,101979500.0,"[{""stock_code"": ""005930"", ""quantity"": 10, ""avg_cost"": 285500.0, ""current_price"": 285500.0, ""unrealized_pnl"": 0.0, ""unrealized_pnl_rate"": 0.0}]",104834500.0,4834500.000000011,0.048345,2026-10-03 18:54:58
ps_A046_t177,A046,177,2026-07-08,1144365500.0,[],1144365500.0,144365499.99999988,0.1443655,2026-10-03 18:54:58
ps_A047_t177,A047,177,2026-07-08,129974300.0,[],129974300.0,29974300.00000002,0.299743,2026-10-03 18:54:58
ps_A048_t177,A048,177,2026-07-08,700250100.0,"[{""stock_code"": ""005930"", ""quantity"": 800, ""avg_cost"": 285500.0, ""current_price"": 285500.0, ""unrealized_pnl"": 0.0, ""unrealized_pnl_rate"": 0.0}]",928650100.0,-71349900.00000006,-0.0713499,2026-10-03 18:54:58
ps_A049_t177,A049,177,2026-07-08,122512100.0,[],122512100.0,22512099.999999996,0.225121,2026-10-03 18:54:58
ps_A050_t177,A050,177,2026-07-08,44025700.0,"[{""stock_code"": ""005930"", ""quantity"": 300, ""avg_cost"": 296166.6666666667, ""current_price"": 285500.0, ""unrealized_pnl"": -3200000.0000000056, ""unrealized_pnl_rate"": -0.03601575689364103}]",129675700.0,32875700.000000022,0.296757,2026-10-03 18:54:58
ps_A051_t177,A051,177,2026-07-08,1026627100.0,"[{""stock_code"": ""005930"", ""quantity"": 100, ""avg_cost"": 285500.0, ""current_price"": 285500.0, ""unrealized_pnl"": 0.0, ""unrealized_pnl_rate"": 0.0}]",1055177100.0,55177100.00000015,0.0551771,2026-10-03 18:54:58
ps_A052_t177,A052,177,2026-07-08,1132894100.0,[],1132894100.0,132894100.0,0.1328941,2026-10-03 18:54:58
ps_A053_t177,A053,177,2026-07-08,120608400.0,[],120608400.0,20608400.00000002,0.206084,2026-10-03 18:54:58
ps_A054_t177,A054,177,2026-07-08,107977400.0,"[{""stock_code"": ""005930"", ""quantity"": 10, ""avg_cost"": 285500.0, ""current_price"": 285500.0, ""unrealized_pnl"": 0.0, ""unrealized_pnl_rate"": 0.0}]",110832400.0,10832400.000000019,0.108324,2026-10-03 18:54:58
ps_A055_t177,A055,177,2026-07-08,427233300.0,"[{""stock_code"": ""005930"", ""quantity"": 2400, ""avg_cost"": 293812.5, ""current_price"": 285500.0, ""unrealized_pnl"": -19950000.0, ""unrealized_pnl_rate"": -0.028291852797277174}]",1112433300.0,132383300.00000003,0.1124333,2026-10-03 18:54:59
ps_A056_t177,A056,177,2026-07-08,89803200.0,"[{""stock_code"": ""005930"", ""quantity"": 60, ""avg_cost"": 296250.0, ""current_price"": 285500.0, ""unrealized_pnl"": -645000.0, ""unrealized_pnl_rate"": -0.036286919831223625}]",106933200.0,7578200.000000002,0.069332,2026-10-03 18:54:59
ps_A057_t177,A057,177,2026-07-08,107533600.0,"[{""stock_code"": ""005930"", ""quantity"": 10, ""avg_cost"": 285500.0, ""current_price"": 285500.0, ""unrealized_pnl"": 0.0, ""unrealized_pnl_rate"": 0.0}]",110388600.0,10388600.000000006,0.103886,2026-10-03 18:54:59
ps_A058_t177,A058,177,2026-07-08,639940400.0,"[{""stock_code"": ""005930"", ""quantity"": 2000, ""avg_cost"": 290750.0, ""current_price"": 285500.0, ""unrealized_pnl"": -10500000.0, ""unrealized_pnl_rate"": -0.018056749785038694}]",1210940400.0,221440400.0,0.2109404,2026-10-03 18:54:59
ps_A059_t177,A059,177,2026-07-08,116781100.0,[],116781100.0,16781100.00000002,0.167811,2026-10-03 18:54:59
ps_A060_t177,A060,177,2026-07-08,116572600.0,"[{""stock_code"": ""005930"", ""quantity"": 100, ""avg_cost"": 285500.0, ""current_price"": 285500.0, ""unrealized_pnl"": 0.0, ""unrealized_pnl_rate"": 0.0}]",145122600.0,45122600.000000015,0.451226,2026-10-03 18:54:59
ps_A061_t177,A061,177,2026-07-08,76461400.0,[],76461400.0,-23538600.000000004,-0.235386,2026-10-03 18:54:59
ps_A062_t177,A062,177,2026-07-08,130482400.0,"[{""stock_code"": ""005930"", ""quantity"": 10, ""avg_cost"": 285500.0, ""current_price"": 285500.0, ""unrealized_pnl"": 0.0, ""unrealized_pnl_rate"": 0.0}]",133337400.0,33337399.999999996,0.333374,2026-10-03 18:54:59
ps_A063_t177,A063,177,2026-07-08,405227900.0,"[{""stock_code"": ""005930"", ""quantity"": 2823, ""avg_cost"": 309171.3992473486, ""current_price"": 285500.0, ""unrealized_pnl"": -66824360.075265095, ""unrealized_pnl_rate"": -0.07656400076130782}]",1211194400.0,278018760.07526505,0.2111944,2026-10-03 18:54:59
ps_A064_t177,A064,177,2026-07-08,784566000.0,"[{""stock_code"": ""005930"", ""quantity"": 300, ""avg_cost"": 296166.6666666667, ""current_price"": 285500.0, ""unrealized_pnl"": -3200000.0000000056, ""unrealized_pnl_rate"": -0.03601575689364103}]",870216000.0,-126584000.0,-0.129784,2026-10-03 18:54:59
ps_A065_t177,A065,177,2026-07-08,60039400.0,"[{""stock_code"": ""005930"", ""quantity"": 150, ""avg_cost"": 301500.0, ""current_price"": 285500.0, ""unrealized_pnl"": -2400000.0, ""unrealized_pnl_rate"": -0.05306799336650083}]",102864400.0,5264400.00000001,0.028644,2026-10-03 18:54:59
ps_A066_t177,A066,177,2026-07-08,1254242200.0,"[{""stock_code"": ""005930"", ""quantity"": 100, ""avg_cost"": 285500.0, ""current_price"": 285500.0, ""unrealized_pnl"": 0.0, ""unrealized_pnl_rate"": 0.0}]",1282792200.0,282792200.0,0.2827922,2026-10-03 18:54:59
ps_A067_t177,A067,177,2026-07-08,103171800.0,"[{""stock_code"": ""005930"", ""quantity"": 10, ""avg_cost"": 285500.0, ""current_price"": 285500.0, ""unrealized_pnl"": 0.0, ""unrealized_pnl_rate"": 0.0}]",106026800.0,6026800.000000001,0.060268,2026-10-03 18:54:59
ps_A068_t177,A068,177,2026-07-08,1154216600.0,"[{""stock_code"": ""005930"", ""quantity"": 300, ""avg_cost"": 296166.6666666667, ""current_price"": 285500.0, ""unrealized_pnl"": -3200000.0000000056, ""unrealized_pnl_rate"": -0.03601575689364103}]",1239866600.0,243066599.99999994,0.2398666,2026-10-03 18:54:59
ps_A069_t177,A069,177,2026-07-08,273241200.0,"[{""stock_code"": ""005930"", ""quantity"": 2556, ""avg_cost"": 296376.36932707357, ""current_price"": 285500.0, ""unrealized_pnl"": -27800000.000000037, ""unrealized_pnl_rate"": -0.03669782901979839}]",1002979200.0,30779200.00000011,0.0029792,2026-10-03 18:54:59
ps_A070_t177,A070,177,2026-07-08,110734400.0,[],110734400.0,10734400.000000028,0.107344,2026-10-03 18:54:59
ps_A071_t177,A071,177,2026-07-08,76414200.0,"[{""stock_code"": ""005930"", ""quantity"": 203, ""avg_cost"": 299423.7956474479, ""current_price"": 285500.0, ""unrealized_pnl"": -2826530.5164319295, ""unrealized_pnl_rate"": -0.046501967611960585}]",134370700.0,37197230.51643191,0.343707,2026-10-03 18:54:59
ps_A072_t177,A072,177,2026-07-08,280464600.0,"[{""stock_code"": ""005930"", ""quantity"": 2500, ""avg_cost"": 299140.0, ""current_price"": 285500.0, ""unrealized_pnl"": -34100000.0, ""unrealized_pnl_rate"": -0.04559737915357358}]",994214600.0,28314600.000000104,-0.0057854,2026-10-03 18:54:59
ps_A073_t177,A073,177,2026-07-08,109034100.0,"[{""stock_code"": ""005930"", ""quantity"": 1, ""avg_cost"": 285500.0, ""current_price"": 285500.0, ""unrealized_pnl"": 0.0, ""unrealized_pnl_rate"": 0.0}]",109319600.0,9319600.000000002,0.093196,2026-10-03 18:54:59
ps_A074_t177,A074,177,2026-07-08,94536700.0,[],94536700.0,-5463300.000000005,-0.054633,2026-10-03 18:54:59
ps_A075_t177,A075,177,2026-07-08,101217100.0,[],101217100.0,1217100.000000003,0.012171,2026-10-03 18:54:59
ps_A076_t177,A076,177,2026-07-08,396253900.0,"[{""stock_code"": ""005930"", ""quantity"": 3008, ""avg_cost"": 292171.46818883513, ""current_price"": 285500.0, ""unrealized_pnl"": -20067776.31201608, ""unrealized_pnl_rate"": -0.022834085169888167}]",1255037900.0,275105676.312016,0.2550379,2026-10-03 18:54:59
ps_A077_t177,A077,177,2026-07-08,115932700.0,[],115932700.0,15932700.000000022,0.159327,2026-10-03 18:54:59
ps_A078_t177,A078,177,2026-07-08,935608400.0,"[{""stock_code"": ""005930"", ""quantity"": 200, ""avg_cost"": 290750.0, ""current_price"": 285500.0, ""unrealized_pnl"": -1050000.0, ""unrealized_pnl_rate"": -0.018056749785038694}]",992708400.0,-6241599.999999875,-0.0072916,2026-10-03 18:54:59
ps_A079_t177,A079,177,2026-07-08,103423800.0,"[{""stock_code"": ""005930"", ""quantity"": 1, ""avg_cost"": 285500.0, ""current_price"": 285500.0, ""unrealized_pnl"": 0.0, ""unrealized_pnl_rate"": 0.0}]",103709300.0,3709299.9999999953,0.037093,2026-10-03 18:54:59
ps_A080_t177,A080,177,2026-07-08,289371100.0,"[{""stock_code"": ""005930"", ""quantity"": 2850, ""avg_cost"": 301375.43859649124, ""current_price"": 285500.0, ""unrealized_pnl"": -45245000.00000002, ""unrealized_pnl_rate"": -0.05267661714711501}]",1103046100.0,148291100.00000054,0.1030461,2026-10-03 18:54:59
ps_A081_t177,A081,177,2026-07-08,1137888500.0,[],1137888500.0,137888499.99999994,0.1378885,2026-10-03 18:54:59
ps_A082_t177,A082,177,2026-07-08,100136600.0,"[{""stock_code"": ""005930"", ""quantity"": 1, ""avg_cost"": 285500.0, ""current_price"": 285500.0, ""unrealized_pnl"": 0.0, ""unrealized_pnl_rate"": 0.0}]",100422100.0,422100.00000000326,0.004221,2026-10-03 18:54:59
ps_A083_t177,A083,177,2026-07-08,68755400.0,"[{""stock_code"": ""005930"", ""quantity"": 220, ""avg_cost"": 292727.2727272727, ""current_price"": 285500.0, ""unrealized_pnl"": -1589999.9999999953, ""unrealized_pnl_rate"": -0.02468944099378875}]",131565400.0,33155400.000000007,0.315654,2026-10-03 18:54:59
ps_A084_t177,A084,177,2026-07-08,104567100.0,"[{""stock_code"": ""005930"", ""quantity"": 60, ""avg_cost"": 287250.0, ""current_price"": 285500.0, ""unrealized_pnl"": -105000.0, ""unrealized_pnl_rate"": -0.006092254134029591}]",121697100.0,21802099.999999996,0.216971,2026-10-03 18:54:59
ps_A085_t177,A085,177,2026-07-08,139551900.0,[],139551900.0,39551899.99999999,0.395519,2026-10-03 18:54:59
ps_A086_t177,A086,177,2026-07-08,114452100.0,[],114452100.0,14452100.0,0.144521,2026-10-03 18:54:59
ps_A087_t177,A087,177,2026-07-08,62470400.0,"[{""stock_code"": ""005930"", ""quantity"": 136, ""avg_cost"": 292139.70588235295, ""current_price"": 285500.0, ""unrealized_pnl"": -903000.0000000014, ""unrealized_pnl_rate"": -0.022727844755984026}]",101298400.0,2201399.9999999823,0.012984,2026-10-03 18:54:59
ps_A088_t177,A088,177,2026-07-08,104147000.0,"[{""stock_code"": ""005930"", ""quantity"": 10, ""avg_cost"": 285500.0, ""current_price"": 285500.0, ""unrealized_pnl"": 0.0, ""unrealized_pnl_rate"": 0.0}]",107002000.0,7002000.0,0.07002,2026-10-03 18:54:59
ps_A089_t177,A089,177,2026-07-08,1029266000.0,[],1029266000.0,29266000.000000045,0.029266,2026-10-03 18:54:59
ps_A090_t177,A090,177,2026-07-08,1086922800.0,[],1086922800.0,86922799.99999961,0.0869228,2026-10-03 18:54:59
ps_A091_t177,A091,177,2026-07-08,1251129700.0,"[{""stock_code"": ""005930"", ""quantity"": 100, ""avg_cost"": 285500.0, ""current_price"": 285500.0, ""unrealized_pnl"": 0.0, ""unrealized_pnl_rate"": 0.0}]",1279679700.0,279679700.0000001,0.2796797,2026-10-03 18:54:59
ps_A092_t177,A092,177,2026-07-08,104640200.0,"[{""stock_code"": ""005930"", ""quantity"": 20, ""avg_cost"": 290750.0, ""current_price"": 285500.0, ""unrealized_pnl"": -105000.0, ""unrealized_pnl_rate"": -0.018056749785038694}]",110350200.0,10455199.999999994,0.103502,2026-10-03 18:54:59
ps_A093_t177,A093,177,2026-07-08,162433900.0,"[{""stock_code"": ""005930"", ""quantity"": 3410, ""avg_cost"": 307626.83284457476, ""current_price"": 285500.0, ""unrealized_pnl"": -75452499.99999994, ""unrealized_pnl_rate"": -0.07192751243437244}]",1135988900.0,211441400.00000012,0.1359889,2026-10-03 18:54:59
ps_A094_t177,A094,177,2026-07-08,109426800.0,[],109426800.0,9426800.000000006,0.094268,2026-10-03 18:54:59
ps_A095_t177,A095,177,2026-07-08,107348400.0,"[{""stock_code"": ""005930"", ""quantity"": 30, ""avg_cost"": 296166.6666666667, ""current_price"": 285500.0, ""unrealized_pnl"": -320000.0000000006, ""unrealized_pnl_rate"": -0.03601575689364103}]",115913400.0,16233399.999999996,0.159134,2026-10-03 18:54:59
ps_A096_t177,A096,177,2026-07-08,106754600.0,[],106754600.0,6754599.9999999935,0.067546,2026-10-03 18:54:59
ps_A097_t177,A097,177,2026-07-08,1044585900.0,"[{""stock_code"": ""005930"", ""quantity"": 3, ""avg_cost"": 296166.6666666667, ""current_price"": 285500.0, ""unrealized_pnl"": -32000.00000000006, ""unrealized_pnl_rate"": -0.03601575689364103}]",1045442400.0,45474400.00000002,0.0454424,2026-10-03 18:54:59
ps_A098_t177,A098,177,2026-07-08,107325200.0,"[{""stock_code"": ""005930"", ""quantity"": 40, ""avg_cost"": 301625.0, ""current_price"": 285500.0, ""unrealized_pnl"": -645000.0, ""unrealized_pnl_rate"": -0.0534604227103191}]",118745200.0,19390199.999999985,0.187452,2026-10-03 18:54:59
ps_A099_t177,A099,177,2026-07-08,821500900.0,"[{""stock_code"": ""005930"", ""quantity"": 500, ""avg_cost"": 305300.0, ""current_price"": 285500.0, ""unrealized_pnl"": -9900000.0, ""unrealized_pnl_rate"": -0.06485424172944644}]",964250900.0,-25849099.999999896,-0.0357491,2026-10-03 18:54:59
ps_A100_t177,A100,177,2026-07-08,42605400.0,"[{""stock_code"": ""005930"", ""quantity"": 214, ""avg_cost"": 298686.91588785045, ""current_price"": 285500.0, ""unrealized_pnl"": -2821999.999999997, ""unrealized_pnl_rate"": -0.04414962687150921}]",103702400.0,6524399.999999978,0.037024,2026-10-03 18:54:59
