run_id,date,turn,agent_id,best_posts_count,posts_read_count,candidate_posts_seen_count,community_thinking,best_posts_json,posts_read_json,candidate_posts_seen_json
offline_neutral_skip_e2e_20260918,2026-02-27,2,A001,0,0,0,,[],[],[]
offline_neutral_skip_e2e_20260918,2026-02-27,2,A002,0,0,0,,[],[],[]
offline_neutral_skip_e2e_20260918,2026-02-27,2,A003,0,0,0,,[],[],[]
offline_neutral_skip_e2e_20260918,2026-02-27,2,A004,0,0,0,,[],[],[]
offline_neutral_skip_e2e_20260918,2026-02-27,2,A005,0,0,0,,[],[],[]
offline_neutral_skip_e2e_20260918,2026-02-27,2,A006,0,0,0,,[],[],[]
offline_neutral_skip_e2e_20260918,2026-02-27,2,A007,0,0,0,,[],[],[]
offline_neutral_skip_e2e_20260918,2026-03-03,4,A001,0,0,0,,[],[],[]
offline_neutral_skip_e2e_20260918,2026-03-03,4,A002,0,0,0,,[],[],[]
offline_neutral_skip_e2e_20260918,2026-03-03,4,A003,0,0,0,,[],[],[]
offline_neutral_skip_e2e_20260918,2026-03-03,4,A004,0,0,0,,[],[],[]
offline_neutral_skip_e2e_20260918,2026-03-03,4,A005,0,0,0,,[],[],[]
offline_neutral_skip_e2e_20260918,2026-03-03,4,A006,0,0,0,,[],[],[]
offline_neutral_skip_e2e_20260918,2026-03-03,4,A007,0,0,0,,[],[],[]
offline_neutral_skip_e2e_20260918,2026-03-04,6,A001,0,0,0,,[],[],[]
offline_neutral_skip_e2e_20260918,2026-03-04,6,A002,0,0,0,,[],[],[]
offline_neutral_skip_e2e_20260918,2026-03-04,6,A003,0,0,0,,[],[],[]
offline_neutral_skip_e2e_20260918,2026-03-04,6,A004,0,0,0,,[],[],[]
offline_neutral_skip_e2e_20260918,2026-03-04,6,A005,0,0,0,,[],[],[]
offline_neutral_skip_e2e_20260918,2026-03-04,6,A006,0,0,0,,[],[],[]
offline_neutral_skip_e2e_20260918,2026-03-04,6,A007,0,0,0,,[],[],[]
offline_neutral_skip_e2e_20260918,2026-03-05,8,A001,0,0,0,,[],[],[]
offline_neutral_skip_e2e_20260918,2026-03-05,8,A002,0,0,0,,[],[],[]
offline_neutral_skip_e2e_20260918,2026-03-05,8,A003,0,0,0,,[],[],[]
offline_neutral_skip_e2e_20260918,2026-03-05,8,A004,0,0,0,,[],[],[]
offline_neutral_skip_e2e_20260918,2026-03-05,8,A005,0,0,0,,[],[],[]
offline_neutral_skip_e2e_20260918,2026-03-05,8,A006,0,0,0,,[],[],[]
offline_neutral_skip_e2e_20260918,2026-03-05,8,A007,0,0,0,,[],[],[]
offline_neutral_skip_e2e_20260918,2026-03-06,10,A001,0,0,0,,[],[],[]
offline_neutral_skip_e2e_20260918,2026-03-06,10,A002,0,0,0,,[],[],[]
offline_neutral_skip_e2e_20260918,2026-03-06,10,A003,0,0,0,,[],[],[]
offline_neutral_skip_e2e_20260918,2026-03-06,10,A004,0,0,0,,[],[],[]
offline_neutral_skip_e2e_20260918,2026-03-06,10,A005,0,0,0,,[],[],[]
offline_neutral_skip_e2e_20260918,2026-03-06,10,A006,0,0,0,,[],[],[]
offline_neutral_skip_e2e_20260918,2026-03-06,10,A007,0,0,0,,[],[],[]
offline_neutral_skip_e2e_20260918,2026-03-09,12,A001,0,0,0,,[],[],[]
offline_neutral_skip_e2e_20260918,2026-03-09,12,A002,0,0,0,,[],[],[]
offline_neutral_skip_e2e_20260918,2026-03-09,12,A003,0,0,0,,[],[],[]
offline_neutral_skip_e2e_20260918,2026-03-09,12,A004,0,0,0,,[],[],[]
offline_neutral_skip_e2e_20260918,2026-03-09,12,A005,0,0,0,,[],[],[]
offline_neutral_skip_e2e_20260918,2026-03-09,12,A006,0,0,0,,[],[],[]
offline_neutral_skip_e2e_20260918,2026-03-09,12,A007,0,0,0,,[],[],[]
offline_neutral_skip_e2e_20260918,2026-03-10,14,A001,0,0,0,,[],[],[]
offline_neutral_skip_e2e_20260918,2026-03-10,14,A002,0,0,0,,[],[],[]
offline_neutral_skip_e2e_20260918,2026-03-10,14,A003,0,0,0,,[],[],[]
offline_neutral_skip_e2e_20260918,2026-03-10,14,A004,0,0,0,,[],[],[]
offline_neutral_skip_e2e_20260918,2026-03-10,14,A005,0,0,0,,[],[],[]
offline_neutral_skip_e2e_20260918,2026-03-10,14,A006,0,0,0,,[],[],[]
offline_neutral_skip_e2e_20260918,2026-03-10,14,A007,0,0,0,,[],[],[]
offline_neutral_skip_e2e_20260918,2026-03-11,16,A001,0,0,0,,[],[],[]
offline_neutral_skip_e2e_20260918,2026-03-11,16,A002,0,0,0,,[],[],[]
offline_neutral_skip_e2e_20260918,2026-03-11,16,A003,0,0,0,,[],[],[]
offline_neutral_skip_e2e_20260918,2026-03-11,16,A004,0,0,0,,[],[],[]
offline_neutral_skip_e2e_20260918,2026-03-11,16,A005,0,0,0,,[],[],[]
offline_neutral_skip_e2e_20260918,2026-03-11,16,A006,0,0,0,,[],[],[]
offline_neutral_skip_e2e_20260918,2026-03-11,16,A007,0,0,0,,[],[],[]
offline_neutral_skip_e2e_20260918,2026-03-12,18,A001,0,0,0,,[],[],[]
offline_neutral_skip_e2e_20260918,2026-03-12,18,A002,0,0,0,,[],[],[]
offline_neutral_skip_e2e_20260918,2026-03-12,18,A003,0,0,0,,[],[],[]
offline_neutral_skip_e2e_20260918,2026-03-12,18,A004,0,0,0,,[],[],[]
offline_neutral_skip_e2e_20260918,2026-03-12,18,A005,0,0,0,,[],[],[]
offline_neutral_skip_e2e_20260918,2026-03-12,18,A006,0,0,0,,[],[],[]
offline_neutral_skip_e2e_20260918,2026-03-12,18,A007,0,0,0,,[],[],[]
offline_neutral_skip_e2e_20260918,2026-03-13,20,A001,0,0,0,,[],[],[]
offline_neutral_skip_e2e_20260918,2026-03-13,20,A002,0,0,0,,[],[],[]
offline_neutral_skip_e2e_20260918,2026-03-13,20,A003,0,0,0,,[],[],[]
offline_neutral_skip_e2e_20260918,2026-03-13,20,A004,0,0,0,,[],[],[]
offline_neutral_skip_e2e_20260918,2026-03-13,20,A005,0,0,0,,[],[],[]
offline_neutral_skip_e2e_20260918,2026-03-13,20,A006,0,0,0,,[],[],[]
offline_neutral_skip_e2e_20260918,2026-03-13,20,A007,0,0,0,,[],[],[]
offline_neutral_skip_e2e_20260918,2026-03-16,22,A001,0,0,0,,[],[],[]
offline_neutral_skip_e2e_20260918,2026-03-16,22,A002,0,0,0,,[],[],[]
offline_neutral_skip_e2e_20260918,2026-03-16,22,A003,0,0,0,,[],[],[]
offline_neutral_skip_e2e_20260918,2026-03-16,22,A004,0,0,0,,[],[],[]
offline_neutral_skip_e2e_20260918,2026-03-16,22,A005,0,0,0,,[],[],[]
offline_neutral_skip_e2e_20260918,2026-03-16,22,A006,0,0,0,,[],[],[]
offline_neutral_skip_e2e_20260918,2026-03-16,22,A007,0,0,0,,[],[],[]
offline_neutral_skip_e2e_20260918,2026-03-17,24,A001,0,0,0,,[],[],[]
offline_neutral_skip_e2e_20260918,2026-03-17,24,A002,0,0,0,,[],[],[]
offline_neutral_skip_e2e_20260918,2026-03-17,24,A003,0,0,0,,[],[],[]
offline_neutral_skip_e2e_20260918,2026-03-17,24,A004,0,0,0,,[],[],[]
offline_neutral_skip_e2e_20260918,2026-03-17,24,A005,0,0,0,,[],[],[]
offline_neutral_skip_e2e_20260918,2026-03-17,24,A006,0,0,0,,[],[],[]
offline_neutral_skip_e2e_20260918,2026-03-17,24,A007,0,0,0,,[],[],[]
offline_neutral_skip_e2e_20260918,2026-03-18,26,A001,0,0,0,,[],[],[]
offline_neutral_skip_e2e_20260918,2026-03-18,26,A002,0,0,0,,[],[],[]
offline_neutral_skip_e2e_20260918,2026-03-18,26,A003,0,0,0,,[],[],[]
offline_neutral_skip_e2e_20260918,2026-03-18,26,A004,0,0,0,,[],[],[]
offline_neutral_skip_e2e_20260918,2026-03-18,26,A005,0,0,0,,[],[],[]
offline_neutral_skip_e2e_20260918,2026-03-18,26,A006,0,0,0,,[],[],[]
offline_neutral_skip_e2e_20260918,2026-03-18,26,A007,0,0,0,,[],[],[]
offline_neutral_skip_e2e_20260918,2026-03-19,28,A001,0,0,0,,[],[],[]
offline_neutral_skip_e2e_20260918,2026-03-19,28,A002,0,0,0,,[],[],[]
offline_neutral_skip_e2e_20260918,2026-03-19,28,A003,0,0,0,,[],[],[]
offline_neutral_skip_e2e_20260918,2026-03-19,28,A004,0,0,0,,[],[],[]
offline_neutral_skip_e2e_20260918,2026-03-19,28,A005,0,0,0,,[],[],[]
offline_neutral_skip_e2e_20260918,2026-03-19,28,A006,0,0,0,,[],[],[]
offline_neutral_skip_e2e_20260918,2026-03-19,28,A007,0,0,0,,[],[],[]
offline_neutral_skip_e2e_20260918,2026-03-20,30,A001,0,0,0,,[],[],[]
offline_neutral_skip_e2e_20260918,2026-03-20,30,A002,0,0,0,,[],[],[]
offline_neutral_skip_e2e_20260918,2026-03-20,30,A003,0,0,0,,[],[],[]
offline_neutral_skip_e2e_20260918,2026-03-20,30,A004,0,0,0,,[],[],[]
offline_neutral_skip_e2e_20260918,2026-03-20,30,A005,0,0,0,,[],[],[]
offline_neutral_skip_e2e_20260918,2026-03-20,30,A006,0,0,0,,[],[],[]
offline_neutral_skip_e2e_20260918,2026-03-20,30,A007,0,0,0,,[],[],[]
offline_neutral_skip_e2e_20260918,2026-03-23,32,A001,0,0,0,,[],[],[]
offline_neutral_skip_e2e_20260918,2026-03-23,32,A002,0,0,0,,[],[],[]
offline_neutral_skip_e2e_20260918,2026-03-23,32,A003,0,0,0,,[],[],[]
offline_neutral_skip_e2e_20260918,2026-03-23,32,A004,0,0,0,,[],[],[]
offline_neutral_skip_e2e_20260918,2026-03-23,32,A005,0,0,0,,[],[],[]
offline_neutral_skip_e2e_20260918,2026-03-23,32,A006,0,0,0,,[],[],[]
offline_neutral_skip_e2e_20260918,2026-03-23,32,A007,0,0,0,,[],[],[]
offline_neutral_skip_e2e_20260918,2026-03-24,34,A001,0,0,0,,[],[],[]
offline_neutral_skip_e2e_20260918,2026-03-24,34,A002,0,0,0,,[],[],[]
offline_neutral_skip_e2e_20260918,2026-03-24,34,A003,0,0,0,,[],[],[]
offline_neutral_skip_e2e_20260918,2026-03-24,34,A004,0,0,0,,[],[],[]
offline_neutral_skip_e2e_20260918,2026-03-24,34,A005,0,0,0,,[],[],[]
offline_neutral_skip_e2e_20260918,2026-03-24,34,A006,0,0,0,,[],[],[]
offline_neutral_skip_e2e_20260918,2026-03-24,34,A007,0,0,0,,[],[],[]
offline_neutral_skip_e2e_20260918,2026-03-25,36,A001,0,0,0,,[],[],[]
offline_neutral_skip_e2e_20260918,2026-03-25,36,A002,0,0,0,,[],[],[]
offline_neutral_skip_e2e_20260918,2026-03-25,36,A003,0,0,0,,[],[],[]
offline_neutral_skip_e2e_20260918,2026-03-25,36,A004,0,0,0,,[],[],[]
offline_neutral_skip_e2e_20260918,2026-03-25,36,A005,0,0,0,,[],[],[]
offline_neutral_skip_e2e_20260918,2026-03-25,36,A006,0,0,0,,[],[],[]
offline_neutral_skip_e2e_20260918,2026-03-25,36,A007,0,0,0,,[],[],[]
offline_neutral_skip_e2e_20260918,2026-03-26,38,A001,0,0,0,,[],[],[]
offline_neutral_skip_e2e_20260918,2026-03-26,38,A002,0,0,0,,[],[],[]
offline_neutral_skip_e2e_20260918,2026-03-26,38,A003,0,0,0,,[],[],[]
offline_neutral_skip_e2e_20260918,2026-03-26,38,A004,0,0,0,,[],[],[]
offline_neutral_skip_e2e_20260918,2026-03-26,38,A005,0,0,0,,[],[],[]
offline_neutral_skip_e2e_20260918,2026-03-26,38,A006,0,0,0,,[],[],[]
offline_neutral_skip_e2e_20260918,2026-03-26,38,A007,0,0,0,,[],[],[]
offline_neutral_skip_e2e_20260918,2026-03-27,40,A001,0,0,0,,[],[],[]
offline_neutral_skip_e2e_20260918,2026-03-27,40,A002,0,0,0,,[],[],[]
offline_neutral_skip_e2e_20260918,2026-03-27,40,A003,0,0,0,,[],[],[]
offline_neutral_skip_e2e_20260918,2026-03-27,40,A004,0,0,0,,[],[],[]
offline_neutral_skip_e2e_20260918,2026-03-27,40,A005,0,0,0,,[],[],[]
offline_neutral_skip_e2e_20260918,2026-03-27,40,A006,0,0,0,,[],[],[]
offline_neutral_skip_e2e_20260918,2026-03-27,40,A007,0,0,0,,[],[],[]
offline_neutral_skip_e2e_20260918,2026-03-30,42,A001,0,0,0,,[],[],[]
offline_neutral_skip_e2e_20260918,2026-03-30,42,A002,0,0,0,,[],[],[]
offline_neutral_skip_e2e_20260918,2026-03-30,42,A003,0,0,0,,[],[],[]
offline_neutral_skip_e2e_20260918,2026-03-30,42,A004,0,0,0,,[],[],[]
offline_neutral_skip_e2e_20260918,2026-03-30,42,A005,0,0,0,,[],[],[]
offline_neutral_skip_e2e_20260918,2026-03-30,42,A006,0,0,0,,[],[],[]
offline_neutral_skip_e2e_20260918,2026-03-30,42,A007,0,0,0,,[],[],[]
offline_neutral_skip_e2e_20260918,2026-03-31,44,A001,0,0,0,,[],[],[]
offline_neutral_skip_e2e_20260918,2026-03-31,44,A002,0,0,0,,[],[],[]
offline_neutral_skip_e2e_20260918,2026-03-31,44,A003,0,0,0,,[],[],[]
offline_neutral_skip_e2e_20260918,2026-03-31,44,A004,0,0,0,,[],[],[]
offline_neutral_skip_e2e_20260918,2026-03-31,44,A005,0,0,0,,[],[],[]
offline_neutral_skip_e2e_20260918,2026-03-31,44,A006,0,0,0,,[],[],[]
offline_neutral_skip_e2e_20260918,2026-03-31,44,A007,0,0,0,,[],[],[]
offline_neutral_skip_e2e_20260918,2026-04-01,46,A001,0,0,0,,[],[],[]
offline_neutral_skip_e2e_20260918,2026-04-01,46,A002,0,0,0,,[],[],[]
offline_neutral_skip_e2e_20260918,2026-04-01,46,A003,0,0,0,,[],[],[]
offline_neutral_skip_e2e_20260918,2026-04-01,46,A004,0,0,0,,[],[],[]
offline_neutral_skip_e2e_20260918,2026-04-01,46,A005,0,0,0,,[],[],[]
offline_neutral_skip_e2e_20260918,2026-04-01,46,A006,0,0,0,,[],[],[]
offline_neutral_skip_e2e_20260918,2026-04-01,46,A007,0,0,0,,[],[],[]
offline_neutral_skip_e2e_20260918,2026-04-02,48,A001,0,0,0,,[],[],[]
offline_neutral_skip_e2e_20260918,2026-04-02,48,A002,0,0,0,,[],[],[]
offline_neutral_skip_e2e_20260918,2026-04-02,48,A003,0,0,0,,[],[],[]
offline_neutral_skip_e2e_20260918,2026-04-02,48,A004,0,0,0,,[],[],[]
offline_neutral_skip_e2e_20260918,2026-04-02,48,A005,0,0,0,,[],[],[]
offline_neutral_skip_e2e_20260918,2026-04-02,48,A006,0,0,0,,[],[],[]
offline_neutral_skip_e2e_20260918,2026-04-02,48,A007,0,0,0,,[],[],[]
offline_neutral_skip_e2e_20260918,2026-04-03,50,A001,0,0,0,,[],[],[]
offline_neutral_skip_e2e_20260918,2026-04-03,50,A002,0,0,0,,[],[],[]
offline_neutral_skip_e2e_20260918,2026-04-03,50,A003,0,0,0,,[],[],[]
offline_neutral_skip_e2e_20260918,2026-04-03,50,A004,0,0,0,,[],[],[]
offline_neutral_skip_e2e_20260918,2026-04-03,50,A005,0,0,0,,[],[],[]
offline_neutral_skip_e2e_20260918,2026-04-03,50,A006,0,0,0,,[],[],[]
offline_neutral_skip_e2e_20260918,2026-04-03,50,A007,0,0,0,,[],[],[]
offline_neutral_skip_e2e_20260918,2026-04-06,52,A001,0,0,0,,[],[],[]
offline_neutral_skip_e2e_20260918,2026-04-06,52,A002,0,0,0,,[],[],[]
offline_neutral_skip_e2e_20260918,2026-04-06,52,A003,0,0,0,,[],[],[]
offline_neutral_skip_e2e_20260918,2026-04-06,52,A004,0,0,0,,[],[],[]
offline_neutral_skip_e2e_20260918,2026-04-06,52,A005,0,0,0,,[],[],[]
offline_neutral_skip_e2e_20260918,2026-04-06,52,A006,0,0,0,,[],[],[]
offline_neutral_skip_e2e_20260918,2026-04-06,52,A007,0,0,0,,[],[],[]
offline_neutral_skip_e2e_20260918,2026-04-07,54,A001,0,0,0,,[],[],[]
offline_neutral_skip_e2e_20260918,2026-04-07,54,A002,0,0,0,,[],[],[]
offline_neutral_skip_e2e_20260918,2026-04-07,54,A003,0,0,0,,[],[],[]
offline_neutral_skip_e2e_20260918,2026-04-07,54,A004,0,0,0,,[],[],[]
offline_neutral_skip_e2e_20260918,2026-04-07,54,A005,0,0,0,,[],[],[]
offline_neutral_skip_e2e_20260918,2026-04-07,54,A006,0,0,0,,[],[],[]
offline_neutral_skip_e2e_20260918,2026-04-07,54,A007,0,0,0,,[],[],[]
offline_neutral_skip_e2e_20260918,2026-04-08,56,A001,0,0,0,,[],[],[]
offline_neutral_skip_e2e_20260918,2026-04-08,56,A002,0,0,0,,[],[],[]
offline_neutral_skip_e2e_20260918,2026-04-08,56,A003,0,0,0,,[],[],[]
offline_neutral_skip_e2e_20260918,2026-04-08,56,A004,0,0,0,,[],[],[]
offline_neutral_skip_e2e_20260918,2026-04-08,56,A005,0,0,0,,[],[],[]
offline_neutral_skip_e2e_20260918,2026-04-08,56,A006,0,0,0,,[],[],[]
offline_neutral_skip_e2e_20260918,2026-04-08,56,A007,0,0,0,,[],[],[]
offline_neutral_skip_e2e_20260918,2026-04-09,58,A001,0,0,0,,[],[],[]
offline_neutral_skip_e2e_20260918,2026-04-09,58,A002,0,0,0,,[],[],[]
offline_neutral_skip_e2e_20260918,2026-04-09,58,A003,0,0,0,,[],[],[]
offline_neutral_skip_e2e_20260918,2026-04-09,58,A004,0,0,0,,[],[],[]
offline_neutral_skip_e2e_20260918,2026-04-09,58,A005,0,0,0,,[],[],[]
offline_neutral_skip_e2e_20260918,2026-04-09,58,A006,0,0,0,,[],[],[]
offline_neutral_skip_e2e_20260918,2026-04-09,58,A007,0,0,0,,[],[],[]
offline_neutral_skip_e2e_20260918,2026-04-10,60,A001,0,0,0,,[],[],[]
offline_neutral_skip_e2e_20260918,2026-04-10,60,A002,0,0,0,,[],[],[]
offline_neutral_skip_e2e_20260918,2026-04-10,60,A003,0,0,0,,[],[],[]
offline_neutral_skip_e2e_20260918,2026-04-10,60,A004,0,0,0,,[],[],[]
offline_neutral_skip_e2e_20260918,2026-04-10,60,A005,0,0,0,,[],[],[]
offline_neutral_skip_e2e_20260918,2026-04-10,60,A006,0,0,0,,[],[],[]
offline_neutral_skip_e2e_20260918,2026-04-10,60,A007,0,0,0,,[],[],[]
offline_neutral_skip_e2e_20260918,2026-04-13,62,A001,0,0,0,,[],[],[]
offline_neutral_skip_e2e_20260918,2026-04-13,62,A002,0,0,0,,[],[],[]
offline_neutral_skip_e2e_20260918,2026-04-13,62,A003,0,0,0,,[],[],[]
offline_neutral_skip_e2e_20260918,2026-04-13,62,A004,0,0,0,,[],[],[]
offline_neutral_skip_e2e_20260918,2026-04-13,62,A005,0,0,0,,[],[],[]
offline_neutral_skip_e2e_20260918,2026-04-13,62,A006,0,0,0,,[],[],[]
offline_neutral_skip_e2e_20260918,2026-04-13,62,A007,0,0,0,,[],[],[]
offline_neutral_skip_e2e_20260918,2026-04-14,64,A001,0,0,0,,[],[],[]
offline_neutral_skip_e2e_20260918,2026-04-14,64,A002,0,0,0,,[],[],[]
offline_neutral_skip_e2e_20260918,2026-04-14,64,A003,0,0,0,,[],[],[]
offline_neutral_skip_e2e_20260918,2026-04-14,64,A004,0,0,0,,[],[],[]
offline_neutral_skip_e2e_20260918,2026-04-14,64,A005,0,0,0,,[],[],[]
offline_neutral_skip_e2e_20260918,2026-04-14,64,A006,0,0,0,,[],[],[]
offline_neutral_skip_e2e_20260918,2026-04-14,64,A007,0,0,0,,[],[],[]
offline_neutral_skip_e2e_20260918,2026-04-15,66,A001,0,0,0,,[],[],[]
offline_neutral_skip_e2e_20260918,2026-04-15,66,A002,0,0,0,,[],[],[]
offline_neutral_skip_e2e_20260918,2026-04-15,66,A003,0,0,0,,[],[],[]
offline_neutral_skip_e2e_20260918,2026-04-15,66,A004,0,0,0,,[],[],[]
offline_neutral_skip_e2e_20260918,2026-04-15,66,A005,0,0,0,,[],[],[]
offline_neutral_skip_e2e_20260918,2026-04-15,66,A006,0,0,0,,[],[],[]
offline_neutral_skip_e2e_20260918,2026-04-15,66,A007,0,0,0,,[],[],[]
offline_neutral_skip_e2e_20260918,2026-04-16,68,A001,0,0,0,,[],[],[]
offline_neutral_skip_e2e_20260918,2026-04-16,68,A002,0,0,0,,[],[],[]
offline_neutral_skip_e2e_20260918,2026-04-16,68,A003,0,0,0,,[],[],[]
offline_neutral_skip_e2e_20260918,2026-04-16,68,A004,0,0,0,,[],[],[]
offline_neutral_skip_e2e_20260918,2026-04-16,68,A005,0,0,0,,[],[],[]
offline_neutral_skip_e2e_20260918,2026-04-16,68,A006,0,0,0,,[],[],[]
offline_neutral_skip_e2e_20260918,2026-04-16,68,A007,0,0,0,,[],[],[]
offline_neutral_skip_e2e_20260918,2026-04-17,70,A001,0,0,0,,[],[],[]
offline_neutral_skip_e2e_20260918,2026-04-17,70,A002,0,0,0,,[],[],[]
offline_neutral_skip_e2e_20260918,2026-04-17,70,A003,0,0,0,,[],[],[]
offline_neutral_skip_e2e_20260918,2026-04-17,70,A004,0,0,0,,[],[],[]
offline_neutral_skip_e2e_20260918,2026-04-17,70,A005,0,0,0,,[],[],[]
offline_neutral_skip_e2e_20260918,2026-04-17,70,A006,0,0,0,,[],[],[]
offline_neutral_skip_e2e_20260918,2026-04-17,70,A007,0,0,0,,[],[],[]
offline_neutral_skip_e2e_20260918,2026-04-20,72,A001,0,0,0,,[],[],[]
offline_neutral_skip_e2e_20260918,2026-04-20,72,A002,0,0,0,,[],[],[]
offline_neutral_skip_e2e_20260918,2026-04-20,72,A003,0,0,0,,[],[],[]
offline_neutral_skip_e2e_20260918,2026-04-20,72,A004,0,0,0,,[],[],[]
offline_neutral_skip_e2e_20260918,2026-04-20,72,A005,0,0,0,,[],[],[]
offline_neutral_skip_e2e_20260918,2026-04-20,72,A006,0,0,0,,[],[],[]
offline_neutral_skip_e2e_20260918,2026-04-20,72,A007,0,0,0,,[],[],[]
offline_neutral_skip_e2e_20260918,2026-04-21,74,A001,0,0,0,,[],[],[]
offline_neutral_skip_e2e_20260918,2026-04-21,74,A002,0,0,0,,[],[],[]
offline_neutral_skip_e2e_20260918,2026-04-21,74,A003,0,0,0,,[],[],[]
offline_neutral_skip_e2e_20260918,2026-04-21,74,A004,0,0,0,,[],[],[]
offline_neutral_skip_e2e_20260918,2026-04-21,74,A005,0,0,0,,[],[],[]
offline_neutral_skip_e2e_20260918,2026-04-21,74,A006,0,0,0,,[],[],[]
offline_neutral_skip_e2e_20260918,2026-04-21,74,A007,0,0,0,,[],[],[]
offline_neutral_skip_e2e_20260918,2026-04-22,76,A001,0,0,0,,[],[],[]
offline_neutral_skip_e2e_20260918,2026-04-22,76,A002,0,0,0,,[],[],[]
offline_neutral_skip_e2e_20260918,2026-04-22,76,A003,0,0,0,,[],[],[]
offline_neutral_skip_e2e_20260918,2026-04-22,76,A004,0,0,0,,[],[],[]
offline_neutral_skip_e2e_20260918,2026-04-22,76,A005,0,0,0,,[],[],[]
offline_neutral_skip_e2e_20260918,2026-04-22,76,A006,0,0,0,,[],[],[]
offline_neutral_skip_e2e_20260918,2026-04-22,76,A007,0,0,0,,[],[],[]
offline_neutral_skip_e2e_20260918,2026-04-23,78,A001,0,0,0,,[],[],[]
offline_neutral_skip_e2e_20260918,2026-04-23,78,A002,0,0,0,,[],[],[]
offline_neutral_skip_e2e_20260918,2026-04-23,78,A003,0,0,0,,[],[],[]
offline_neutral_skip_e2e_20260918,2026-04-23,78,A004,0,0,0,,[],[],[]
offline_neutral_skip_e2e_20260918,2026-04-23,78,A005,0,0,0,,[],[],[]
offline_neutral_skip_e2e_20260918,2026-04-23,78,A006,0,0,0,,[],[],[]
offline_neutral_skip_e2e_20260918,2026-04-23,78,A007,0,0,0,,[],[],[]
offline_neutral_skip_e2e_20260918,2026-04-24,80,A001,0,0,0,,[],[],[]
offline_neutral_skip_e2e_20260918,2026-04-24,80,A002,0,0,0,,[],[],[]
offline_neutral_skip_e2e_20260918,2026-04-24,80,A003,0,0,0,,[],[],[]
offline_neutral_skip_e2e_20260918,2026-04-24,80,A004,0,0,0,,[],[],[]
offline_neutral_skip_e2e_20260918,2026-04-24,80,A005,0,0,0,,[],[],[]
offline_neutral_skip_e2e_20260918,2026-04-24,80,A006,0,0,0,,[],[],[]
offline_neutral_skip_e2e_20260918,2026-04-24,80,A007,0,0,0,,[],[],[]
offline_neutral_skip_e2e_20260918,2026-04-27,82,A001,0,0,0,,[],[],[]
offline_neutral_skip_e2e_20260918,2026-04-27,82,A002,0,0,0,,[],[],[]
offline_neutral_skip_e2e_20260918,2026-04-27,82,A003,0,0,0,,[],[],[]
offline_neutral_skip_e2e_20260918,2026-04-27,82,A004,0,0,0,,[],[],[]
offline_neutral_skip_e2e_20260918,2026-04-27,82,A005,0,0,0,,[],[],[]
offline_neutral_skip_e2e_20260918,2026-04-27,82,A006,0,0,0,,[],[],[]
offline_neutral_skip_e2e_20260918,2026-04-27,82,A007,0,0,0,,[],[],[]
offline_neutral_skip_e2e_20260918,2026-04-28,84,A001,0,0,0,,[],[],[]
offline_neutral_skip_e2e_20260918,2026-04-28,84,A002,0,0,0,,[],[],[]
offline_neutral_skip_e2e_20260918,2026-04-28,84,A003,0,0,0,,[],[],[]
offline_neutral_skip_e2e_20260918,2026-04-28,84,A004,0,0,0,,[],[],[]
offline_neutral_skip_e2e_20260918,2026-04-28,84,A005,0,0,0,,[],[],[]
offline_neutral_skip_e2e_20260918,2026-04-28,84,A006,0,0,0,,[],[],[]
offline_neutral_skip_e2e_20260918,2026-04-28,84,A007,0,0,0,,[],[],[]
offline_neutral_skip_e2e_20260918,2026-04-29,86,A001,0,0,0,,[],[],[]
offline_neutral_skip_e2e_20260918,2026-04-29,86,A002,0,0,0,,[],[],[]
offline_neutral_skip_e2e_20260918,2026-04-29,86,A003,0,0,0,,[],[],[]
offline_neutral_skip_e2e_20260918,2026-04-29,86,A004,0,0,0,,[],[],[]
offline_neutral_skip_e2e_20260918,2026-04-29,86,A005,0,0,0,,[],[],[]
offline_neutral_skip_e2e_20260918,2026-04-29,86,A006,0,0,0,,[],[],[]
offline_neutral_skip_e2e_20260918,2026-04-29,86,A007,0,0,0,,[],[],[]
offline_neutral_skip_e2e_20260918,2026-04-30,88,A001,0,0,0,,[],[],[]
offline_neutral_skip_e2e_20260918,2026-04-30,88,A002,0,0,0,,[],[],[]
offline_neutral_skip_e2e_20260918,2026-04-30,88,A003,0,0,0,,[],[],[]
offline_neutral_skip_e2e_20260918,2026-04-30,88,A004,0,0,0,,[],[],[]
offline_neutral_skip_e2e_20260918,2026-04-30,88,A005,0,0,0,,[],[],[]
offline_neutral_skip_e2e_20260918,2026-04-30,88,A006,0,0,0,,[],[],[]
offline_neutral_skip_e2e_20260918,2026-04-30,88,A007,0,0,0,,[],[],[]
offline_neutral_skip_e2e_20260918,2026-05-04,90,A001,0,0,0,,[],[],[]
offline_neutral_skip_e2e_20260918,2026-05-04,90,A002,0,0,0,,[],[],[]
offline_neutral_skip_e2e_20260918,2026-05-04,90,A003,0,0,0,,[],[],[]
offline_neutral_skip_e2e_20260918,2026-05-04,90,A004,0,0,0,,[],[],[]
offline_neutral_skip_e2e_20260918,2026-05-04,90,A005,0,0,0,,[],[],[]
offline_neutral_skip_e2e_20260918,2026-05-04,90,A006,0,0,0,,[],[],[]
offline_neutral_skip_e2e_20260918,2026-05-04,90,A007,0,0,0,,[],[],[]
